test_protein_id,category,max_retained_identity,retained_hit_count,max_identity_target_id,selected_alignment_bitscore,selected_alignment_query_coverage_fraction,selected_alignment_query_coverage_percent,selected_alignment_evalue,selected_alignment_qstart,selected_alignment_qend,selected_alignment_sstart,selected_alignment_send,selected_alignment_length,selected_alignment_query_length,selected_alignment_target_length
5LA7-A,identity_ge95,100.0,1,5E9C-A,781.0,0.758,75.8,3.17e-287,,,,,386,509,389
3KER-A,identity_30_lt40,31.6,2,3RF5-A,72.0,0.9740000000000001,97.4,1.03e-17,,,,,114,117,116
4AXG-A,identity_ge95,100.0,1,4UEC-A,378.0,0.726,72.6,1.85e-135,,,,,180,248,184
3B96-A,identity_30_lt40,35.1,1,6ES9-A,180.0,0.595,59.5,9.42e-50,,,,,359,587,551
5VOY-O,identity_ge95,97.6,1,4EFA-C,232.0,0.316,31.6,1.19e-76,,,,,124,392,130
6GZH-B,identity_ge95,99.3,1,2PK2-A,552.0,0.379,37.9,4.73e-194,,,,,275,726,358
2GBG-A,identity_70_lt95,81.9,1,2AJB-A,1249.0,0.9990000000000001,99.9,0.0,,,,,729,730,728
6HU9-c,identity_30_lt40,37.4,1,1QLE-C,169.0,0.963,96.3,1.09e-51,,,,,270,269,273
1TZS-A,identity_40_lt50,46.4,2,5N71-A,311.0,0.9259999999999999,92.6,3.02e-105,,,,,332,351,345
6CNC-N,no_retained_hit,,0,,,,,,,,,,,,
6C95-A,identity_40_lt50,40.6,1,5NNP-A,450.0,0.853,85.3,7.28e-147,,,,,759,866,745
4HRG-A,identity_40_lt50,43.3,3,5HYD-A,86.3,0.8170000000000001,81.7,1.59e-23,,,,,97,115,99
4NDW-A,identity_40_lt50,48.1,1,4M00-A,45.4,0.49,49.0,2.14e-06,,,,,77,153,541
4EZC-A,no_retained_hit,,0,,,,,,,,,,,,
1XWK-A,identity_70_lt95,81.6,1,2DC5-A,384.0,0.995,99.5,1.09e-137,,,,,217,218,231
4IN3-B,identity_lt30,25.0,1,4YG8-B,147.0,0.9,90.0,6.79e-37,,,,,744,739,754
6M7X-A,identity_lt30,29.0,1,2VE3-A,76.6,0.405,40.5,3.93e-15,,,,,200,484,444
4CQM-B,identity_30_lt40,37.3,1,4KMS-A,131.0,0.992,99.2,1.55e-37,,,,,252,244,249
6FCX-A,identity_30_lt40,39.0,1,6FNU-A,197.0,0.45,45.0,3.27e-58,,,,,292,615,308
4CTH-A,identity_70_lt95,93.7,1,4XBH-A,1338.0,0.982,98.2,0.0,,,,,696,709,696
2HW1-A,identity_lt30,23.2,1,4WJM-A,48.9,0.8759999999999999,87.6,8.4e-07,,,,,276,298,312
1CJY-A,no_retained_hit,,0,,,,,,,,,,,,
6A5Q-B,identity_50_lt70,66.1,3,5LHO-A,294.0,0.932,93.2,3.33e-101,,,,,236,250,253
5FPN-A,identity_50_lt70,59.4,2,5TKY-A,675.0,0.945,94.5,1.39e-239,,,,,606,640,621
4V6W-AZ,identity_50_lt70,64.4,1,6IP5-3O,127.0,1.0,100.0,1.46e-39,,,,,118,117,125
3J6B-5,identity_ge95,100.0,1,5MRE-5,634.0,0.831,83.1,2.81e-232,,,,,324,390,324
6AH3-E,no_retained_hit,,0,,,,,,,,,,,,
3B46-A,identity_30_lt40,34.9,1,2ZJG-A,239.0,0.85,85.0,7.82e-75,,,,,392,447,410
2ZSH-A,identity_50_lt70,61.7,1,3EBL-A,442.0,0.9740000000000001,97.4,2.39e-156,,,,,350,351,365
3JRP-A,identity_70_lt95,74.9,1,4L9O-A,278.0,0.789,78.9,8.49e-92,,,,,299,379,349
2XRC-A,identity_ge95,100.0,1,5O32-I,535.0,0.43200000000000005,43.2,2.67e-191,,,,,244,565,244
5NIJ-A,identity_ge95,100.0,3,5OBT-A,503.0,0.535,53.5,2.04e-180,,,,,243,454,245
1GG4-A,identity_40_lt50,47.0,1,4CVK-A,332.0,0.976,97.6,5.85e-110,,,,,449,452,475
2GTP-A,identity_70_lt95,75.9,2,6G79-A,270.0,0.539,53.900000000000006,6.64e-91,,,,,174,323,225
6HIX-BI,no_retained_hit,,0,,,,,,,,,,,,
4RH8-A,identity_70_lt95,78.5,2,4N4R-B,256.0,0.97,97.0,1.14e-88,,,,,163,168,196
5I96-A,identity_50_lt70,68.8,1,3US8-A,582.0,0.889,88.9,1.23e-208,,,,,407,458,427
6OIJ-A,identity_40_lt50,48.2,2,1ZCA-A,329.0,0.997,99.7,5.67e-112,,,,,359,353,359
2XOK-D,identity_70_lt95,90.3,3,5LQY-D,827.0,0.93,93.0,9.8e-304,,,,,476,511,476
1FUJ-A,identity_30_lt40,37.7,4,2ZKS-A,133.0,0.986,98.6,1.1e-38,,,,,231,221,240
5ZWO-w,identity_ge95,100.0,1,4DGW-B,308.0,0.539,53.900000000000006,5.3e-108,,,,,151,280,152
1SVT-O,identity_50_lt70,54.3,2,1WNR-A,95.5,0.9690000000000001,96.9,1.62e-27,,,,,94,97,94
2GO0-A,identity_40_lt50,45.6,1,1LIT-A,134.0,0.993,99.3,1.02e-41,,,,,136,137,144
2C74-A,identity_50_lt70,64.5,3,5LHO-A,281.0,0.976,97.6,3.06e-96,,,,,242,247,253
3BT7-A,identity_30_lt40,32.8,1,1UWV-A,82.0,0.48,48.0,2.79e-17,,,,,183,369,433
6HU9-k,identity_30_lt40,36.3,2,2DYR-G,56.2,0.611,61.1,1.04e-11,,,,,80,131,85
5O7X-C,no_retained_hit,,0,,,,,,,,,,,,
2DEY-X,no_retained_hit,,0,,,,,,,,,,,,
5J13-A,identity_ge95,98.4,1,5J12-A,249.0,0.857,85.7,1.79e-86,,,,,126,147,163
4V6W-AQ,identity_70_lt95,74.1,5,5XXU-Q,215.0,0.966,96.6,2.89e-73,,,,,143,148,148
5XTH-p,identity_70_lt95,93.5,3,5GPN-Ak,345.0,0.988,98.8,6.41e-124,,,,,170,172,178
2AZO-A,identity_50_lt70,61.3,1,2AOQ-A,273.0,0.914,91.4,1.39e-93,,,,,212,232,223
3DHW-A,no_retained_hit,,0,,,,,,,,,,,,
4BY6-B,identity_30_lt40,38.6,3,4C0F-A,76.6,0.461,46.1,1.46e-18,,,,,88,191,117
6C0F-v,no_retained_hit,,0,,,,,,,,,,,,
1NSQ-A,identity_50_lt70,67.6,3,1ZS6-A,212.0,0.9670000000000001,96.7,8.17e-72,,,,,148,153,169
6FYY-i,identity_ge95,100.0,4,4UER-0,206.0,0.654,65.4,2.36e-70,,,,,100,153,100
5V8F-8,no_retained_hit,,0,,,,,,,,,,,,
2BJJ-X,identity_70_lt95,74.9,2,1B1X-A,1096.0,0.9940000000000001,99.4,0.0,,,,,688,692,689
5LOJ-A,identity_ge95,100.0,3,2B18-A,296.0,0.586,58.599999999999994,4.46e-103,,,,,154,263,164
4HR7-B,identity_ge95,100.0,1,1A6X-A,168.0,0.494,49.4,4.51e-55,,,,,87,176,87
2H4P-A,identity_70_lt95,91.5,1,2H4Q-A,641.0,0.9590000000000001,95.9,5.17e-234,,,,,378,394,382
6CUD-A,identity_ge95,100.0,1,6DJS-A,587.0,0.371,37.1,8e-202,,,,,299,806,676
1D2C-A,identity_30_lt40,31.5,1,5H02-A,106.0,0.9520000000000001,95.2,2.71e-27,,,,,279,292,283
3IHP-A,no_retained_hit,,0,,,,,,,,,,,,
1F5N-A,identity_ge95,100.0,1,2D4H-A,640.0,0.535,53.5,3.73e-231,,,,,317,592,328
5UQ3-C,identity_ge95,100.0,1,1JSU-C,182.0,0.418,41.8,1.7e-60,,,,,84,201,84
4YBQ-A,identity_70_lt95,78.0,1,4YB9-D,719.0,0.929,92.9,2.86e-261,,,,,473,508,479
4WP0-A,identity_50_lt70,53.6,1,2ZJG-A,473.0,0.873,87.3,5.2e-166,,,,,412,472,410
2JOO-A,identity_70_lt95,72.6,1,4HTC-I,99.0,0.9390000000000001,93.9,8.98e-30,,,,,62,66,65
1FI8-A,identity_50_lt70,61.2,1,1EUF-A,278.0,0.996,99.6,7.17e-96,,,,,227,228,227
4ZLT-F,identity_50_lt70,50.0,1,5UIW-B,73.2,0.843,84.3,2.26e-19,,,,,60,70,75
4RQU-A,identity_50_lt70,59.5,5,4JJI-A,468.0,0.987,98.7,6.2e-166,,,,,370,375,378
5ZLG-A,identity_lt30,27.2,1,4O6Y-A,84.7,0.6990000000000001,69.9,1.32e-19,,,,,206,292,230
4W5V-A,identity_40_lt50,41.5,2,6MJ9-A,114.0,0.871,87.1,3.88e-33,,,,,142,163,169
5U8S-7,identity_30_lt40,34.8,2,4R7Y-A,318.0,0.7070000000000001,70.7,2.8e-98,,,,,609,845,613
3J6B-T,identity_ge95,100.0,1,5MRC-T,459.0,0.705,70.5,9.29e-166,,,,,225,319,225
2OWO-A,identity_ge95,100.0,2,4GLX-A,1157.0,0.873,87.3,0.0,,,,,586,671,586
5TF2-A,no_retained_hit,,0,,,,,,,,,,,,
3J98-H,identity_lt30,24.5,1,2IFU-A,58.2,0.835,83.5,7.17e-10,,,,,249,297,307
3QB7-A,identity_70_lt95,90.9,1,1BBN-A,207.0,1.0,100.0,1.47e-70,,,,,132,132,133
1T0I-A,identity_30_lt40,31.9,1,2GSW-A,48.1,0.607,60.699999999999996,2.26e-07,,,,,119,191,182
1BDX-A,identity_ge95,100.0,1,1D8L-A,294.0,0.7340000000000001,73.4,1.08e-103,,,,,149,203,149
1TLY-A,no_retained_hit,,0,,,,,,,,,,,,
4PXB-A,identity_30_lt40,37.1,5,3N5F-A,238.0,0.963,96.3,8.95e-75,,,,,415,430,408
4LIK-A,no_retained_hit,,0,,,,,,,,,,,,
1I78-A,no_retained_hit,,0,,,,,,,,,,,,
5VOY-c,no_retained_hit,,0,,,,,,,,,,,,
2OZ6-A,identity_40_lt50,48.8,1,3IWZ-A,213.0,0.976,97.6,2.31e-70,,,,,207,207,230
5MRE-55,no_retained_hit,,0,,,,,,,,,,,,
4ZWN-A,identity_30_lt40,30.0,1,2W1I-A,50.8,0.368,36.8,2.62e-07,,,,,130,334,326
4EDQ-A,identity_ge95,99.7,4,6GFJ-A,743.0,0.754,75.4,3.7e-271,,,,,371,492,477
5CBA-E,identity_30_lt40,32.8,2,5DST-A,43.9,0.682,68.2,1.24e-07,,,,,61,88,332
4ILE-A,identity_30_lt40,31.8,1,5DE3-A,110.0,0.853,85.3,3.48e-31,,,,,157,184,169
2OCI-A,identity_30_lt40,30.1,3,2WUG-A,63.2,0.98,98.0,7.96e-12,,,,,282,254,291
5EGS-A,identity_70_lt95,90.5,1,5LV5-A,666.0,0.997,99.7,6.93e-244,,,,,378,376,403
3HD6-A,identity_30_lt40,36.7,1,3B9W-A,200.0,0.722,72.2,1.71e-59,,,,,362,490,407
4JLC-A,identity_ge95,96.4,1,4EUT-A,754.0,0.584,58.4,5.23e-274,,,,,384,657,396
6NU3-AV,identity_70_lt95,84.1,2,3JD5-e,645.0,0.9420000000000001,94.2,1.64e-234,,,,,391,414,415
4KFN-A,no_retained_hit,,0,,,,,,,,,,,,
2HHI-A,no_retained_hit,,0,,,,,,,,,,,,
3SE6-A,identity_40_lt50,44.3,5,5C97-A,764.0,0.9359999999999999,93.6,3.17e-265,,,,,908,967,912
3C9C-A,identity_40_lt50,48.7,1,5WJC-A,313.0,0.9470000000000001,94.7,1.24e-103,,,,,421,432,430
4F2A-A,no_retained_hit,,0,,,,,,,,,,,,
2HE3-A,identity_50_lt70,50.0,1,2I3Y-A,183.0,0.995,99.5,9.69e-59,,,,,216,208,215
2BZ4-A,identity_70_lt95,85.2,3,3OYT-A,666.0,0.9670000000000001,96.7,4.75e-243,,,,,406,418,410
6MSO-A,no_retained_hit,,0,,,,,,,,,,,,
1T0K-B,identity_70_lt95,92.8,2,5IT7-cc,174.0,0.924,92.4,1e-58,,,,,97,105,97
5MRE-X,no_retained_hit,,0,,,,,,,,,,,,
5MRF-b,no_retained_hit,,0,,,,,,,,,,,,
1W73-A,identity_lt30,29.8,1,2C07-A,103.0,0.8109999999999999,81.1,3.51e-26,,,,,245,302,285
2YB6-A,identity_50_lt70,57.1,1,6MJ9-A,164.0,0.914,91.4,1.12e-52,,,,,140,152,169
5FWK-A,identity_ge95,99.6,5,3PRY-A,509.0,0.36,36.0,2.22e-178,,,,,262,727,268
3MIA-A,identity_40_lt50,48.5,8,4NST-A,280.0,0.852,85.2,1.24e-92,,,,,301,351,351
2W4L-A,identity_30_lt40,35.0,1,5C2O-A,63.5,0.6459999999999999,64.6,4.27e-13,,,,,120,178,184
4ONO-A,no_retained_hit,,0,,,,,,,,,,,,
4QN9-A,identity_lt30,26.3,1,4JO0-A,53.1,0.45299999999999996,45.3,9.7e-08,,,,,186,393,534
4QAE-A,identity_30_lt40,31.7,2,1JZU-A,48.9,0.644,64.4,8.3e-08,,,,,123,188,157
1KM7-A,identity_70_lt95,90.5,1,3M95-A,216.0,0.991,99.1,1.35e-74,,,,,116,117,125
3GC9-A,identity_70_lt95,73.5,1,3OHT-A,535.0,0.938,93.8,1.88e-192,,,,,347,370,389
2OC4-A,identity_70_lt95,87.7,1,1A9O-A,512.0,0.983,98.3,3.94e-186,,,,,284,289,289
4IVM-B,identity_lt30,28.1,1,3I6D-A,123.0,0.961,96.1,8.85e-31,,,,,488,483,470
6CP6-X,identity_50_lt70,61.5,1,5LQX-Y,276.0,1.0,100.0,4.25e-94,,,,,252,249,252
4COO-A,identity_ge95,99.8,1,5MMS-A,821.0,0.725,72.5,1.1e-301,,,,,408,563,408
1NN6-A,identity_70_lt95,70.8,5,2RDL-A,343.0,0.991,99.1,2.7e-121,,,,,226,228,226
3QXY-A,no_retained_hit,,0,,,,,,,,,,,,
2AJT-A,identity_50_lt70,60.8,1,4R1O-A,623.0,0.98,98.0,2.91e-223,,,,,490,500,497
5J5Z-A,identity_50_lt70,57.3,7,1DXL-A,528.0,0.94,94.0,4.23e-186,,,,,466,496,470
5JPW-A,identity_70_lt95,87.0,2,5WI4-A,229.0,0.9159999999999999,91.6,3.47e-79,,,,,131,143,145
1WSR-A,identity_40_lt50,41.1,1,3GIR-A,243.0,0.981,98.1,1.79e-77,,,,,370,375,393
1URH-A,identity_30_lt40,37.5,3,1BOH-A,175.0,0.9540000000000001,95.4,1.18e-53,,,,,275,280,296
3J6B-7,identity_ge95,100.0,1,5MRC-7,214.0,0.726,72.6,1.94e-73,,,,,106,146,106
6O20-F,identity_70_lt95,93.9,7,3EK4-A,180.0,0.87,87.0,1.77e-55,,,,,147,169,451
5AYY-A,identity_70_lt95,87.2,1,4I9A-A,503.0,0.9440000000000001,94.4,3.26e-182,,,,,288,305,288
4ZEL-A,no_retained_hit,,0,,,,,,,,,,,,
4PL8-H,identity_ge95,100.0,1,3M3N-W,42.0,0.301,30.099999999999998,8.31e-07,,,,,22,73,101
1O1S-A,identity_ge95,100.0,1,2BED-A,419.0,0.8240000000000001,82.4,2.1e-147,,,,,313,380,313
1Y79-1,identity_40_lt50,45.0,1,5L43-A,588.0,0.993,99.3,1.03e-203,,,,,675,680,683
1JMJ-A,identity_30_lt40,39.2,6,6EE5-A,261.0,0.792,79.2,2.73e-83,,,,,380,480,379
4V6W-Co,identity_50_lt70,66.0,5,6HCQ-o3,134.0,1.0,100.0,1.28e-42,,,,,106,104,106
4M8Z-A,no_retained_hit,,0,,,,,,,,,,,,
6QKC-A,identity_50_lt70,57.1,2,3FAT-A,403.0,0.41700000000000004,41.7,5.18e-135,,,,,382,915,260
5ZB2-B,identity_30_lt40,34.4,2,6GFX-B,56.2,0.8059999999999999,80.6,5.99e-12,,,,,96,103,97
6MSE-U,identity_ge95,100.0,1,5VHF-U,1539.0,0.882,88.2,0.0,,,,,841,953,841
3KYH-C,identity_40_lt50,42.3,2,1P16-A,302.0,0.889,88.9,3.44e-99,,,,,414,461,395
6ASO-G,identity_30_lt40,38.5,1,6AH0-d,52.4,0.6779999999999999,67.8,1.68e-10,,,,,78,115,76
1QAH-A,identity_70_lt95,81.6,1,1NQ3-A,223.0,1.0,100.0,5.33e-77,,,,,136,136,136
1KQG-C,no_retained_hit,,0,,,,,,,,,,,,
5IY9-3,identity_lt30,27.8,1,5NUS-A,94.4,0.7440000000000001,74.4,1.83e-22,,,,,277,308,303
3CH4-B,no_retained_hit,,0,,,,,,,,,,,,
1UUO-A,identity_70_lt95,89.1,1,3U2O-A,639.0,0.9840000000000001,98.4,2.02e-233,,,,,366,372,395
5J3R-A,identity_ge95,100.0,1,3L4N-A,248.0,0.601,60.099999999999994,9.78e-86,,,,,122,203,127
6NU3-AJ,identity_70_lt95,90.7,2,5AJ4-AL,209.0,0.7829999999999999,78.3,1.05e-71,,,,,108,138,109
1F6D-A,identity_50_lt70,67.4,3,3DZC-A,507.0,0.9790000000000001,97.9,5.45e-181,,,,,368,376,396
4GN8-A,identity_70_lt95,88.6,1,4GNB-A,555.0,1.0,100.0,7.27e-203,,,,,299,299,299
4II2-C,identity_70_lt95,84.4,1,1Z2U-A,265.0,0.902,90.2,6.14e-93,,,,,147,163,150
3ICE-A,identity_ge95,100.0,1,1A63-A,263.0,0.308,30.8,3.63e-88,,,,,130,422,130
1IE3-A,identity_70_lt95,78.5,2,6BAL-A,463.0,0.997,99.7,7.95e-166,,,,,311,312,335
2KMW-A,no_retained_hit,,0,,,,,,,,,,,,
2L4N-A,identity_ge95,100.0,1,5EKI-A,164.0,0.6990000000000001,69.9,7.41e-55,,,,,79,113,79
6O9M-3,no_retained_hit,,0,,,,,,,,,,,,
3J8B-M,no_retained_hit,,0,,,,,,,,,,,,
1T5A-A,identity_50_lt70,63.3,1,6DU6-A,632.0,0.889,88.9,1.28e-224,,,,,504,567,565
2HKY-A,identity_40_lt50,45.4,10,2APQ-A,98.2,0.7829999999999999,78.3,1.6e-27,,,,,108,129,139
2Q3D-A,identity_70_lt95,84.8,3,4I1Y-A,520.0,0.99,99.0,1.62e-188,,,,,310,313,314
1YEB-A,identity_70_lt95,79.2,1,6C4W-A,184.0,0.981,98.1,3.6e-62,,,,,106,108,109
4IRL-A,identity_ge95,98.6,3,4OZQ-A,729.0,0.777,77.7,7.33e-262,,,,,370,476,720
4V6W-Cp,identity_70_lt95,76.1,2,5LZV-p,145.0,1.0,100.0,1.97e-47,,,,,92,92,92
3KVN-X,no_retained_hit,,0,,,,,,,,,,,,
3CPJ-B,identity_70_lt95,86.3,2,3RWM-B,315.0,0.816,81.6,3.44e-111,,,,,182,223,185
3SWN-A,identity_40_lt50,45.6,1,3PGG-A,84.0,0.927,92.7,6.8e-23,,,,,90,82,121
5IYA-O,identity_ge95,100.0,1,6MZM-X,190.0,0.89,89.0,9.32e-65,,,,,97,109,97
6J6G-I,no_retained_hit,,0,,,,,,,,,,,,
1AYZ-A,identity_50_lt70,55.7,2,6MJ9-A,157.0,0.8220000000000001,82.2,8.01e-50,,,,,140,169,169
1SXJ-B,identity_40_lt50,43.3,1,1IQP-A,261.0,0.978,97.8,5.49e-86,,,,,319,323,327
2E30-A,identity_30_lt40,39.9,3,5B8I-B,133.0,0.9129999999999999,91.3,5e-40,,,,,178,195,171
3NCA-A,identity_30_lt40,30.1,5,6C9D-A,68.2,0.9359999999999999,93.6,4.33e-13,,,,,332,313,459
4V6W-Cd,identity_70_lt95,77.4,2,3JAJ-d,171.0,0.855,85.5,6.92e-57,,,,,106,124,107
1AE5-A,identity_30_lt40,37.6,4,2ZKS-A,126.0,0.9470000000000001,94.7,5.97e-36,,,,,229,225,240
2WSE-E,identity_ge95,100.0,4,2O01-E,127.0,0.434,43.4,6.17e-40,,,,,62,143,62
3B8A-X,identity_70_lt95,71.1,1,3O1W-A,708.0,0.998,99.8,2.67e-257,,,,,485,485,485
3I2B-A,identity_70_lt95,83.6,1,1B66-A,242.0,0.993,99.3,3.59e-84,,,,,140,141,140
3F5O-A,identity_ge95,100.0,2,2H4U-A,241.0,0.8240000000000001,82.4,1.14e-83,,,,,122,148,145
3L1R-A,identity_lt30,26.2,5,3BI4-A,68.2,0.588,58.8,2.42e-12,,,,,309,478,516
2BYD-A,identity_30_lt40,32.7,1,1QR0-A,81.6,0.483,48.3,2.65e-18,,,,,156,323,228
6C57-A,identity_40_lt50,43.4,2,2E8U-A,222.0,0.7979999999999999,79.8,1.22e-70,,,,,274,322,340
3U6F-B,identity_40_lt50,47.1,2,1Y97-A,179.0,0.7070000000000001,70.7,2.05e-55,,,,,223,314,238
1F14-A,identity_40_lt50,41.3,4,4PZE-A,203.0,0.9259999999999999,92.6,3.59e-64,,,,,288,310,284
2ZYA-A,identity_70_lt95,70.1,1,2W8Z-A,657.0,0.973,97.3,3.06e-237,,,,,469,480,470
5FWP-E,identity_ge95,100.0,1,2NCA-A,225.0,0.33299999999999996,33.3,3.78e-74,,,,,126,378,128
1FSU-A,identity_lt30,29.8,1,6BIA-A,197.0,0.9390000000000001,93.9,9.63e-58,,,,,473,492,477
6GYM-3,no_retained_hit,,0,,,,,,,,,,,,
6CGE-A,identity_lt30,29.0,4,4DBZ-A,71.2,0.72,72.0,2.83e-14,,,,,245,328,281
6QI8-A,identity_70_lt95,76.9,4,2XSZ-A,617.0,0.998,99.8,9.11e-224,,,,,455,456,367
1BIX-A,identity_70_lt95,70.3,1,2O3C-A,423.0,0.972,97.2,4.3e-151,,,,,279,287,282
1LJ7-A,identity_30_lt40,34.3,1,4PBO-A,135.0,0.971,97.1,2.51e-40,,,,,204,206,207
3FY7-A,identity_50_lt70,52.4,1,5Y7I-A,227.0,0.9079999999999999,90.8,1.04e-74,,,,,231,250,261
3JCP-I,identity_ge95,100.0,3,6FVU-I,739.0,0.879,87.9,6.22e-272,,,,,384,437,384
5RLA-A,identity_50_lt70,61.8,3,1PQ3-A,392.0,0.938,93.8,4.17e-138,,,,,304,323,306
5VOZ-N,identity_ge95,98.9,1,4IX9-A,180.0,0.797,79.7,1.13e-60,,,,,94,118,94
6CND-L,identity_50_lt70,52.8,1,6J51-L,75.5,1.0,100.0,2.55e-20,,,,,72,70,72
2J5V-A,identity_ge95,100.0,1,2W21-A,489.0,0.706,70.6,1.91e-176,,,,,259,367,259
5KDW-A,no_retained_hit,,0,,,,,,,,,,,,
4DXA-A,identity_50_lt70,58.9,2,5WDR-A,200.0,0.9940000000000001,99.4,8.44e-67,,,,,168,169,171
3TKA-A,identity_40_lt50,40.3,1,1N2X-A,182.0,0.885,88.5,2.99e-55,,,,,315,347,301
5L0V-A,no_retained_hit,,0,,,,,,,,,,,,
5T62-I,identity_ge95,100.0,6,4V4B-BF,329.0,0.664,66.4,1.63e-116,,,,,162,244,162
1PRQ-A,identity_70_lt95,84.0,1,2ACG-A,209.0,1.0,100.0,1.48e-71,,,,,125,125,125
5LJO-E,identity_ge95,100.0,2,5D0O-E,179.0,1.0,100.0,1.12e-60,,,,,87,87,123
5OQM-5,identity_ge95,100.0,1,5FMF-X,124.0,0.875,87.5,9.25e-40,,,,,63,72,63
3KYD-D,identity_ge95,98.7,1,5ELJ-B,157.0,0.687,68.7,7.13e-52,,,,,79,115,83
4HWK-A,identity_70_lt95,74.7,1,1OAA-A,380.0,0.892,89.2,1.08e-134,,,,,257,288,259
3U9P-C,identity_lt30,21.9,2,5X7Y-A,47.8,0.868,86.8,2.54e-07,,,,,160,182,177
2FYO-A,identity_30_lt40,32.6,1,1T7N-A,292.0,0.992,99.2,2.97e-90,,,,,671,653,618
4V6X-Ah,no_retained_hit,,0,,,,,,,,,,,,
3SWN-C,identity_50_lt70,59.8,2,6QX9-67,114.0,0.821,82.1,1.59e-34,,,,,97,117,103
5MPO-A,identity_30_lt40,34.1,1,2QIE-B,48.1,0.774,77.4,5.87e-09,,,,,82,106,77
4XY3-A,no_retained_hit,,0,,,,,,,,,,,,
4L02-A,no_retained_hit,,0,,,,,,,,,,,,
2N55-A,identity_ge95,95.6,1,6EHZ-A,141.0,0.971,97.1,3.16e-46,,,,,68,70,98
5G3M-A,identity_ge95,100.0,1,6G5J-A,281.0,1.0,100.0,1.59e-99,,,,,123,123,165
2DYM-A,identity_30_lt40,32.4,1,3VQI-A,169.0,0.9490000000000001,94.9,3.77e-51,,,,,284,297,274
3FAV-B,no_retained_hit,,0,,,,,,,,,,,,
1E3W-A,identity_30_lt40,33.6,10,4NBT-A,105.0,0.977,97.7,1.05e-27,,,,,262,261,240
1Z45-A,identity_50_lt70,51.7,1,1YGA-A,333.0,0.462,46.2,3.28e-109,,,,,329,699,342
4OFC-A,identity_40_lt50,40.0,1,4ERI-A,232.0,0.982,98.2,1.96e-74,,,,,335,335,334
4CRN-X,identity_ge95,99.6,2,4CRM-X,546.0,0.645,64.5,1.91e-197,,,,,282,437,282
5IYB-E,identity_40_lt50,45.6,1,6J4W-E,185.0,0.9520000000000001,95.2,1.25e-59,,,,,206,210,214
4FUW-A,no_retained_hit,,0,,,,,,,,,,,,
4V6X-CE,identity_ge95,100.0,4,6GZ4-AE,379.0,0.674,67.4,4.38e-135,,,,,194,288,194
1YUT-A,identity_70_lt95,82.7,1,2CXJ-A,154.0,1.0,100.0,1.33e-50,,,,,98,98,98
5WQV-A,identity_70_lt95,91.3,1,4APV-A,202.0,1.0,100.0,1.13e-69,,,,,104,104,112
6D6S-A,identity_ge95,100.0,2,1W2B-5,275.0,0.325,32.5,1.17e-92,,,,,144,443,144
1CM8-A,identity_50_lt70,64.0,3,3OHT-A,476.0,0.946,94.6,4.34e-169,,,,,347,367,389
4FZV-A,identity_lt30,28.1,2,5ZVG-B,56.6,0.457,45.7,4.85e-09,,,,,167,359,384
3L4G-A,identity_30_lt40,33.6,4,1PYS-A,133.0,0.516,51.6,5.21e-35,,,,,274,508,350
3V4Y-A,identity_70_lt95,91.5,1,1S70-A,588.0,0.997,99.7,1.67e-215,,,,,307,306,330
5MRE-FF,identity_lt30,29.2,1,3J9M-AE,42.4,0.7440000000000001,74.4,3.99e-06,,,,,96,125,125
1JYJ-A,no_retained_hit,,0,,,,,,,,,,,,
1V59-A,identity_50_lt70,56.0,1,1DXL-A,520.0,0.9940000000000001,99.4,1.66e-183,,,,,475,478,470
5AX7-A,no_retained_hit,,0,,,,,,,,,,,,
6O85-E,identity_40_lt50,44.1,1,5B04-G,269.0,0.652,65.2,8.78e-85,,,,,349,523,467
5IYD-S,identity_ge95,100.0,1,1F3U-B,347.0,0.331,33.1,3.49e-119,,,,,171,517,171
5IY4-A,identity_70_lt95,73.7,2,4CS5-A,397.0,0.9590000000000001,95.9,1.59e-141,,,,,259,270,260
5XJX-C,no_retained_hit,,0,,,,,,,,,,,,
4XYJ-A,identity_70_lt95,72.3,1,3O8N-A,1098.0,0.924,92.4,0.0,,,,,752,812,762
3J6B-3,identity_30_lt40,39.3,1,6GB2-Be,44.7,0.384,38.4,1.01e-06,,,,,56,146,135
1M2V-B,identity_ge95,100.0,1,1PD0-A,1560.0,0.875,87.5,0.0,,,,,810,926,810
3CUQ-C,identity_ge95,100.0,2,2ZME-C,211.0,0.58,57.99999999999999,6.42e-72,,,,,102,176,102
4PE2-A,identity_ge95,98.9,1,4OZQ-A,743.0,0.723,72.3,8.4e-267,,,,,373,516,720
5AMS-A,no_retained_hit,,0,,,,,,,,,,,,
3D68-A,identity_ge95,98.4,2,3LMS-A,633.0,0.7290000000000001,72.9,1.75e-231,,,,,309,424,309
1IIU-A,no_retained_hit,,0,,,,,,,,,,,,
1FFT-A,identity_40_lt50,44.6,2,6ADQ-F,429.0,0.778,77.8,1.75e-143,,,,,520,663,575
5DGF-f,identity_50_lt70,65.4,2,5HY6-A,206.0,0.9620000000000001,96.2,2.75e-69,,,,,153,157,160
4I6M-B,no_retained_hit,,0,,,,,,,,,,,,
2R37-A,identity_70_lt95,71.9,1,2I3Y-A,309.0,0.9279999999999999,92.8,1.42e-108,,,,,192,207,215
5JST-A,identity_ge95,99.5,4,5W0U-B,737.0,0.8370000000000001,83.7,2.95e-268,,,,,371,443,549
2VCT-A,identity_70_lt95,80.6,2,5LCZ-A,357.0,1.0,100.0,4.29e-127,,,,,222,222,222
4KTT-E,identity_30_lt40,30.0,6,1VL0-A,99.4,0.722,72.2,3.22e-24,,,,,237,327,292
1WTH-A,no_retained_hit,,0,,,,,,,,,,,,
2K7N-A,identity_50_lt70,67.3,8,3JB9-d,226.0,0.7390000000000001,73.9,1.67e-76,,,,,150,203,155
6I52-A,no_retained_hit,,0,,,,,,,,,,,,
1BG3-A,identity_50_lt70,65.3,2,3HM8-A,572.0,0.484,48.4,9.95e-198,,,,,444,918,445
5SZJ-A,identity_ge95,100.0,3,5LPN-A,357.0,0.8759999999999999,87.6,3.93e-128,,,,,177,202,177
2JKT-M,identity_ge95,100.0,3,1I31-A,623.0,0.722,72.2,2.94e-227,,,,,314,435,314
4G56-A,no_retained_hit,,0,,,,,,,,,,,,
4PRY-A,identity_ge95,98.1,2,1RHJ-B,215.0,0.368,36.8,9.02e-72,,,,,105,285,110
2QT9-A,identity_70_lt95,88.2,1,2AJB-A,1363.0,0.9490000000000001,94.9,0.0,,,,,727,766,728
3P6C-A,identity_50_lt70,64.4,1,4A60-A,182.0,0.95,95.0,1.51e-60,,,,,132,139,154
3AN2-A,identity_ge95,100.0,2,3NQJ-A,161.0,0.5660000000000001,56.60000000000001,6.18e-53,,,,,81,143,82
5JCT-A,identity_30_lt40,37.0,1,6D0P-A,149.0,0.787,78.7,4.74e-43,,,,,257,310,293
1PQV-D,identity_70_lt95,92.5,2,1Y14-A,251.0,0.846,84.6,1.26e-85,,,,,187,221,187
4XFV-A,no_retained_hit,,0,,,,,,,,,,,,
1DEU-A,identity_ge95,100.0,1,1EF7-A,531.0,0.8740000000000001,87.4,1.46e-194,,,,,242,277,242
4O2X-A,identity_ge95,99.7,2,4OZQ-A,745.0,0.732,73.2,1.03e-267,,,,,371,507,720
4RM9-A,identity_ge95,100.0,4,4RMA-A,605.0,0.504,50.4,4.49e-218,,,,,296,587,296
1E1N-A,identity_40_lt50,40.3,1,1LQU-A,301.0,0.976,97.6,3e-98,,,,,462,460,456
1FJ2-A,identity_30_lt40,34.4,1,5KRE-A,106.0,0.927,92.7,3.48e-28,,,,,221,232,239
3BTS-A,identity_50_lt70,57.9,1,3E1K-A,511.0,0.982,98.2,9.75e-181,,,,,458,438,465
3HXF-B,identity_lt30,29.6,1,2ZIR-B,63.2,0.314,31.4,3.31e-11,,,,,135,331,440
1WY9-A,identity_70_lt95,90.7,2,2D58-A,187.0,0.728,72.8,6.82e-63,,,,,107,147,107
6AGB-K,no_retained_hit,,0,,,,,,,,,,,,
3FJZ-A,identity_ge95,99.5,3,1P88-A,423.0,0.506,50.6,5.48e-150,,,,,216,427,216
1WN0-A,identity_70_lt95,88.0,2,2Q4F-A,250.0,0.9790000000000001,97.9,2.53e-87,,,,,142,145,149
5Z0R-A,identity_ge95,98.9,2,4OZQ-A,735.0,0.825,82.5,5.69e-265,,,,,367,445,720
3DL9-A,identity_30_lt40,37.7,2,1N6B-A,313.0,1.0,100.0,2.07e-102,,,,,483,479,473
5Z38-F,identity_70_lt95,84.7,1,1VPZ-A,99.4,0.831,83.1,9.63e-30,,,,,59,71,73
4V7U-BJ,identity_50_lt70,50.7,1,5V7Q-J,150.0,0.986,98.6,8.02e-48,,,,,140,142,147
2IWZ-A,identity_50_lt70,51.6,8,3KZU-A,399.0,0.945,94.5,4.79e-137,,,,,417,438,428
2O20-A,identity_50_lt70,50.8,1,1RZR-D,313.0,0.982,98.2,3.54e-106,,,,,329,332,332
5OQR-A,identity_30_lt40,32.1,2,5OQP-A,345.0,0.89,89.0,2.38e-106,,,,,764,788,869
6HIZ-Ck,no_retained_hit,,0,,,,,,,,,,,,
1Q5Q-A,no_retained_hit,,0,,,,,,,,,,,,
1Q32-A,identity_ge95,99.6,1,3SQ8-A,936.0,0.851,85.1,0.0,,,,,463,544,470
4EAR-A,identity_70_lt95,86.6,1,1A9O-A,499.0,0.877,87.7,2.39e-180,,,,,284,324,289
5MRF-44,no_retained_hit,,0,,,,,,,,,,,,
2ATX-A,identity_50_lt70,60.0,5,1RYH-A,239.0,0.907,90.7,2.79e-81,,,,,195,194,203
4ZI3-A,identity_ge95,99.4,2,3BH6-A,322.0,0.847,84.7,1.63e-114,,,,,161,190,164
3FWC-A,identity_50_lt70,62.7,1,1OQP-A,79.0,0.41600000000000004,41.6,2.88e-20,,,,,67,161,77
3ICH-A,identity_70_lt95,70.9,3,1H0P-A,271.0,0.9520000000000001,95.2,1.8e-94,,,,,179,188,182
6E3K-A,identity_50_lt70,62.4,2,2RIG-A,152.0,0.899,89.9,2.26e-48,,,,,133,148,144
3C98-B,identity_ge95,99.2,2,1BR0-A,175.0,0.43,43.0,5.58e-56,,,,,120,279,120
4ABN-A,no_retained_hit,,0,,,,,,,,,,,,
3BFX-A,identity_50_lt70,52.5,1,1CJM-A,313.0,0.9590000000000001,95.9,1.39e-107,,,,,284,296,295
1N57-A,identity_50_lt70,61.2,2,5JZM-A,360.0,0.955,95.5,2.71e-126,,,,,281,291,288
3IPM-H,identity_50_lt70,50.7,1,6HEC-1,175.0,0.912,91.2,9.44e-56,,,,,203,217,202
1N9R-A,identity_50_lt70,62.5,2,3JB9-I,87.8,0.774,77.4,9.84e-25,,,,,72,93,78
2QAG-C,identity_ge95,100.0,2,3T5D-A,543.0,0.644,64.4,1.14e-196,,,,,269,418,274
1WCM-J,identity_70_lt95,78.6,3,6A5U-J,121.0,1.0,100.0,1.81e-38,,,,,70,70,72
1DU5-A,identity_50_lt70,65.5,1,4BCT-A,300.0,1.0,100.0,2.67e-105,,,,,206,206,201
1O8T-A,no_retained_hit,,0,,,,,,,,,,,,
6FAI-l,identity_40_lt50,48.7,2,4GYG-A,319.0,0.809,80.9,1.95e-106,,,,,355,425,397
2F8V-T,no_retained_hit,,0,,,,,,,,,,,,
3B4Y-A,identity_70_lt95,83.2,1,5LXE-A,575.0,0.935,93.5,3.18e-209,,,,,333,356,335
3QAG-A,identity_30_lt40,36.0,1,3RBT-A,119.0,0.753,75.3,6.84e-33,,,,,186,239,246
5Y88-U,no_retained_hit,,0,,,,,,,,,,,,
2PBO-A,identity_50_lt70,59.6,1,1H4P-A,509.0,0.978,97.8,3.63e-181,,,,,403,400,408
4AIH-A,identity_30_lt40,37.1,4,2FBH-A,94.0,0.8740000000000001,87.4,1.85e-25,,,,,132,151,146
1WG0-A,identity_lt30,24.7,1,3LJN-A,52.0,0.831,83.1,5.41e-08,,,,,227,243,364
6BJ0-A,identity_50_lt70,50.7,2,1KFI-A,525.0,0.9470000000000001,94.7,2.73e-182,,,,,578,585,572
2IOQ-A,identity_ge95,100.0,4,2GQ0-A,533.0,0.426,42.6,1.06e-188,,,,,266,624,303
2COJ-A,identity_30_lt40,38.2,3,5U3F-A,231.0,0.8909999999999999,89.1,7.44e-73,,,,,346,386,368
5AC2-A,identity_70_lt95,91.6,2,5AC0-A,952.0,1.0,100.0,0.0,,,,,501,501,501
4CND-A,identity_30_lt40,33.5,1,5GRA-A,107.0,0.865,86.5,3.4e-28,,,,,233,267,243
5OGE-A,no_retained_hit,,0,,,,,,,,,,,,
6MZL-N,identity_ge95,100.0,1,4WV4-A,198.0,0.46299999999999997,46.3,3.22e-66,,,,,101,218,102
5WSG-X,identity_40_lt50,40.0,1,3JB9-k,65.9,0.757,75.7,1.9e-15,,,,,85,111,111
2C2L-A,identity_70_lt95,79.1,1,2F42-A,280.0,0.63,63.0,3.54e-96,,,,,177,281,179
1LV0-A,identity_50_lt70,55.6,2,1UKV-G,500.0,0.951,95.1,2.43e-176,,,,,439,449,453
2R8U-A,identity_ge95,100.0,2,1VKA-A,282.0,0.519,51.9,1.1e-97,,,,,139,268,153
5OQM-c,identity_ge95,100.0,1,3R84-A,166.0,0.7390000000000001,73.9,3.45e-55,,,,,85,115,86
4UF6-A,identity_ge95,99.6,1,3RII-A,464.0,0.6890000000000001,68.9,2.07e-167,,,,,228,331,233
2ZJ1-A,identity_50_lt70,62.4,3,3N58-A,563.0,0.956,95.6,5.15e-200,,,,,476,495,464
2KU2-A,identity_50_lt70,51.7,2,6HE5-A,231.0,0.966,96.6,6.38e-77,,,,,230,237,247
5WLC-SM,no_retained_hit,,0,,,,,,,,,,,,
4GH7-A,identity_lt30,24.9,2,3MBT-A,43.9,0.9570000000000001,95.7,5.92e-06,,,,,185,188,168
5HQ2-K,no_retained_hit,,0,,,,,,,,,,,,
1JQP-A,identity_70_lt95,79.4,1,4OEL-A,625.0,0.84,84.0,6.53e-227,,,,,369,438,370
2HI4-A,identity_30_lt40,39.8,3,6IQ5-A,327.0,0.887,88.7,1.03e-107,,,,,447,495,463
4V6W-CZ,identity_40_lt50,45.1,1,4V8P-AN,122.0,1.0,100.0,6.72e-37,,,,,144,135,144
5EE0-A,identity_50_lt70,53.3,2,1NI3-A,390.0,0.929,92.9,9.34e-135,,,,,375,395,392
4Y86-A,identity_ge95,100.0,1,2YY2-A,675.0,0.612,61.199999999999996,7.17e-246,,,,,326,533,333
1DDB-A,identity_50_lt70,65.4,1,2M5I-A,166.0,0.6970000000000001,69.7,1.62e-53,,,,,136,195,135
6HD5-v,no_retained_hit,,0,,,,,,,,,,,,
3CUE-B,identity_lt30,24.6,1,2J3W-B,75.5,0.8340000000000001,83.4,1.24e-16,,,,,240,283,188
1MZR-A,identity_50_lt70,50.7,8,1A80-A,282.0,0.909,90.9,2.06e-95,,,,,274,296,277
2OBG-A,identity_ge95,99.2,3,4OZQ-A,727.0,0.785,78.5,1.65e-261,,,,,362,461,720
5IY9-N,no_retained_hit,,0,,,,,,,,,,,,
3QNF-A,identity_ge95,100.0,1,3RJO-A,837.0,0.433,43.3,1.64e-301,,,,,413,954,419
1HFZ-A,identity_70_lt95,75.0,1,3B0I-A,209.0,1.0,100.0,9.67e-72,,,,,124,124,124
4PE8-A,identity_50_lt70,50.0,6,3RCM-A,254.0,0.985,98.5,6.19e-85,,,,,260,260,287
5JS6-A,identity_30_lt40,38.2,10,1GEE-A,134.0,0.9159999999999999,91.6,3.24e-38,,,,,259,274,261
2BQ8-X,identity_70_lt95,88.7,1,1QFC-A,569.0,0.987,98.7,2.64e-208,,,,,300,304,306
3OB4-A,identity_ge95,100.0,3,5W0U-B,739.0,0.74,74.0,2.37e-268,,,,,370,500,549
3RJ1-E,no_retained_hit,,0,,,,,,,,,,,,
4PSQ-B,no_retained_hit,,0,,,,,,,,,,,,
4UXX-A,no_retained_hit,,0,,,,,,,,,,,,
2XVM-A,identity_70_lt95,84.2,1,2I6G-A,344.0,0.985,98.5,1.15e-122,,,,,196,199,199
5DXT-A,no_retained_hit,,0,,,,,,,,,,,,
3J6B-V,no_retained_hit,,0,,,,,,,,,,,,
1NY3-A,identity_ge95,100.0,1,2OZA-A,709.0,0.885,88.5,5.42e-261,,,,,354,400,356
2G2B-A,identity_ge95,100.0,2,2D58-A,207.0,0.713,71.3,9.14e-71,,,,,107,150,107
5IJO-H,no_retained_hit,,0,,,,,,,,,,,,
4DY0-A,identity_40_lt50,41.3,5,1C5G-A,293.0,0.997,99.7,1.18e-96,,,,,380,379,402
3UDT-A,no_retained_hit,,0,,,,,,,,,,,,
5VEU-A,identity_lt30,29.2,3,6C94-A,146.0,0.733,73.3,1.09e-38,,,,,360,480,497
6N8K-E,identity_70_lt95,82.4,5,5APO-E,258.0,1.0,100.0,1.96e-89,,,,,176,176,176
6HCS-A,identity_70_lt95,93.7,6,2RO8-A,148.0,0.473,47.3,1.46e-47,,,,,79,167,79
4QNQ-A,identity_70_lt95,79.4,2,3ZK6-A,320.0,0.871,87.1,1.22e-112,,,,,209,240,181
2F8A-A,identity_50_lt70,52.5,1,2I3Y-A,200.0,1.0,100.0,2.11e-65,,,,,217,208,215
5OQM-b,no_retained_hit,,0,,,,,,,,,,,,
2N6A-A,identity_70_lt95,93.3,6,2RO8-A,141.0,0.434,43.4,9.83e-45,,,,,75,173,79
5WLC-LK,no_retained_hit,,0,,,,,,,,,,,,
3T57-A,identity_30_lt40,35.5,2,4E6U-A,78.6,0.708,70.8,4.81e-17,,,,,217,305,265
1OKG-A,no_retained_hit,,0,,,,,,,,,,,,
1QVW-A,identity_50_lt70,68.1,1,3KKL-A,332.0,0.992,99.2,1.87e-116,,,,,235,237,244
6QX9-1K,identity_ge95,100.0,2,3CW1-K,434.0,0.494,49.4,4.38e-154,,,,,216,437,216
2FJ9-A,identity_70_lt95,93.0,1,1HB8-A,167.0,1.0,100.0,2.58e-56,,,,,86,86,86
1SU3-A,identity_ge95,99.7,2,2CLT-A,779.0,0.816,81.6,7.78e-288,,,,,367,450,367
3QB5-K,identity_30_lt40,38.2,1,3RIU-C,160.0,0.81,81.0,5.08e-48,,,,,251,290,269
4FL0-A,identity_50_lt70,54.4,2,3QGU-A,463.0,0.897,89.7,1.39e-161,,,,,410,456,449
5MRC-U,no_retained_hit,,0,,,,,,,,,,,,
1LKJ-A,identity_ge95,98.4,4,2LHH-A,224.0,0.836,83.6,2.14e-77,,,,,122,146,128
5XTH-S,identity_70_lt95,82.1,3,6G2J-a,122.0,0.9570000000000001,95.7,3.86e-39,,,,,67,70,67
4ZTT-A,identity_40_lt50,47.5,1,1KRQ-A,160.0,0.9640000000000001,96.4,2.91e-51,,,,,160,166,167
5OMP-A,identity_ge95,100.0,3,3O5D-A,533.0,0.563,56.3,3.75e-192,,,,,260,462,264
1ORF-A,identity_30_lt40,33.2,1,3S9B-A,124.0,0.991,99.1,5.24e-35,,,,,235,234,234
5K22-A,identity_70_lt95,88.2,1,3RZ2-A,324.0,1.0,100.0,2.52e-115,,,,,186,183,189
1MC3-A,identity_50_lt70,66.0,3,4HO3-A,391.0,0.963,96.3,3.1e-138,,,,,285,296,297
2BMX-A,identity_40_lt50,41.1,2,1ZOF-A,125.0,0.713,71.3,1.54e-36,,,,,146,195,198
6H7D-A,identity_lt30,28.7,1,4GC0-A,198.0,0.9,90.0,1.3e-57,,,,,501,521,491
6AAG-A,identity_70_lt95,73.7,2,6AAF-A,184.0,0.843,84.3,1.26e-61,,,,,118,140,119
5APO-X,identity_ge95,100.0,3,5TGM-N5,231.0,0.852,85.2,3.7e-80,,,,,121,142,121
4CZ2-A,identity_ge95,97.8,1,6FF8-A,357.0,0.778,77.8,1.97e-127,,,,,179,230,181
1L9X-A,identity_50_lt70,57.8,1,4L8Y-C,335.0,0.917,91.7,1.59e-115,,,,,289,315,312
1QU9-A,identity_70_lt95,77.5,2,1J7H-A,193.0,1.0,100.0,2.45e-65,,,,,129,128,130
5L3D-A,identity_ge95,99.8,1,3ABT-A,1305.0,0.777,77.7,0.0,,,,,662,852,662
5CCX-A,identity_lt30,27.6,1,1O54-A,107.0,0.965,96.5,1.16e-27,,,,,279,289,277
1ROZ-A,identity_40_lt50,43.4,1,4P63-A,270.0,0.9079999999999999,90.8,1e-88,,,,,343,369,342
3JB9-W,no_retained_hit,,0,,,,,,,,,,,,
1WB0-A,identity_ge95,98.7,1,4WKA-A,753.0,0.838,83.8,2.15e-277,,,,,373,445,377
4D10-D,identity_ge95,100.0,1,4D0P-A,708.0,0.895,89.5,3.68e-260,,,,,367,410,387
3G8M-A,identity_70_lt95,93.0,5,3GBX-A,787.0,1.0,100.0,9.77e-291,,,,,417,417,420
5V8F-E,identity_lt30,22.0,1,4XGC-E,61.6,0.973,97.3,2.62e-10,,,,,487,479,460
4ANE-A,identity_50_lt70,51.9,2,1NB2-A,137.0,0.978,97.8,7.17e-43,,,,,133,136,150
1C9Y-A,identity_40_lt50,47.1,4,1A1S-A,274.0,0.96,96.0,1.77e-91,,,,,312,321,314
5AZ9-A,identity_ge95,97.5,2,4OZQ-A,721.0,0.8420000000000001,84.2,1.85e-259,,,,,367,430,720
3O4Z-A,no_retained_hit,,0,,,,,,,,,,,,
1U1E-A,identity_70_lt95,92.1,3,4I2V-A,465.0,0.988,98.8,1.1e-168,,,,,253,256,253
3S67-A,identity_50_lt70,55.0,1,1ROA-A,133.0,0.917,91.7,1.11e-41,,,,,111,120,122
6F05-A,identity_40_lt50,45.7,1,5EY6-A,197.0,0.958,95.8,4.73e-64,,,,,208,215,217
1JSX-A,identity_30_lt40,32.0,1,3G88-A,85.1,0.937,93.7,2.25e-20,,,,,206,207,249
5LNS-A,identity_70_lt95,88.7,4,5LNT-A,539.0,0.981,98.1,4.74e-196,,,,,311,316,316
2NDJ-A,no_retained_hit,,0,,,,,,,,,,,,
2VUU-A,identity_lt30,28.9,1,5F5N-A,63.9,0.645,64.5,1.14e-11,,,,,232,352,289
1U0F-A,identity_70_lt95,89.2,3,1XTB-A,1025.0,0.9890000000000001,98.9,0.0,,,,,558,564,558
5TUR-A,identity_50_lt70,58.4,1,4X7Q-B,340.0,0.703,70.3,5.85e-116,,,,,286,404,312
1WZV-A,identity_30_lt40,32.6,2,6MJ9-A,92.0,0.903,90.3,2.13e-24,,,,,141,155,169
3TF5-A,identity_50_lt70,65.4,1,2O3J-A,593.0,0.9329999999999999,93.3,1.26e-211,,,,,463,493,481
5W94-A,identity_30_lt40,35.0,1,5C6G-A,314.0,0.968,96.8,4.47e-99,,,,,615,624,620
3AKJ-A,no_retained_hit,,0,,,,,,,,,,,,
2XV4-S,no_retained_hit,,0,,,,,,,,,,,,
5MRF-DD,no_retained_hit,,0,,,,,,,,,,,,
1SJJ-A,no_retained_hit,,0,,,,,,,,,,,,
2QRW-A,identity_50_lt70,57.3,2,2BMM-A,136.0,0.9690000000000001,96.9,6.68e-43,,,,,124,128,123
4ZNQ-A,no_retained_hit,,0,,,,,,,,,,,,
4V6W-AH,identity_50_lt70,57.4,1,5OQL-p,196.0,0.9229999999999999,92.3,2.83e-64,,,,,183,194,203
5SVA-V,no_retained_hit,,0,,,,,,,,,,,,
2PLA-A,identity_40_lt50,46.0,2,4FGW-A,310.0,0.963,96.3,4.94e-104,,,,,346,349,391
2B7M-A,identity_lt30,20.6,1,2PFT-A,53.1,0.535,53.5,1.9e-07,,,,,315,566,571
2NQR-A,identity_30_lt40,36.7,2,2FU3-A,187.0,0.976,97.6,2.13e-55,,,,,420,411,419
3LFL-A,identity_30_lt40,37.2,1,3RBT-A,115.0,0.75,75.0,1.5e-31,,,,,188,240,246
3JZG-A,identity_lt30,29.0,1,5BJS-A,117.0,0.736,73.6,7.02e-29,,,,,335,402,605
5U0S-F,identity_ge95,99.4,1,4H61-A,352.0,0.7959999999999999,79.6,8.73e-126,,,,,172,216,175
5MRE-d,no_retained_hit,,0,,,,,,,,,,,,
3HTX-A,no_retained_hit,,0,,,,,,,,,,,,
1S1E-A,identity_ge95,100.0,2,1S6C-A,374.0,0.8170000000000001,81.7,2.3e-134,,,,,183,224,183
4V6W-AJ,identity_70_lt95,89.8,4,6D90-KK,313.0,0.903,90.3,1.81e-110,,,,,176,195,194
1UMY-A,identity_lt30,23.8,2,5DML-A,53.9,0.722,72.2,3.53e-08,,,,,320,407,310
2OL2-A,identity_ge95,100.0,1,3DY0-A,647.0,0.851,85.1,7.15e-237,,,,,336,395,336
6DZ3-A,identity_40_lt50,46.8,1,4L6I-A,286.0,0.902,90.2,2.66e-96,,,,,284,297,320
3WF0-A,identity_30_lt40,36.1,1,6EON-A,367.0,0.885,88.5,5.41e-117,,,,,612,678,779
3P4P-D,no_retained_hit,,0,,,,,,,,,,,,
4N9F-a,identity_ge95,98.6,1,2JHB-A,283.0,0.8290000000000001,82.9,6.23e-100,,,,,141,170,143
5B8A-A,identity_50_lt70,62.9,2,1WE0-A,260.0,0.9640000000000001,96.4,9.22e-90,,,,,186,192,187
2IJA-A,identity_30_lt40,33.5,9,2BSZ-A,115.0,0.81,81.0,1.25e-30,,,,,239,295,278
3V8E-A,identity_30_lt40,31.9,1,3PL1-A,85.1,0.991,99.1,8.18e-21,,,,,216,216,186
5JKM-A,identity_70_lt95,90.1,3,5GN8-B,257.0,0.831,83.1,2.67e-89,,,,,152,183,146
4XHR-A,identity_30_lt40,32.6,1,6I3V-F,97.4,0.899,89.9,6.81e-26,,,,,172,189,182
6EU0-Q,no_retained_hit,,0,,,,,,,,,,,,
2D44-A,no_retained_hit,,0,,,,,,,,,,,,
5TXT-B,identity_40_lt50,47.8,1,2BWN-A,371.0,0.8370000000000001,83.7,1.28e-125,,,,,416,491,401
4BSZ-A,identity_70_lt95,88.8,3,3JAP-D,405.0,0.955,95.5,1.59e-145,,,,,233,244,237
1BD8-A,identity_70_lt95,83.8,1,1BLX-B,202.0,0.987,98.7,1.07e-67,,,,,154,156,166
1CJL-A,identity_ge95,98.4,1,3HWN-A,532.0,0.8270000000000001,82.7,2.64e-194,,,,,258,312,258
4V6W-CK,identity_70_lt95,79.9,2,6D9J-t,276.0,0.9940000000000001,99.4,2.37e-96,,,,,164,165,195
3CIR-B,identity_30_lt40,30.1,2,5XMJ-B,94.4,0.877,87.7,2.47e-23,,,,,219,243,264
6EF3-H,identity_ge95,100.0,2,6EF0-H,512.0,0.55,55.00000000000001,1.15e-183,,,,,257,467,257
4AD9-A,identity_lt30,28.1,2,1XM8-A,52.0,0.561,56.10000000000001,5.68e-08,,,,,167,289,254
6N8J-m,identity_lt30,25.6,1,5T62-W,116.0,0.5329999999999999,53.29999999999999,8.82e-28,,,,,324,486,651
3D4J-A,identity_70_lt95,85.1,2,3F0N-A,654.0,0.97,97.0,2.02e-238,,,,,388,400,414
4V6W-AR,identity_70_lt95,81.1,5,5VYC-R1,191.0,0.9309999999999999,93.1,3.79e-64,,,,,122,131,135
5WUA-A,no_retained_hit,,0,,,,,,,,,,,,
6E2H-E,identity_ge95,100.0,1,4RT4-A,115.0,0.59,59.0,7.08e-36,,,,,59,100,66
6FAI-k,identity_70_lt95,91.0,1,5IW7-A,1318.0,0.943,94.3,0.0,,,,,743,788,704
4N0I-A,identity_30_lt40,36.8,3,3AL0-A,256.0,0.9009999999999999,90.1,2.22e-80,,,,,421,464,475
1FIT-A,identity_40_lt50,49.3,1,1EMS-A,122.0,0.9520000000000001,95.2,7.79e-34,,,,,140,147,440
2Q3S-A,no_retained_hit,,0,,,,,,,,,,,,
6A5L-b,identity_ge95,100.0,3,3W99-B,170.0,0.821,82.1,9.03e-57,,,,,87,106,105
1KQG-B,identity_30_lt40,38.8,2,2VPY-B,110.0,0.636,63.6,1.37e-29,,,,,188,294,195
4QH7-A,identity_70_lt95,94.5,3,1PWK-A,174.0,0.9470000000000001,94.7,1.07e-58,,,,,91,94,91
4PDE-A,identity_30_lt40,30.9,1,2PW9-A,89.4,0.8809999999999999,88.1,4.61e-21,,,,,256,285,268
2FGE-A,no_retained_hit,,0,,,,,,,,,,,,
3H5L-A,identity_lt30,26.9,1,4GNR-A,51.2,0.49200000000000005,49.2,3.27e-07,,,,,208,419,353
6GIQ-A,identity_30_lt40,30.0,1,1BCC-A,164.0,0.9470000000000001,94.7,7.46e-46,,,,,446,457,446
2BEC-A,identity_40_lt50,42.4,2,5ZOR-A,48.5,0.327,32.7,1.24e-07,,,,,66,202,149
4V6W-CM,identity_40_lt50,47.3,1,5LZW-M,111.0,0.675,67.5,2.44e-31,,,,,112,166,218
1XX4-A,identity_lt30,24.6,1,2IEX-A,49.3,0.72,72.0,3.97e-07,,,,,191,261,272
5Y31-B,no_retained_hit,,0,,,,,,,,,,,,
6MSN-A,no_retained_hit,,0,,,,,,,,,,,,
4IL1-A,no_retained_hit,,0,,,,,,,,,,,,
5MQF-o,identity_ge95,100.0,2,3UCH-A,365.0,0.575,57.49999999999999,7.54e-130,,,,,173,301,174
1M5Y-A,identity_70_lt95,73.3,1,2PV3-A,513.0,1.0,100.0,2.92e-184,,,,,408,408,299
4V8T-O,identity_70_lt95,93.5,4,4V91-O,355.0,1.0,100.0,4.03e-124,,,,,199,199,398
1N2D-A,identity_ge95,100.0,2,2FCE-A,135.0,0.473,47.3,5.89e-43,,,,,70,148,70
4JQC-A,identity_50_lt70,61.4,4,4J3F-A,333.0,0.9890000000000001,98.9,1.27e-115,,,,,280,282,280
1QWI-A,identity_40_lt50,45.3,1,1UKK-A,113.0,0.958,95.8,3.64e-33,,,,,139,143,142
4K95-A,identity_ge95,99.1,2,4K7D-A,722.0,0.7020000000000001,70.2,2.13e-265,,,,,330,470,330
6JPF-A,identity_30_lt40,30.3,1,5Z1F-A,314.0,0.882,88.2,2.42e-96,,,,,692,772,724
3J6B-2,no_retained_hit,,0,,,,,,,,,,,,
2ET1-A,no_retained_hit,,0,,,,,,,,,,,,
3HVS-A,identity_70_lt95,79.5,1,2XPD-A,264.0,0.9940000000000001,99.4,1.6e-91,,,,,166,167,200
4GWP-C,identity_30_lt40,37.5,1,5H7C-A,108.0,0.302,30.2,2.01e-26,,,,,261,407,404
3O4R-A,identity_70_lt95,84.2,1,2ZAT-A,432.0,0.996,99.6,1.09e-155,,,,,260,261,260
4V8Y-AN,identity_70_lt95,92.7,3,3J81-N,276.0,1.0,100.0,1.48e-97,,,,,151,151,151
4C2K-A,identity_40_lt50,44.2,7,4O9A-A,298.0,0.9229999999999999,92.3,4.11e-98,,,,,387,417,398
1WUU-A,identity_lt30,29.4,1,2A2C-A,145.0,0.945,94.5,3.32e-39,,,,,436,399,478
3LY6-A,identity_40_lt50,43.5,1,1G0D-A,528.0,0.963,96.3,8.55e-180,,,,,695,697,695
4UAQ-A,identity_30_lt40,35.6,2,3DIN-A,379.0,0.826,82.6,4.37e-119,,,,,755,778,871
4X51-A,identity_70_lt95,75.0,1,1VLK-A,230.0,0.914,91.4,5.21e-79,,,,,148,162,145
4V6W-AA,identity_70_lt95,73.5,3,4UJC-CA,335.0,0.7,70.0,3.94e-116,,,,,219,313,263
1TEV-A,identity_50_lt70,52.3,3,1QF9-A,189.0,0.995,99.5,1.23e-61,,,,,195,196,194
5ON6-q,identity_70_lt95,81.6,2,5IT7-HH,325.0,0.995,99.5,1.3e-115,,,,,190,191,191
3WAI-A,identity_ge95,99.2,2,4OZQ-A,741.0,0.498,49.8,2.81e-262,,,,,368,739,720
3O4F-A,identity_30_lt40,38.5,2,1INL-A,186.0,0.912,91.2,1.2e-57,,,,,270,294,296
6GEJ-T,identity_70_lt95,71.0,3,5FM7-A,640.0,0.991,99.1,6.28e-231,,,,,459,463,464
6AHU-H,no_retained_hit,,0,,,,,,,,,,,,
3E9K-A,no_retained_hit,,0,,,,,,,,,,,,
4A6D-A,identity_lt30,26.8,1,6C5B-A,108.0,0.895,89.5,3.57e-27,,,,,317,353,341
4MCR-A,identity_70_lt95,71.5,2,3FED-A,1041.0,0.909,90.9,0.0,,,,,688,757,707
6AHV-A,no_retained_hit,,0,,,,,,,,,,,,
4IKM-A,identity_ge95,98.6,1,4OZQ-A,728.0,0.787,78.7,1.12e-261,,,,,369,469,720
6C9M-B,identity_30_lt40,37.8,2,5C88-A,95.1,0.631,63.1,1.5e-24,,,,,156,236,173
5ZYT-A,identity_ge95,100.0,1,5ZYW-A,512.0,0.784,78.4,4.38e-186,,,,,254,324,254
6EM5-I,no_retained_hit,,0,,,,,,,,,,,,
6CNB-D,no_retained_hit,,0,,,,,,,,,,,,
4O0G-A,identity_70_lt95,79.6,1,4O47-A,493.0,0.997,99.7,1.21e-177,,,,,309,309,332
1U2M-A,no_retained_hit,,0,,,,,,,,,,,,
4V6W-AU,identity_70_lt95,81.7,4,6IP8-21,187.0,0.958,95.8,3.42e-63,,,,,115,120,119
4I6J-A,identity_50_lt70,50.2,1,3FY4-A,497.0,0.899,89.9,3.05e-172,,,,,504,544,537
6BGI-A,identity_30_lt40,39.5,1,6QPC-A,557.0,0.9329999999999999,93.3,2.34e-185,,,,,884,912,911
6D6Q-K,identity_30_lt40,33.9,1,4PMW-A,356.0,0.728,72.8,8e-110,,,,,772,960,770
3E6I-A,identity_50_lt70,57.4,1,1N6B-A,578.0,0.998,99.8,2.94e-206,,,,,476,476,473
2Y6V-A,no_retained_hit,,0,,,,,,,,,,,,
2A14-A,no_retained_hit,,0,,,,,,,,,,,,
1RY2-A,identity_50_lt70,56.5,2,5U29-A,705.0,0.94,94.0,6.23e-250,,,,,623,663,694
2JZC-A,identity_30_lt40,37.0,1,3CTF-A,46.2,0.522,52.2,7.75e-07,,,,,127,224,129
4YDZ-A,identity_30_lt40,36.1,1,6F2R-T,48.5,0.447,44.7,7.25e-08,,,,,72,159,161
3UBW-A,identity_70_lt95,79.7,3,5LHO-A,351.0,0.885,88.5,1.13e-123,,,,,232,261,253
5MRE-H,identity_40_lt50,46.3,1,4V4I-H,99.4,0.7559999999999999,75.6,3.07e-27,,,,,121,160,163
1DCE-A,identity_70_lt95,74.4,1,3C72-A,610.0,0.778,77.8,1.9e-219,,,,,441,567,334
6D6Q-B,identity_30_lt40,38.1,1,2BA0-F,159.0,0.932,93.2,4.2e-48,,,,,236,249,258
4V6D-AT,identity_40_lt50,44.6,1,5MYJ-AT,54.3,0.9540000000000001,95.4,1.24e-11,,,,,83,87,77
6ENY-G,identity_70_lt95,84.2,2,3RG0-A,521.0,0.87,87.0,3.23e-187,,,,,348,400,332
1S5E-A,identity_ge95,98.4,2,2A5F-B,406.0,0.8,80.0,1.39e-146,,,,,192,240,193
4FOI-A,identity_50_lt70,64.2,2,3HM8-A,568.0,0.484,48.4,4.37e-196,,,,,444,917,445
4IFP-A,identity_ge95,98.6,2,4OZQ-A,728.0,0.792,79.2,9.97e-262,,,,,369,466,720
6GYK-M,no_retained_hit,,0,,,,,,,,,,,,
3TIX-A,identity_ge95,100.0,5,5UJM-A,209.0,0.633,63.3,2.59e-65,,,,,131,207,522
4AKR-A,identity_30_lt40,38.0,1,6F1U-K,193.0,0.986,98.6,1.19e-60,,,,,279,281,286
4CFF-A,identity_ge95,95.1,1,5EZV-A,1011.0,0.965,96.5,0.0,,,,,551,571,560
5C3E-H,identity_50_lt70,64.9,1,5X4Z-H,174.0,1.0,100.0,3.31e-57,,,,,148,146,145
2KN6-A,identity_ge95,100.0,2,3J63-A,175.0,0.423,42.3,3.79e-57,,,,,91,215,91
3QF3-A,no_retained_hit,,0,,,,,,,,,,,,
2O06-A,identity_50_lt70,58.7,2,2B2C-A,361.0,0.941,94.1,5.41e-126,,,,,286,304,314
3UEE-A,identity_70_lt95,83.6,1,1M4M-A,248.0,0.9590000000000001,95.9,2.27e-86,,,,,140,146,140
5EBE-A,identity_70_lt95,83.0,1,5FCB-A,726.0,0.986,98.6,2.78e-266,,,,,412,418,433
6HU9-F,identity_ge95,100.0,1,4PD4-F,155.0,0.503,50.3,1.1e-50,,,,,74,147,74
5MRF-EE,identity_30_lt40,37.8,3,4V8O-AE,86.3,0.505,50.5,8.33e-21,,,,,148,293,162
4MD7-E,identity_ge95,99.7,1,6EII-A,678.0,0.836,83.6,5.06e-249,,,,,327,391,352
3TJJ-A,identity_70_lt95,86.1,2,3QPM-A,422.0,0.9059999999999999,90.6,7.41e-152,,,,,230,254,240
4D4O-A,no_retained_hit,,0,,,,,,,,,,,,
5N7D-A,identity_50_lt70,55.6,1,1HM6-A,330.0,0.733,73.3,2.4e-111,,,,,313,427,346
6O9L-K,identity_30_lt40,38.1,1,6J4X-K,85.1,0.897,89.7,8.11e-23,,,,,105,117,118
6HIZ-CR,no_retained_hit,,0,,,,,,,,,,,,
1Y8N-A,no_retained_hit,,0,,,,,,,,,,,,
5MRC-c,no_retained_hit,,0,,,,,,,,,,,,
3IEI-A,identity_70_lt95,91.8,1,3O7W-A,579.0,0.946,94.6,8.73e-212,,,,,316,334,294
3J6B-N,identity_ge95,100.0,1,5MRF-N,226.0,0.733,73.3,4.83e-78,,,,,118,161,118
1XLY-A,identity_ge95,100.0,1,5M0J-D,449.0,1.0,100.0,1.69e-161,,,,,234,234,328
1XQ8-A,identity_ge95,100.0,1,6H6B-A,103.0,0.8640000000000001,86.4,1.54e-29,,,,,121,140,121
3C1J-A,identity_30_lt40,37.7,1,2B2H-A,254.0,0.941,94.1,6.37e-81,,,,,403,424,399
6BUZ-A,identity_ge95,100.0,2,3NQJ-A,161.0,0.506,50.6,1.18e-52,,,,,81,160,82
6DK0-A,no_retained_hit,,0,,,,,,,,,,,,
3P8C-E,identity_50_lt70,50.9,1,3PP5-A,65.5,0.733,73.3,2.88e-16,,,,,55,75,73
1T1U-A,identity_70_lt95,87.6,1,2FY4-A,1055.0,0.956,95.6,0.0,,,,,611,639,612
1QH4-A,identity_70_lt95,90.5,2,4Q2R-A,717.0,1.0,100.0,1.95e-264,,,,,380,380,381
5W62-A,identity_70_lt95,92.5,3,5W5Z-A,295.0,0.8390000000000001,83.9,3.95e-104,,,,,161,192,163
6IB8-A,identity_40_lt50,43.5,3,3LV0-A,207.0,0.934,93.4,1.32e-66,,,,,253,271,267
6N1K-A,identity_50_lt70,55.8,1,5L01-A,495.0,0.945,94.5,1.79e-174,,,,,430,451,444
4X9P-A,identity_50_lt70,54.4,1,1HM6-A,330.0,0.953,95.3,1.29e-112,,,,,327,343,346
3SN5-A,identity_lt30,23.6,1,5JLC-A,97.4,0.914,91.4,9.5e-22,,,,,478,491,515
1N7G-A,identity_50_lt70,53.3,1,1DB3-A,383.0,0.887,88.7,1.53e-132,,,,,366,381,372
5CM8-B,identity_70_lt95,86.0,3,1ZC4-A,286.0,0.8420000000000001,84.2,4.18e-100,,,,,171,203,175
5T62-X,identity_70_lt95,75.5,1,5M3Q-A,378.0,0.924,92.4,4.16e-134,,,,,245,264,254
2GMH-A,no_retained_hit,,0,,,,,,,,,,,,
1F1A-A,identity_50_lt70,62.3,1,3CE1-A,194.0,0.981,98.1,1.16e-64,,,,,151,154,168
1A9W-E,identity_70_lt95,80.0,7,1FDH-G,248.0,0.993,99.3,2.02e-86,,,,,145,146,147
5JUU-R,identity_70_lt95,87.5,2,5IT7-MM,210.0,0.986,98.6,1.25e-71,,,,,136,138,136
1GU6-A,identity_50_lt70,63.8,4,3UBR-A,606.0,0.96,96.0,3.99e-218,,,,,437,452,439
4UG0-LN,identity_70_lt95,71.1,5,5DAT-M5,291.0,0.995,99.5,1.75e-101,,,,,204,204,204
5L8W-A,identity_ge95,100.0,2,5K1A-A,670.0,0.88,88.0,1.41e-246,,,,,331,376,331
3WSO-B,identity_ge95,95.9,2,1FS2-B,249.0,0.8859999999999999,88.6,1.29e-86,,,,,147,166,141
1W3W-A,identity_50_lt70,56.6,3,1I4A-A,339.0,0.966,96.6,9.25e-117,,,,,316,327,318
4M9Z-A,identity_lt30,21.8,1,4GGA-A,48.1,0.568,56.8,6.74e-06,,,,,326,549,420
1KAE-A,identity_50_lt70,51.4,4,6AN0-A,387.0,0.9590000000000001,95.9,2.66e-132,,,,,420,434,447
4KMH-A,identity_70_lt95,91.7,1,4KM8-A,851.0,1.0,100.0,2.54e-314,,,,,484,484,444
6IYY-A,identity_30_lt40,34.9,1,5LTD-A,154.0,0.8109999999999999,81.1,4.78e-43,,,,,292,317,525
2P6F-A,identity_40_lt50,45.2,2,4C2X-A,323.0,0.862,86.2,3.5e-107,,,,,392,455,410
1ZUA-X,identity_70_lt95,82.2,4,1FRB-A,536.0,0.9940000000000001,99.4,1.12e-194,,,,,315,317,315
3ZHW-A,identity_70_lt95,79.7,2,3QQQ-A,249.0,0.988,98.8,1.77e-86,,,,,158,160,168
2F2P-A,identity_70_lt95,91.8,4,3EK4-A,179.0,0.821,82.1,5.08e-55,,,,,147,179,451
2P27-A,identity_70_lt95,72.8,1,4BKM-A,417.0,0.9740000000000001,97.4,6.39e-148,,,,,309,306,309
4G59-A,no_retained_hit,,0,,,,,,,,,,,,
6IP5-1D,identity_70_lt95,71.7,4,6HD7-E,390.0,0.988,98.8,3e-139,,,,,254,257,254
4F7Z-A,no_retained_hit,,0,,,,,,,,,,,,
4V7R-BE,identity_70_lt95,87.5,1,5IT7-DD,511.0,0.993,99.3,1.93e-185,,,,,295,297,295
5W61-A,identity_ge95,100.0,4,5W5Z-A,323.0,0.84,84.0,4.54e-115,,,,,163,194,163
5JM5-A,identity_70_lt95,72.1,3,2HE8-A,481.0,0.973,97.3,7.95e-173,,,,,323,332,323
5MRF-33,identity_lt30,24.0,1,3H1S-A,46.6,0.965,96.5,1.8e-06,,,,,254,255,195
2H6F-A,identity_70_lt95,91.7,1,2BED-A,407.0,0.8190000000000001,81.9,8.14e-143,,,,,313,382,313
3PFQ-A,identity_70_lt95,85.6,1,4RA4-A,618.0,0.506,50.6,1.25e-220,,,,,341,674,355
3MV2-B,no_retained_hit,,0,,,,,,,,,,,,
2VCV-A,identity_70_lt95,78.4,2,5LCZ-A,347.0,1.0,100.0,3.91e-123,,,,,222,222,222
5X49-A,identity_30_lt40,34.9,3,5WZE-A,263.0,0.956,95.6,1.41e-83,,,,,453,456,452
3K4D-A,identity_50_lt70,54.8,2,5C70-A,677.0,0.995,99.5,3.46e-241,,,,,608,605,612
4IJX-A,identity_40_lt50,48.6,1,1KTG-A,129.0,0.9159999999999999,91.6,1.54e-39,,,,,142,155,138
2PME-A,identity_lt30,28.8,2,5Z5E-A,223.0,0.8270000000000001,82.7,5.07e-65,,,,,614,693,534
2D73-A,identity_30_lt40,39.9,1,5HQA-A,503.0,0.9490000000000001,94.9,4.12e-170,,,,,722,738,669
6HHQ-5,identity_ge95,100.0,1,6GQB-U,197.0,0.826,82.6,2.11e-67,,,,,100,121,100
4X0T-A,identity_70_lt95,85.1,1,2JG7-A,913.0,0.9940000000000001,99.4,0.0,,,,,510,513,510
5VBN-A,no_retained_hit,,0,,,,,,,,,,,,
1SVA-1,identity_70_lt95,81.9,2,6GG0-1,622.0,0.997,99.7,3.9e-227,,,,,360,361,362
2FHY-A,identity_70_lt95,90.8,3,1BK4-A,627.0,0.9009999999999999,90.1,2.7e-229,,,,,337,374,337
4GAC-A,identity_70_lt95,91.0,1,1HQT-A,615.0,0.997,99.7,9.06e-226,,,,,323,324,326
5ZWM-X,identity_50_lt70,54.9,1,6FF4-1,126.0,0.75,75.0,2.97e-36,,,,,113,148,322
2VHY-A,identity_50_lt70,57.0,1,2EEZ-A,394.0,0.981,98.1,6.8e-137,,,,,370,377,369
1Q1Q-A,identity_ge95,100.0,2,1Q22-A,605.0,0.826,82.6,6.07e-222,,,,,289,350,299
2UZZ-A,identity_40_lt50,42.3,1,3BHF-A,282.0,0.9890000000000001,98.9,7.46e-93,,,,,376,372,390
5JQM-A,identity_ge95,100.0,1,5JQL-B,182.0,0.304,30.4,2.95e-59,,,,,86,283,86
4BJ6-A,no_retained_hit,,0,,,,,,,,,,,,
1RYX-A,identity_70_lt95,80.8,1,1DOT-A,1179.0,1.0,100.0,0.0,,,,,686,686,686
3IBD-A,identity_70_lt95,79.1,2,4H1N-A,763.0,0.9940000000000001,99.4,2.59e-279,,,,,473,476,479
2L3Y-A,no_retained_hit,,0,,,,,,,,,,,,
1OQY-A,no_retained_hit,,0,,,,,,,,,,,,
3I6A-A,identity_70_lt95,80.5,2,5LCZ-A,357.0,0.995,99.5,6.09e-127,,,,,221,222,222
3SS9-X,identity_lt30,27.5,1,1VE5-A,52.0,0.552,55.2,1.72e-07,,,,,247,442,311
4Z6Y-B,no_retained_hit,,0,,,,,,,,,,,,
4NIK-A,identity_70_lt95,94.7,1,2DWZ-A,155.0,0.33,33.0,2.38e-47,,,,,76,230,231
5OQJ-0,no_retained_hit,,0,,,,,,,,,,,,
5HI9-A,identity_ge95,99.8,1,6BO5-A,1264.0,0.852,85.2,0.0,,,,,656,770,695
4EJS-C,no_retained_hit,,0,,,,,,,,,,,,
2PN7-A,no_retained_hit,,0,,,,,,,,,,,,
4AH6-A,identity_30_lt40,39.9,1,5W25-A,385.0,0.9420000000000001,94.2,1.16e-126,,,,,602,617,616
5MRE-88,identity_30_lt40,31.6,1,3JU1-A,139.0,0.74,74.0,7.87e-37,,,,,348,457,407
6G90-J,no_retained_hit,,0,,,,,,,,,,,,
5LXH-A,identity_70_lt95,84.5,1,3M95-A,204.0,0.943,94.3,1.31e-69,,,,,116,123,125
4KPR-E,identity_70_lt95,90.8,2,2CFY-A,951.0,1.0,100.0,0.0,,,,,499,499,521
5YAM-A,identity_70_lt95,83.1,2,5UIW-B,111.0,0.855,85.5,1.75e-34,,,,,59,69,75
5ZWN-S,no_retained_hit,,0,,,,,,,,,,,,
4FR3-A,identity_50_lt70,56.9,2,2NPM-A,251.0,0.9740000000000001,97.4,2.3e-84,,,,,232,234,260
1L1F-A,identity_ge95,98.0,1,6DHM-A,1008.0,1.0,100.0,0.0,,,,,505,505,582
2Q7R-A,no_retained_hit,,0,,,,,,,,,,,,
5X6U-A,no_retained_hit,,0,,,,,,,,,,,,
1I45-A,identity_50_lt70,51.0,1,4MKN-A,257.0,0.976,97.6,1.42e-86,,,,,243,248,270
3DZU-A,identity_ge95,100.0,2,4NQA-A,701.0,0.7490000000000001,74.9,1.19e-256,,,,,350,467,365
2B0U-C,identity_40_lt50,47.9,1,3B4V-C,233.0,0.7290000000000001,72.9,9.95e-77,,,,,211,288,237
5MRE-B,identity_40_lt50,43.4,2,6HA1-C,206.0,0.728,72.8,2.28e-64,,,,,288,393,277
6DPQ-A,no_retained_hit,,0,,,,,,,,,,,,
2GJX-A,identity_50_lt70,56.9,1,1O7A-A,610.0,0.992,99.2,1.48e-217,,,,,503,507,515
5K23-A,identity_70_lt95,89.6,1,3RZ2-A,307.0,0.862,86.2,1.63e-108,,,,,163,189,189
1HSJ-A,identity_ge95,98.4,2,5W0U-B,737.0,0.7659999999999999,76.6,1.66e-267,,,,,373,487,549
1Q14-A,identity_ge95,99.7,1,2OD2-A,603.0,0.825,82.5,1.53e-220,,,,,298,361,308
4Z5T-A,identity_70_lt95,91.7,2,3W98-A,183.0,0.775,77.5,1.88e-61,,,,,108,138,112
2NPI-A,identity_lt30,25.9,1,4OI0-A,128.0,0.88,88.0,6.75e-33,,,,,432,460,431
5VOY-b,identity_ge95,100.0,2,5TJ5-A,860.0,0.512,51.2,1.91e-308,,,,,430,840,680
3DXR-B,no_retained_hit,,0,,,,,,,,,,,,
2WEF-A,identity_70_lt95,91.7,1,1JP4-A,551.0,0.971,97.1,7.78e-201,,,,,302,311,308
3HHS-B,identity_40_lt50,43.3,2,3IXV-A,493.0,0.8759999999999999,87.6,2.95e-167,,,,,605,684,626
6ENY-D,no_retained_hit,,0,,,,,,,,,,,,
5G04-F,no_retained_hit,,0,,,,,,,,,,,,
3FKY-A,identity_50_lt70,51.3,1,4BAX-A,342.0,0.903,90.3,9.11e-117,,,,,339,370,344
1Y8B-A,identity_50_lt70,59.1,2,5VFB-A,872.0,0.9790000000000001,97.9,7.88e-314,,,,,721,731,728
4DA5-A,identity_30_lt40,37.8,1,1NW1-A,252.0,0.8009999999999999,80.1,1.57e-79,,,,,397,457,429
3X07-A,identity_70_lt95,76.8,1,2YBX-A,593.0,0.9670000000000001,96.7,5.84e-215,,,,,380,393,394
1JCN-A,identity_50_lt70,62.0,5,4Z87-A,617.0,0.9790000000000001,97.9,5.09e-220,,,,,510,514,525
1SXJ-D,identity_40_lt50,40.3,1,1IQP-A,214.0,0.96,96.0,3.12e-67,,,,,340,353,327
5MQ5-A,identity_50_lt70,55.7,5,1WSA-A,343.0,0.9790000000000001,97.9,2.52e-118,,,,,327,332,330
2F9G-A,identity_40_lt50,42.4,1,4QNY-A,275.0,0.977,97.7,6.65e-91,,,,,349,353,354
6ASO-A,no_retained_hit,,0,,,,,,,,,,,,
3CB8-A,identity_30_lt40,33.3,1,3CAN-A,100.0,0.71,71.0,2.03e-26,,,,,177,245,182
6GD1-A,identity_ge95,98.2,4,4KCB-A,228.0,0.5529999999999999,55.3,2.17e-73,,,,,114,206,447
4WZJ-C,identity_ge95,100.0,2,5XJU-A,162.0,0.695,69.5,1.15e-53,,,,,82,118,82
2V64-D,no_retained_hit,,0,,,,,,,,,,,,
4XPM-C,no_retained_hit,,0,,,,,,,,,,,,
3J9K-B,identity_ge95,99.4,1,2FP3-A,645.0,0.7,70.0,1.18e-235,,,,,315,450,316
1D0M-A,identity_40_lt50,46.5,1,5O8X-A,270.0,0.953,95.3,6.51e-90,,,,,312,322,306
6G4T-A,identity_50_lt70,54.3,1,3D0N-A,303.0,0.934,93.4,3.83e-104,,,,,256,274,264
3GNI-A,identity_70_lt95,93.8,2,4KZG-A,563.0,0.95,95.0,4.86e-205,,,,,324,341,327
5V8F-D,identity_lt30,27.3,1,4XGC-D,113.0,0.618,61.8,3.5e-27,,,,,366,529,459
4P1M-A,identity_lt30,28.1,1,1T3U-A,50.4,0.7240000000000001,72.4,2.19e-09,,,,,89,123,104
2RCM-A,identity_50_lt70,63.2,1,3DBM-A,627.0,0.9390000000000001,93.9,4.35e-225,,,,,467,495,473
5HTK-A,identity_70_lt95,94.7,2,5HR5-A,953.0,1.0,100.0,0.0,,,,,507,505,531
6HMD-A,identity_70_lt95,86.7,2,6EII-A,592.0,0.885,88.5,1.19e-215,,,,,323,365,352
1NTF-A,identity_30_lt40,38.5,1,5A7J-A,89.4,0.415,41.5,8.46e-21,,,,,122,282,313
4D28-A,identity_ge95,100.0,2,2EHB-D,278.0,0.321,32.1,1.09e-93,,,,,143,446,143
3T0O-A,identity_30_lt40,32.9,4,3M7M-X,89.0,0.622,62.2,1.39e-21,,,,,170,238,235
1YHP-A,no_retained_hit,,0,,,,,,,,,,,,
5IY9-V,identity_70_lt95,92.0,1,6NMI-A,1239.0,0.8909999999999999,89.1,0.0,,,,,697,782,653
4FIP-A,identity_lt30,23.0,1,5GVI-A,91.7,0.6890000000000001,68.9,4.69e-20,,,,,434,476,444
6ID1-V,identity_ge95,99.9,2,5XDR-A,1338.0,0.863,86.3,0.0,,,,,686,795,690
1E6B-A,identity_40_lt50,40.8,2,2JL4-A,150.0,0.946,94.6,1.34e-45,,,,,213,221,213
5U6Y-A,identity_ge95,100.0,3,2VZ6-A,597.0,0.631,63.1,1.73e-216,,,,,291,461,313
5TC4-A,identity_50_lt70,56.1,1,5ZF1-A,332.0,0.927,92.7,1.31e-114,,,,,294,316,301
4KI7-A,identity_50_lt70,52.9,5,2UYG-A,141.0,0.9079999999999999,90.8,5.64e-44,,,,,140,153,149
6O8B-A,identity_ge95,99.7,1,4EUT-A,772.0,0.5770000000000001,57.70000000000001,7.12e-281,,,,,384,665,396
6FON-A,identity_ge95,100.0,1,6FOL-A,303.0,0.5870000000000001,58.70000000000001,2.33e-106,,,,,148,252,150
2CA6-A,no_retained_hit,,0,,,,,,,,,,,,
4J5T-A,identity_lt30,18.7,1,4WVB-A,51.6,0.534,53.400000000000006,7.73e-07,,,,,470,811,420
4H4F-A,identity_70_lt95,80.3,2,1PYT-D,413.0,0.96,96.0,2.88e-148,,,,,239,249,251
1ZS9-A,identity_30_lt40,33.5,1,2G80-A,119.0,0.927,92.7,1.05e-32,,,,,251,261,253
4BVU-A,no_retained_hit,,0,,,,,,,,,,,,
2I2Q-A,identity_50_lt70,50.4,2,1CNU-A,138.0,0.9490000000000001,94.9,2.5e-43,,,,,131,137,137
5TK5-A,identity_70_lt95,86.3,1,3FE5-A,513.0,0.983,98.3,8.7e-187,,,,,285,290,285
2HY7-A,no_retained_hit,,0,,,,,,,,,,,,
3TE5-C,identity_50_lt70,51.3,1,2OOY-G,311.0,0.932,93.2,7.53e-106,,,,,304,323,333
4Q75-A,identity_50_lt70,63.1,1,1T3I-A,516.0,0.953,95.3,3.07e-183,,,,,409,429,420
5LZU-ii,identity_ge95,100.0,5,2KTV-A,328.0,0.353,35.3,6.64e-113,,,,,162,459,170
5GM6-Y,identity_50_lt70,51.6,6,6FA9-A,611.0,0.76,76.0,1.77e-210,,,,,677,876,655
6HYN-A,identity_70_lt95,90.5,1,3M95-A,215.0,0.841,84.1,6.4e-74,,,,,116,138,125
3TUJ-C,no_retained_hit,,0,,,,,,,,,,,,
2BR9-A,identity_70_lt95,79.7,3,5LHO-A,349.0,0.983,98.3,3.23e-123,,,,,231,234,253
4O8B-A,identity_50_lt70,50.5,1,4JCY-A,98.6,0.779,77.9,2.8e-28,,,,,95,122,98
6APJ-A,identity_30_lt40,33.0,1,2WNF-A,91.3,0.47600000000000003,47.6,5.74e-21,,,,,185,374,298
4X6Q-B,identity_ge95,98.0,3,1CX4-A,594.0,0.733,73.3,2.66e-216,,,,,305,416,305
3VW9-A,identity_70_lt95,90.2,1,4OPN-A,353.0,0.9840000000000001,98.4,9.17e-127,,,,,184,187,184
6MZM-G,identity_70_lt95,91.9,1,6F3T-A,694.0,0.759,75.9,1.38e-244,,,,,607,800,608
4JOD-A,identity_lt30,24.1,1,3P39-A,68.2,0.705,70.5,8.26e-13,,,,,299,396,147
5SZH-B,identity_ge95,97.1,1,3L0I-B,335.0,0.857,85.7,3.04e-119,,,,,174,203,199
3J6Y-19,identity_70_lt95,88.2,1,3J80-T,260.0,1.0,100.0,2.23e-91,,,,,144,144,144
2Y75-A,identity_70_lt95,70.1,3,3LWF-A,181.0,0.9840000000000001,98.4,3.41e-60,,,,,127,129,159
3S5N-A,identity_30_lt40,31.1,3,1XKY-A,143.0,0.941,94.1,5.66e-41,,,,,286,304,301
6GQZ-A,identity_lt30,22.9,2,5X7Y-A,54.3,0.897,89.7,9.28e-10,,,,,157,174,177
6FYY-p,identity_ge95,100.0,1,4U1F-A,1024.0,0.647,64.7,0.0,,,,,494,763,497
4Q2U-A,no_retained_hit,,0,,,,,,,,,,,,
4V6W-CC,identity_50_lt70,69.9,3,5LZS-C,476.0,0.845,84.5,3.91e-168,,,,,339,401,425
6HU9-b,identity_40_lt50,44.3,1,5Z62-B,189.0,0.9279999999999999,92.8,1.43e-60,,,,,219,236,227
1QQW-A,identity_70_lt95,91.5,1,5GKN-A,1021.0,1.0,100.0,0.0,,,,,527,527,527
2Q49-A,identity_70_lt95,74.9,1,2CVO-A,530.0,0.978,97.8,1.02e-190,,,,,351,359,366
1SQI-A,identity_70_lt95,89.8,1,5EC3-A,734.0,1.0,100.0,1.44e-270,,,,,393,393,393
4XD9-B,identity_ge95,100.0,1,5BY8-B,167.0,0.385,38.5,2.97e-54,,,,,85,221,85
1LTX-R,identity_lt30,29.3,3,6C87-A,100.0,0.302,30.2,1.83e-22,,,,,215,650,452
6QAO-A,identity_70_lt95,70.1,1,1BPW-A,732.0,0.98,98.0,6.62e-266,,,,,498,508,503
2IX5-A,identity_30_lt40,38.8,4,2EBA-A,271.0,0.8759999999999999,87.6,1.14e-87,,,,,384,436,385
5Y2G-A,identity_ge95,99.1,2,5H6I-A,402.0,0.365,36.5,1.05e-138,,,,,217,595,246
4AJU-A,identity_70_lt95,76.5,1,4AJT-A,530.0,0.8809999999999999,88.1,1.9e-189,,,,,341,387,427
3A58-B,identity_70_lt95,80.2,3,5ZVP-A,293.0,0.941,94.1,7.31e-103,,,,,177,188,181
2A1U-A,identity_30_lt40,33.3,2,6FAH-A,154.0,0.9520000000000001,95.2,1.13e-43,,,,,330,333,396
3J6B-J,identity_ge95,100.0,1,5MRF-J,431.0,0.6829999999999999,68.3,1.62e-154,,,,,220,322,220
2QXL-A,identity_30_lt40,31.9,1,5TKY-A,231.0,0.66,66.0,1.68e-67,,,,,439,658,621
2B8K-G,identity_50_lt70,52.9,1,3H0G-G,200.0,0.7909999999999999,79.1,4.85e-66,,,,,170,215,172
1KYN-A,identity_50_lt70,57.7,4,1EUF-A,263.0,0.9620000000000001,96.2,7.89e-90,,,,,227,235,227
5DIS-D,identity_ge95,99.7,2,4OZQ-A,735.0,0.764,76.4,3.07e-264,,,,,366,479,720
3ZXV-A,identity_50_lt70,62.3,5,4S17-A,602.0,0.977,97.7,1.54e-215,,,,,475,486,481
6EUQ-A,identity_lt30,29.6,1,2GFP-A,63.5,0.33899999999999997,33.9,3.74e-11,,,,,142,419,375
1M9I-A,identity_50_lt70,53.5,6,2ZHI-A,330.0,0.467,46.7,1.28e-108,,,,,314,672,322
6G4W-q,identity_50_lt70,54.3,1,4QTT-B,202.0,0.655,65.5,3.79e-65,,,,,186,281,208
2Q5D-A,identity_ge95,100.0,2,2QNA-A,1470.0,0.855,85.5,0.0,,,,,749,876,762
3KYC-B,identity_ge95,99.8,1,3KYD-B,1086.0,0.835,83.5,0.0,,,,,551,660,551
3IWL-A,no_retained_hit,,0,,,,,,,,,,,,
4L6H-A,identity_50_lt70,61.4,1,4ZTY-A,897.0,0.972,97.2,0.0,,,,,775,789,769
1QLX-A,identity_ge95,99.3,3,2KUN-A,278.0,0.662,66.2,3.43e-97,,,,,139,210,148
6HU9-a,identity_50_lt70,57.0,4,5Z62-A,620.0,0.987,98.7,3.02e-221,,,,,528,534,513
4V6W-CU,identity_50_lt70,67.0,1,6MTC-U,132.0,0.321,32.1,3.54e-39,,,,,97,299,99
3ES9-A,identity_70_lt95,77.3,1,3FJO-A,936.0,0.971,97.1,0.0,,,,,607,618,637
6IOZ-A,identity_lt30,27.9,3,3ED4-A,90.5,0.578,57.8,1.93e-19,,,,,312,517,502
5U03-A,identity_ge95,100.0,2,2VO1-A,551.0,0.462,46.2,1.85e-196,,,,,273,591,295
5LJ5-M,identity_ge95,100.0,1,3U1M-A,501.0,0.708,70.8,6.14e-182,,,,,240,339,240
3J0A-A,identity_lt30,25.8,1,5Y3K-A,66.6,0.34700000000000003,34.7,2.72e-11,,,,,314,844,802
6HYL-A,identity_70_lt95,90.5,1,3M95-A,215.0,0.841,84.1,9.09e-74,,,,,116,138,125
2GGZ-A,identity_40_lt50,46.6,1,2NA0-A,194.0,0.905,90.5,3.22e-63,,,,,193,211,205
4V6W-CE,identity_40_lt50,49.5,1,6GZ4-AE,159.0,0.757,75.7,3.85e-49,,,,,186,243,194
3RJ1-G,identity_lt30,29.8,1,4H61-A,102.0,0.6679999999999999,66.8,9.82e-27,,,,,198,295,175
1KR5-A,identity_50_lt70,55.5,2,1R18-A,240.0,0.951,95.1,1.03e-80,,,,,220,226,227
5IE2-A,identity_30_lt40,32.7,9,3A9U-A,198.0,0.92,92.0,2.79e-57,,,,,490,514,536
6DDT-A,identity_30_lt40,30.2,2,4CVU-A,316.0,0.77,77.0,3.21e-94,,,,,733,868,942
6E2G-A,identity_ge95,98.6,1,2RFA-A,409.0,0.305,30.5,6.89e-140,,,,,222,727,232
1PL8-A,identity_70_lt95,87.9,1,3QE3-A,647.0,0.992,99.2,1.53e-237,,,,,355,356,355
4V6W-CR,identity_50_lt70,68.1,3,4V3P-LT,236.0,0.877,87.7,4.07e-80,,,,,182,203,189
3WG8-A,identity_70_lt95,76.7,2,3NEF-A,298.0,0.8370000000000001,83.7,5.14e-104,,,,,193,227,202
2C3Q-A,identity_50_lt70,53.9,1,4MPF-A,248.0,0.951,95.1,7.36e-83,,,,,241,247,266
2Z2C-A,identity_70_lt95,93.6,6,3KQA-A,759.0,0.991,99.1,1.12e-279,,,,,419,423,419
3MT6-R,identity_70_lt95,72.5,7,6MX2-A,285.0,0.932,93.2,2.68e-99,,,,,193,207,194
5BWR-A,identity_30_lt40,38.8,3,3DTG-A,228.0,0.902,90.2,3.88e-72,,,,,338,369,372
1Q44-A,identity_40_lt50,42.4,3,5MEK-A,239.0,0.92,92.0,2.01e-77,,,,,309,326,322
5Y86-A,identity_70_lt95,75.0,1,5ZTN-A,635.0,0.687,68.7,1.28e-227,,,,,404,588,429
3ULK-A,identity_30_lt40,34.1,2,4YPO-A,154.0,0.642,64.2,6.6e-43,,,,,323,491,333
4I0B-A,identity_40_lt50,44.9,2,3IWZ-A,202.0,0.9009999999999999,90.1,6.95e-66,,,,,205,222,230
4EFA-E,no_retained_hit,,0,,,,,,,,,,,,
2PAA-A,identity_50_lt70,59.5,3,3OZ7-A,483.0,0.995,99.5,1.37e-170,,,,,415,416,417
4IP7-A,identity_50_lt70,59.1,4,6DU6-A,590.0,0.9279999999999999,92.8,1.25e-208,,,,,504,543,565
5UJ7-C,identity_40_lt50,42.4,1,4XGC-D,313.0,0.956,95.6,6.82e-103,,,,,455,436,459
3W5K-B,no_retained_hit,,0,,,,,,,,,,,,
5C0W-L,no_retained_hit,,0,,,,,,,,,,,,
5DJK-A,no_retained_hit,,0,,,,,,,,,,,,
1R6T-A,identity_ge95,97.4,2,5UJI-A,738.0,0.7859999999999999,78.6,1e-270,,,,,382,477,388
4NFE-A,identity_50_lt70,61.0,2,1GVZ-A,295.0,0.996,99.6,2.91e-102,,,,,236,237,237
4ATF-A,identity_50_lt70,55.3,2,5T9X-A,314.0,0.922,92.2,5.28e-107,,,,,300,308,343
4JGT-A,identity_50_lt70,59.6,2,1BOH-A,368.0,0.9229999999999999,92.3,4.43e-129,,,,,277,299,296
2KFW-A,identity_ge95,100.0,1,2K8I-A,311.0,0.7959999999999999,79.6,3.45e-110,,,,,156,196,171
1LTO-A,identity_40_lt50,40.1,5,2F83-A,179.0,0.9670000000000001,96.7,1.42e-52,,,,,242,245,625
6CNF-K,identity_30_lt40,34.3,3,6J4X-K,47.8,0.493,49.3,4.91e-08,,,,,70,142,118
3BT1-U,identity_50_lt70,61.6,1,3LAQ-U,355.0,0.968,96.8,1.29e-124,,,,,276,283,277
3MWM-A,identity_30_lt40,38.0,5,2W57-A,68.6,0.7190000000000001,71.9,1.01e-15,,,,,100,139,150
3WEE-A,no_retained_hit,,0,,,,,,,,,,,,
5FUR-H,identity_lt30,28.1,1,4OY2-B,54.7,0.507,50.7,8.77e-09,,,,,210,349,235
2D2Z-A,identity_50_lt70,62.9,1,5Y7I-A,319.0,0.92,92.0,8.84e-111,,,,,240,261,261
1QB3-A,identity_ge95,99.1,1,3QY2-A,241.0,0.767,76.7,3.42e-84,,,,,115,150,117
5NP8-A,identity_70_lt95,91.3,3,1HDI-A,748.0,0.983,98.3,2.95e-275,,,,,413,420,413
2GF0-A,identity_70_lt95,81.4,1,2ERX-A,280.0,0.8590000000000001,85.9,1.25e-97,,,,,172,199,172
4M4D-A,no_retained_hit,,0,,,,,,,,,,,,
3VIR-A,no_retained_hit,,0,,,,,,,,,,,,
5IJN-C,identity_lt30,26.9,2,2RFO-A,190.0,0.772,77.2,1.71e-51,,,,,666,819,651
3E0L-A,identity_30_lt40,36.7,2,2I9U-A,232.0,0.9540000000000001,95.4,1.4e-71,,,,,444,455,439
2W78-A,identity_ge95,100.0,1,1XKH-A,1422.0,0.89,89.0,0.0,,,,,687,772,687
2BBW-A,identity_50_lt70,58.2,2,2AK3-A,272.0,0.894,89.4,3.7e-93,,,,,220,246,226
5ZQT-A,identity_30_lt40,38.3,2,3HM8-A,245.0,0.951,95.1,1.81e-76,,,,,457,473,445
1I4W-A,no_retained_hit,,0,,,,,,,,,,,,
3WCY-I,identity_30_lt40,36.9,3,3SE4-B,73.6,0.7390000000000001,73.9,4.03e-17,,,,,122,161,177
3H4P-a,identity_50_lt70,52.0,1,6HEC-1,197.0,0.904,90.4,3.4e-64,,,,,198,219,202
2TMK-A,identity_50_lt70,52.4,1,5UIV-A,205.0,0.981,98.1,3.13e-67,,,,,225,216,227
2W8P-A,identity_50_lt70,55.3,1,3EK1-A,507.0,0.973,97.3,1.51e-177,,,,,476,487,504
2W96-B,identity_30_lt40,37.2,2,4CRL-A,172.0,0.9309999999999999,93.1,8.72e-51,,,,,323,306,406
11AS-A,identity_50_lt70,56.9,1,4LNS-A,388.0,0.976,97.6,1.72e-135,,,,,341,330,351
2BBJ-A,identity_ge95,99.6,1,2BBH-A,532.0,0.76,76.0,2.96e-193,,,,,269,354,269
6J2C-O,identity_30_lt40,31.7,1,6EPC-O,184.0,0.9520000000000001,95.2,9.86e-55,,,,,379,393,376
2A7S-A,identity_50_lt70,68.2,1,3IBB-A,706.0,0.9640000000000001,96.4,8.93e-255,,,,,529,548,530
2PVS-A,identity_70_lt95,73.2,2,1W52-X,732.0,1.0,100.0,7.92e-268,,,,,452,452,452
5LBT-A,identity_40_lt50,48.6,1,1DXQ-A,223.0,0.9279999999999999,92.8,4.39e-73,,,,,220,237,273
6GEN-C,identity_ge95,98.4,5,2L5A-A,122.0,0.612,61.199999999999996,2.37e-36,,,,,63,103,235
5DIZ-A,no_retained_hit,,0,,,,,,,,,,,,
1OUN-A,identity_lt30,28.9,1,3NV0-B,47.8,0.843,84.3,6.16e-08,,,,,114,127,154
6G5I-O,identity_ge95,100.0,3,5LZW-OO,297.0,1.0,100.0,2.2e-105,,,,,151,151,168
6GIQ-f,identity_30_lt40,36.1,1,2Y69-E,68.9,0.966,96.6,9.72e-16,,,,,147,148,152
2Y9P-A,identity_30_lt40,34.8,1,5NKZ-A,110.0,0.9590000000000001,95.9,2.92e-31,,,,,187,172,190
1K6M-A,identity_70_lt95,78.0,3,2BIF-A,682.0,0.998,99.8,2.93e-248,,,,,432,432,469
6QD5-A,no_retained_hit,,0,,,,,,,,,,,,
4FDJ-A,identity_lt30,28.8,1,3ED4-A,148.0,0.7090000000000001,70.9,3.44e-39,,,,,406,502,502
6CV9-A,identity_70_lt95,82.4,1,6DJS-A,458.0,0.32899999999999996,32.9,5.15e-151,,,,,279,842,676
5WPT-A,identity_70_lt95,84.5,2,5TJB-A,375.0,0.36,36.0,1.55e-128,,,,,213,592,223
5U0S-2,no_retained_hit,,0,,,,,,,,,,,,
3GZD-A,identity_30_lt40,34.9,2,5WGB-A,206.0,0.941,94.1,3.55e-62,,,,,416,440,426
6DS2-B,identity_30_lt40,39.6,1,2Y5I-A,64.3,0.7979999999999999,79.8,6.26e-15,,,,,91,114,99
2OZ5-A,no_retained_hit,,0,,,,,,,,,,,,
2ND5-A,identity_ge95,98.8,2,5I7Q-A,173.0,0.748,74.8,4.06e-57,,,,,83,111,162
3S79-A,identity_lt30,21.9,1,5YLW-A,58.9,0.757,75.7,2.19e-09,,,,,420,503,495
1E94-E,identity_50_lt70,58.8,1,1OFI-A,444.0,0.9840000000000001,98.4,1.58e-156,,,,,442,449,310
5LTU-A,no_retained_hit,,0,,,,,,,,,,,,
5ZI4-A,identity_40_lt50,43.5,4,1MLD-A,241.0,0.971,97.1,2.61e-78,,,,,338,345,314
5W64-O,no_retained_hit,,0,,,,,,,,,,,,
3JCT-I,identity_40_lt50,43.2,1,1ZR9-A,66.6,0.518,51.800000000000004,6.49e-15,,,,,88,166,124
4DIN-B,identity_70_lt95,83.4,2,6BYS-B,620.0,0.9790000000000001,97.9,9.34e-226,,,,,373,381,379
3LP4-A,identity_50_lt70,61.0,1,1PQ3-A,392.0,0.9440000000000001,94.4,4.01e-138,,,,,305,322,306
5NGU-A,identity_50_lt70,51.6,5,5Z33-A,327.0,0.903,90.3,7.19e-110,,,,,349,381,425
6QXA-A,identity_40_lt50,40.1,1,5GPJ-A,433.0,0.9309999999999999,93.1,1.29e-141,,,,,730,735,774
5LJ5-t,identity_ge95,100.0,1,4ZB4-A,734.0,0.716,71.6,2.25e-269,,,,,360,503,360
1NQH-A,identity_lt30,24.3,1,5FP2-A,74.3,0.643,64.3,5.74e-14,,,,,465,594,725
5UGH-A,identity_50_lt70,52.7,1,3TDE-A,383.0,0.965,96.5,9.1e-132,,,,,402,397,408
1F0N-A,no_retained_hit,,0,,,,,,,,,,,,
2DXA-A,identity_50_lt70,63.2,1,1DBX-A,199.0,0.934,93.4,2e-66,,,,,155,166,158
6ELZ-O,identity_ge95,100.0,5,4V91-O,375.0,1.0,100.0,7.28e-132,,,,,199,199,398
3EYA-A,identity_30_lt40,30.3,2,2EZ4-A,253.0,0.9890000000000001,98.9,1.12e-76,,,,,564,549,603
3C6K-A,identity_30_lt40,31.2,1,2B2C-A,87.0,0.6609999999999999,66.1,2.38e-19,,,,,260,381,314
2LMS-A,identity_50_lt70,65.8,1,3OQ3-A,220.0,0.946,94.6,1.11e-74,,,,,158,166,166
2A87-A,identity_70_lt95,78.9,4,5UTH-A,465.0,0.907,90.7,1.9e-166,,,,,304,335,319
5L1D-B,identity_70_lt95,81.9,2,5I7Q-A,150.0,0.525,52.5,3.28e-47,,,,,83,158,162
1IVH-A,identity_50_lt70,65.6,1,4KTO-A,496.0,0.9670000000000001,96.7,4.54e-176,,,,,381,394,410
1M4U-A,no_retained_hit,,0,,,,,,,,,,,,
5U0P-U,no_retained_hit,,0,,,,,,,,,,,,
2HW5-A,identity_50_lt70,51.4,4,3MOY-A,244.0,0.85,85.0,4.4e-81,,,,,243,286,263
1NE7-A,identity_50_lt70,62.4,1,5HJ5-A,329.0,0.893,89.3,2.47e-114,,,,,258,289,267
2WJR-A,no_retained_hit,,0,,,,,,,,,,,,
2E0A-A,no_retained_hit,,0,,,,,,,,,,,,
5GAI-Y,no_retained_hit,,0,,,,,,,,,,,,
3HIY-A,identity_lt30,24.2,2,5W0B-A,51.2,0.57,56.99999999999999,3.07e-07,,,,,227,384,389
1KSL-A,identity_50_lt70,57.1,1,1VIO-A,276.0,0.987,98.7,8.89e-95,,,,,231,234,243
4IE5-A,no_retained_hit,,0,,,,,,,,,,,,
6BJC-T,no_retained_hit,,0,,,,,,,,,,,,
4H1O-A,identity_ge95,100.0,3,6CMQ-A,859.0,0.757,75.7,1.19e-316,,,,,424,560,427
3UAF-A,no_retained_hit,,0,,,,,,,,,,,,
4PAC-A,identity_50_lt70,55.0,1,4G78-A,154.0,0.7,70.0,2.33e-48,,,,,140,200,152
3TCF-A,identity_70_lt95,85.7,3,1OLA-A,941.0,0.987,98.7,0.0,,,,,517,524,517
1J4X-A,identity_40_lt50,44.1,2,5XJV-A,132.0,0.924,92.4,2.07e-39,,,,,170,184,185
2N6F-A,identity_50_lt70,52.8,1,2LUU-A,138.0,0.919,91.9,1.78e-43,,,,,125,136,127
2HYI-C,identity_50_lt70,65.7,2,5ZBZ-A,277.0,0.506,50.6,1.07e-92,,,,,210,413,220
5FN4-B,identity_ge95,100.0,1,2KR6-A,337.0,0.377,37.7,4.99e-116,,,,,176,467,176
1CNT-1,no_retained_hit,,0,,,,,,,,,,,,
5GJA-A,identity_lt30,29.7,2,1GP4-A,140.0,0.917,91.7,2.78e-39,,,,,293,303,356
2DYB-A,identity_ge95,100.0,2,1H6H-A,280.0,0.419,41.9,4.31e-96,,,,,143,341,143
2I5K-A,identity_50_lt70,56.6,2,5WEG-A,498.0,0.9470000000000001,94.7,1.82e-174,,,,,468,488,476
4IAX-A,identity_lt30,19.1,1,5X7Y-A,49.7,0.83,83.0,5.71e-08,,,,,157,188,177
1QFJ-A,identity_30_lt40,34.4,3,5OGX-A,86.3,0.638,63.800000000000004,5.01e-20,,,,,154,232,336
2NYA-A,identity_70_lt95,71.2,1,3ML1-A,1214.0,0.997,99.7,0.0,,,,,793,792,802
5XVU-A,identity_50_lt70,69.0,3,2PVN-A,474.0,0.961,96.1,2.48e-169,,,,,319,332,352
6CES-A,identity_ge95,100.0,1,6EHR-F,255.0,0.419,41.9,8.21e-87,,,,,131,313,132
3CDI-A,identity_ge95,99.8,3,3H1C-A,1044.0,0.759,75.9,0.0,,,,,549,723,549
2EW1-A,identity_50_lt70,51.5,4,3L0I-B,185.0,0.93,93.0,5.66e-60,,,,,194,201,199
2CB5-A,identity_40_lt50,44.7,2,4K7C-A,350.0,0.863,86.3,2.11e-117,,,,,394,453,446
5OQJ-6,identity_30_lt40,36.0,1,6NMI-E,216.0,0.725,72.5,2.64e-66,,,,,339,461,366
5LCL-B,identity_ge95,100.0,1,5G34-A,251.0,0.321,32.1,1.8e-84,,,,,119,371,131
5DKA-A,identity_lt30,27.0,1,5VO0-A,55.5,0.746,74.6,8.43e-10,,,,,178,232,172
2FQ1-A,identity_40_lt50,47.6,1,3R77-A,208.0,0.721,72.1,1.3e-67,,,,,208,287,209
5E2B-A,identity_30_lt40,35.9,1,1XTP-A,151.0,0.9209999999999999,92.1,2.86e-45,,,,,223,241,254
4KNV-A,identity_70_lt95,93.3,1,2GFH-A,457.0,0.992,99.2,8.65e-166,,,,,239,241,260
5IDF-B,identity_50_lt70,66.8,1,3DP4-A,471.0,0.451,45.1,1.14e-161,,,,,394,874,278
5Z57-V,identity_ge95,100.0,1,4C9B-B,563.0,0.32,32.0,7.76e-197,,,,,291,908,291
6IP5-2Q,identity_40_lt50,43.1,3,4V4N-AV,55.8,0.325,32.5,1.79e-11,,,,,51,157,66
3E46-A,identity_40_lt50,46.6,2,2PWQ-A,179.0,0.763,76.3,2.16e-56,,,,,193,253,216
2LAV-A,identity_50_lt70,56.8,1,5UU1-A,348.0,0.8370000000000001,83.7,8.97e-120,,,,,303,361,324
5MRC-4,no_retained_hit,,0,,,,,,,,,,,,
5WYK-3E,identity_50_lt70,56.8,3,5OQL-U,476.0,0.8590000000000001,85.9,6.01e-164,,,,,451,511,582
5U5Q-F,identity_ge95,100.0,4,5IP9-F,172.0,0.561,56.10000000000001,3.06e-57,,,,,87,155,87
1EYB-A,no_retained_hit,,0,,,,,,,,,,,,
1QRD-A,identity_70_lt95,93.8,1,1DXQ-A,525.0,1.0,100.0,1.07e-191,,,,,273,273,273
2HDL-A,no_retained_hit,,0,,,,,,,,,,,,
2ODE-A,identity_50_lt70,67.1,3,1SHZ-A,448.0,0.94,94.0,3.52e-159,,,,,337,350,340
5GN8-A,identity_ge95,100.0,3,5GN8-B,293.0,0.83,83.0,9.54e-104,,,,,146,176,146
6DXW-A,no_retained_hit,,0,,,,,,,,,,,,
6GIQ-U,no_retained_hit,,0,,,,,,,,,,,,
3CPT-A,no_retained_hit,,0,,,,,,,,,,,,
1ZRH-A,identity_70_lt95,91.7,1,3UAN-A,514.0,0.9640000000000001,96.4,1.79e-187,,,,,264,274,269
5JZV-A,no_retained_hit,,0,,,,,,,,,,,,
2M2A-A,identity_50_lt70,64.7,1,5I7Q-A,179.0,0.899,89.9,4.56e-59,,,,,133,148,162
1XDP-A,identity_30_lt40,37.0,1,2O8R-A,437.0,0.99,99.0,9.67e-145,,,,,692,687,705
1E9L-A,identity_50_lt70,68.1,6,3RM8-A,555.0,0.997,99.7,5.34e-200,,,,,376,377,395
3P56-A,identity_70_lt95,85.7,1,3KIO-A,503.0,1.0,100.0,2.91e-182,,,,,301,299,301
5FA5-B,identity_50_lt70,61.4,1,4G56-B,429.0,0.924,92.4,6.84e-151,,,,,339,367,357
4YUB-A,identity_30_lt40,32.2,1,2F7F-A,220.0,0.9420000000000001,94.2,1.63e-65,,,,,513,538,494
4ZYN-A,identity_ge95,99.1,2,4K7D-A,721.0,0.7759999999999999,77.6,5.14e-266,,,,,330,425,330
3R9I-A,identity_30_lt40,32.2,5,4F5V-A,105.0,0.877,87.7,1.54e-27,,,,,230,260,584
2KGL-A,no_retained_hit,,0,,,,,,,,,,,,
6AGB-F,no_retained_hit,,0,,,,,,,,,,,,
3WVZ-A,no_retained_hit,,0,,,,,,,,,,,,
5OBB-A,identity_70_lt95,92.1,2,5GN8-B,274.0,0.772,77.2,6.45e-96,,,,,152,197,146
4CO7-A,identity_50_lt70,57.8,2,3M95-A,144.0,0.975,97.5,4.55e-46,,,,,116,119,125
2JRF-A,identity_ge95,96.4,1,1WLM-A,267.0,0.75,75.0,3.6e-93,,,,,138,184,151
5VF9-A,identity_50_lt70,67.8,2,3DC6-A,293.0,1.0,100.0,1.01e-102,,,,,199,199,198
5D43-A,identity_70_lt95,86.7,4,2OBH-A,197.0,0.8029999999999999,80.3,1.12e-65,,,,,143,178,143
6D36-C,identity_50_lt70,63.7,1,6HOZ-A,417.0,0.94,94.0,1.31e-146,,,,,347,366,350
1JLH-A,identity_70_lt95,92.8,3,1GZD-A,1063.0,0.998,99.8,0.0,,,,,557,558,557
5WYJ-U4,identity_50_lt70,65.6,2,5YZ4-A,192.0,0.693,69.3,8.16e-64,,,,,131,189,133
6ICZ-N,identity_50_lt70,59.7,1,3JB9-e,185.0,0.993,99.3,1.74e-61,,,,,144,144,146
4MY2-A,identity_ge95,99.2,4,4OZQ-A,743.0,0.778,77.8,1.3e-267,,,,,371,477,720
1ZI7-A,no_retained_hit,,0,,,,,,,,,,,,
6CES-C,identity_ge95,100.0,2,6EHR-G,321.0,0.40399999999999997,40.4,5.28e-111,,,,,161,399,163
3MP4-A,identity_50_lt70,57.3,1,2FTP-A,349.0,0.983,98.3,2.07e-121,,,,,293,298,302
4AD7-A,identity_lt30,28.2,1,3ODN-A,229.0,0.856,85.6,3.89e-69,,,,,515,528,506
5TBK-I,no_retained_hit,,0,,,,,,,,,,,,
6BMS-A,no_retained_hit,,0,,,,,,,,,,,,
2OQ2-A,identity_30_lt40,35.9,3,4BWV-A,118.0,0.693,69.3,4.06e-32,,,,,192,261,283
1TAR-A,identity_40_lt50,46.8,4,4W5K-A,380.0,0.98,98.0,1.62e-130,,,,,393,401,396
4S2U-A,identity_50_lt70,63.9,2,6NFE-A,408.0,0.981,98.1,3.4e-144,,,,,310,316,323
3CUE-D,identity_50_lt70,56.1,1,1SZ7-A,195.0,0.8959999999999999,89.6,4.99e-64,,,,,173,193,200
3PY7-A,identity_ge95,99.5,2,5W0U-B,738.0,0.7090000000000001,70.9,3.33e-267,,,,,371,523,549
2JYO-A,identity_50_lt70,67.1,1,1HA6-A,99.0,1.0,100.0,1.21e-29,,,,,70,70,70
3JZF-A,identity_70_lt95,81.4,3,4RZQ-A,764.0,0.94,94.0,1.26e-279,,,,,458,486,468
6QW6-64,identity_50_lt70,61.5,1,4EMH-A,122.0,0.655,65.5,1.73e-37,,,,,91,139,105
5WYK-3B,identity_70_lt95,70.6,1,2IPX-A,347.0,0.728,72.8,4.54e-121,,,,,238,327,233
4IU6-A,identity_ge95,100.0,1,2B3K-A,640.0,0.792,79.2,1.97e-234,,,,,304,384,329
4JOI-D,no_retained_hit,,0,,,,,,,,,,,,
5AEX-A,identity_50_lt70,62.5,1,6EJH-A,602.0,0.925,92.5,7.58e-215,,,,,472,505,486
1DIR-A,identity_50_lt70,50.6,1,1OOE-A,237.0,0.9540000000000001,95.4,2.76e-79,,,,,231,241,236
5Z56-z,identity_ge95,100.0,1,2HQ6-A,348.0,0.35200000000000004,35.2,3.29e-120,,,,,166,472,185
6G51-F,identity_70_lt95,88.5,4,4V6W-AF,350.0,0.98,98.0,1.42e-124,,,,,200,204,228
2JDX-A,identity_30_lt40,37.2,1,1BWD-A,223.0,0.922,92.2,3.93e-70,,,,,358,385,348
2H11-A,identity_70_lt95,79.9,1,3BGI-A,393.0,0.987,98.7,1.18e-140,,,,,229,232,260
1ZD1-A,identity_30_lt40,36.0,1,1CJM-A,177.0,0.905,90.5,2.34e-54,,,,,275,284,295
5TGC-C,no_retained_hit,,0,,,,,,,,,,,,
2WYA-A,identity_50_lt70,68.1,1,2P8U-A,643.0,0.9890000000000001,98.9,5.64e-232,,,,,455,460,478
1HR7-A,identity_lt30,27.4,5,1BCC-A,142.0,0.8340000000000001,83.4,8.24e-38,,,,,412,475,446
5HK5-E,no_retained_hit,,0,,,,,,,,,,,,
6DWN-A,identity_40_lt50,41.0,2,6IQ5-A,335.0,0.8959999999999999,89.6,6.44e-111,,,,,446,491,463
2CZV-C,identity_50_lt70,63.3,2,3WZ0-C,160.0,1.0,100.0,1.64e-52,,,,,120,120,120
1H33-A,no_retained_hit,,0,,,,,,,,,,,,
4WJL-A,identity_50_lt70,52.4,2,1XFD-A,791.0,0.9940000000000001,99.4,3.04e-282,,,,,720,719,723
3IOR-A,identity_ge95,100.0,4,4OZQ-A,744.0,0.8240000000000001,82.4,1.51e-268,,,,,370,449,720
1UDR-A,identity_50_lt70,64.2,1,4HNS-A,164.0,0.953,95.3,1.13e-53,,,,,123,129,124
1SGO-A,no_retained_hit,,0,,,,,,,,,,,,
1VLP-A,identity_30_lt40,31.6,1,2IM5-A,175.0,0.927,92.7,1.61e-50,,,,,415,441,394
1V5W-A,identity_ge95,100.0,1,6R3P-A,511.0,0.752,75.2,1.7e-185,,,,,258,343,261
5SVA-Z,identity_ge95,100.0,2,5FMF-1,975.0,0.584,58.4,0.0,,,,,492,843,492
6BEV-A,identity_30_lt40,33.7,1,3D1P-A,55.8,0.659,65.9,5.28e-11,,,,,89,135,139
3X1D-A,identity_50_lt70,56.6,1,5VGR-A,495.0,0.774,77.4,4.15e-173,,,,,419,541,431
5YGS-A,identity_ge95,100.0,2,5W0U-B,741.0,0.8009999999999999,80.1,1.95e-269,,,,,371,463,549
3J77-27,identity_50_lt70,68.8,2,5XXU-b,113.0,0.9390000000000001,93.9,4.43e-35,,,,,77,82,82
2BKQ-A,no_retained_hit,,0,,,,,,,,,,,,
4N84-A,identity_50_lt70,68.8,3,5LHO-A,285.0,0.9570000000000001,95.7,3.42e-98,,,,,224,230,253
4V6W-CL,identity_40_lt50,48.4,2,3JCS-I,159.0,0.963,96.3,3.64e-49,,,,,221,218,220
2IQX-A,identity_70_lt95,93.0,2,6ENS-A,380.0,0.995,99.5,2.67e-137,,,,,186,187,193
6G7O-A,identity_ge95,100.0,4,5L7I-A,203.0,0.303,30.3,4.28e-60,,,,,106,350,638
2N1A-A,identity_ge95,100.0,1,5ELJ-B,160.0,0.777,77.7,1.87e-53,,,,,80,103,83
4M2B-A,identity_50_lt70,58.5,1,3GUE-A,527.0,0.919,91.9,1.92e-185,,,,,465,505,484
6EOJ-B,identity_40_lt50,41.2,1,6DNH-C,50.1,0.5479999999999999,54.79999999999999,1.03e-07,,,,,114,208,245
4RYM-A,no_retained_hit,,0,,,,,,,,,,,,
1U3W-A,identity_70_lt95,87.7,4,1EE2-A,666.0,1.0,100.0,2.98e-244,,,,,374,374,373
2WXX-A,identity_lt30,23.9,1,5HGC-A,80.1,0.528,52.800000000000004,1.75e-16,,,,,243,453,380
3ELO-A,identity_70_lt95,76.6,3,2BP2-A,228.0,0.9620000000000001,96.2,8.15e-79,,,,,128,133,130
5MJ3-B,no_retained_hit,,0,,,,,,,,,,,,
3EUF-A,identity_70_lt95,80.3,1,3KUK-A,492.0,0.945,94.5,3.18e-177,,,,,310,328,309
4D4Z-A,no_retained_hit,,0,,,,,,,,,,,,
4DCH-A,identity_70_lt95,80.7,1,3W0L-A,744.0,0.966,96.6,3.04e-272,,,,,457,473,458
3FPZ-A,identity_50_lt70,59.7,1,3JSK-A,336.0,0.88,88.0,3.48e-115,,,,,300,326,344
2C1D-A,identity_lt30,28.5,1,3OA8-A,91.7,0.8370000000000001,83.7,4.81e-22,,,,,249,264,275
4KEG-A,identity_ge95,99.7,2,4OZQ-A,743.0,0.634,63.4,1.14e-265,,,,,370,584,720
2WYN-A,identity_30_lt40,30.2,1,5JTA-A,152.0,0.7070000000000001,70.7,1.74e-39,,,,,427,535,751
3K8D-A,identity_50_lt70,64.3,1,1VH3-A,323.0,0.9279999999999999,92.8,3.1e-112,,,,,249,264,262
6GPK-A,identity_50_lt70,67.5,3,5UZH-A,474.0,0.922,92.2,9.36e-169,,,,,345,373,345
2WVD-A,identity_30_lt40,35.1,1,2BJ9-A,101.0,0.905,90.5,1.32e-28,,,,,134,148,138
3PVW-A,identity_ge95,97.7,1,5UUU-A,1032.0,0.753,75.3,0.0,,,,,523,695,547
2R92-I,identity_70_lt95,70.4,1,5X51-I,184.0,0.943,94.3,3.81e-62,,,,,115,122,115
1OV4-A,identity_40_lt50,48.4,2,1Q22-A,287.0,0.9620000000000001,96.2,4.09e-97,,,,,283,293,299
3IA3-B,identity_70_lt95,90.1,4,5EUI-A,259.0,0.972,97.2,8.55e-91,,,,,141,145,141
5GMK-c,no_retained_hit,,0,,,,,,,,,,,,
5ZBQ-A,identity_ge95,100.0,4,5NDD-A,317.0,0.305,30.5,3.23e-101,,,,,160,525,619
5A5B-W,identity_ge95,100.0,1,6FVX-W,382.0,0.735,73.5,9.55e-137,,,,,197,268,197
1DIH-A,identity_50_lt70,63.0,3,4YWJ-A,312.0,0.9670000000000001,96.7,1.26e-107,,,,,265,273,276
3FB3-A,identity_40_lt50,45.5,1,2VEZ-A,68.2,0.478,47.8,5.73e-15,,,,,77,161,190
2GIA-B,no_retained_hit,,0,,,,,,,,,,,,
4CVH-A,identity_lt30,29.2,1,3F1C-A,92.8,0.579,57.9,9.87e-22,,,,,240,411,246
2PFD-A,identity_70_lt95,87.1,1,1QD1-A,575.0,0.601,60.099999999999994,3.55e-206,,,,,325,541,325
1X3Z-A,no_retained_hit,,0,,,,,,,,,,,,
5LUC-A,identity_40_lt50,45.3,2,2CH1-A,355.0,0.903,90.3,8.3e-121,,,,,364,403,396
3BG0-A,identity_50_lt70,51.7,2,4L9O-A,186.0,0.946,94.6,1.41e-56,,,,,302,316,349
5SVM-A,identity_40_lt50,47.3,1,4DW1-A,322.0,0.898,89.8,2.29e-109,,,,,336,363,340
1FYH-A,identity_50_lt70,63.3,2,2RIG-A,146.0,0.496,49.6,1.76e-44,,,,,128,258,144
4MQW-B,no_retained_hit,,0,,,,,,,,,,,,
5Z62-N,no_retained_hit,,0,,,,,,,,,,,,
1EV4-A,identity_70_lt95,93.7,3,1F3B-A,409.0,1.0,100.0,1.1e-147,,,,,221,221,222
3SAO-A,identity_70_lt95,85.9,1,1JZU-A,269.0,0.975,97.5,2.93e-94,,,,,156,160,157
2OHF-A,identity_50_lt70,51.7,2,1NI3-A,385.0,0.975,97.5,9.01e-133,,,,,391,396,392
3MIA-C,identity_70_lt95,91.9,2,1JFW-A,164.0,1.0,100.0,3.02e-55,,,,,86,86,86
3FM8-C,identity_30_lt40,39.7,1,2CRR-A,94.0,0.306,30.599999999999998,2.67e-23,,,,,121,392,141
2E4J-A,identity_lt30,22.0,1,1JZU-A,50.1,0.898,89.8,2.18e-08,,,,,150,167,157
6A1S-A,no_retained_hit,,0,,,,,,,,,,,,
1LBQ-A,identity_50_lt70,51.3,1,3W1W-A,350.0,0.9390000000000001,93.9,7.85e-120,,,,,347,362,371
5JQE-A,identity_ge95,99.2,2,4OZQ-A,737.0,0.65,65.0,1.04e-263,,,,,367,565,720
4H1G-A,identity_50_lt70,67.8,1,4OZQ-A,890.0,0.9890000000000001,98.9,0.0,,,,,726,715,720
5JCP-B,identity_ge95,100.0,3,5JD0-A,404.0,0.504,50.4,1.36e-142,,,,,211,419,211
3A3C-A,identity_ge95,99.2,2,4OZQ-A,734.0,0.809,80.9,1.45e-264,,,,,365,451,720
5ZWN-T,no_retained_hit,,0,,,,,,,,,,,,
5WLC-NB,no_retained_hit,,0,,,,,,,,,,,,
6AHY-B,no_retained_hit,,0,,,,,,,,,,,,
4K0G-A,identity_50_lt70,58.8,1,5Y7I-A,270.0,0.956,95.6,8.23e-92,,,,,240,251,261
6CMO-R,no_retained_hit,,0,,,,,,,,,,,,
2OAU-A,no_retained_hit,,0,,,,,,,,,,,,
6AVE-A,identity_ge95,100.0,1,3IJ4-A,957.0,0.882,88.2,0.0,,,,,465,527,465
4AMT-A,identity_ge95,98.5,3,3VCM-A,673.0,0.888,88.8,1.86e-247,,,,,340,383,335
6C3O-A,identity_50_lt70,50.6,3,3SPG-A,322.0,0.8079999999999999,80.8,2.24e-108,,,,,332,406,343
4WTH-A,identity_ge95,99.2,4,4OZQ-A,742.0,0.8390000000000001,83.9,1.27e-267,,,,,370,441,720
6GEJ-U,identity_70_lt95,73.6,2,4WW4-B,657.0,0.9640000000000001,96.4,7.24e-237,,,,,455,471,513
6B2E-C,identity_ge95,99.3,1,2UV7-A,273.0,0.429,42.9,3.76e-93,,,,,144,336,152
1PI6-A,identity_lt30,21.6,1,6ELZ-p,48.5,0.465,46.5,5.27e-06,,,,,320,615,460
1ICR-A,identity_30_lt40,34.2,2,1V5Y-A,108.0,0.912,91.2,1.8e-29,,,,,199,217,217
5WLC-ND,no_retained_hit,,0,,,,,,,,,,,,
1UDA-A,identity_50_lt70,53.9,3,3ENK-A,367.0,0.988,98.8,1.81e-127,,,,,334,338,341
2C6Q-A,identity_40_lt50,40.8,1,3TSB-A,172.0,0.6779999999999999,67.8,2.52e-49,,,,,245,351,511
4I72-A,identity_lt30,28.3,8,2C07-A,56.6,0.612,61.199999999999996,3.09e-09,,,,,212,330,285
6E6M-A,identity_50_lt70,56.8,6,6AT8-A,167.0,0.943,94.3,1.58e-54,,,,,132,140,137
6AHR-E,no_retained_hit,,0,,,,,,,,,,,,
2OQP-A,no_retained_hit,,0,,,,,,,,,,,,
5KBW-A,identity_30_lt40,32.0,1,3P5N-A,79.0,0.9279999999999999,92.8,7.85e-19,,,,,175,181,189
3F52-A,identity_50_lt70,58.9,1,5WOQ-A,80.1,0.624,62.4,7.84e-21,,,,,73,117,120
1UA2-A,identity_40_lt50,46.0,9,3NIZ-A,263.0,0.8290000000000001,82.9,6.39e-87,,,,,289,346,311
1LV9-A,identity_70_lt95,71.6,1,2R3Z-A,96.3,0.87,87.0,1.78e-28,,,,,67,77,68
2O23-A,identity_30_lt40,32.9,1,2HSD-A,108.0,0.9359999999999999,93.6,2.06e-28,,,,,252,265,253
1XFL-A,identity_50_lt70,61.1,1,1WMJ-A,152.0,0.9109999999999999,91.1,4.12e-49,,,,,113,124,130
1F2J-A,identity_70_lt95,94.1,2,5O0W-A,706.0,1.0,100.0,4.29e-260,,,,,370,370,387
5GTC-D,identity_ge95,100.0,5,3W97-D,192.0,0.7829999999999999,78.3,4.66e-65,,,,,101,129,105
4V6W-AG,identity_70_lt95,77.4,3,6D9J-HH,339.0,0.9109999999999999,91.1,4.39e-119,,,,,226,248,249
1AU1-A,identity_30_lt40,38.5,2,1B5L-A,96.3,0.807,80.7,7.38e-26,,,,,135,166,172
4P0F-A,identity_30_lt40,37.2,3,1JJO-C,172.0,0.6409999999999999,64.1,1.72e-51,,,,,258,393,261
3BPT-A,identity_30_lt40,36.9,3,4J2U-A,206.0,0.97,97.0,8.34e-64,,,,,358,363,365
4BZK-B,identity_70_lt95,75.3,1,4L9O-A,276.0,0.997,99.7,2.84e-92,,,,,296,297,349
5GW5-z,identity_50_lt70,57.1,1,4B2T-Z,585.0,0.991,99.1,5.68e-207,,,,,541,546,531
5FFO-C,identity_ge95,98.8,2,6GFF-A,486.0,0.6859999999999999,68.6,1.88e-175,,,,,249,363,249
1US1-A,identity_70_lt95,82.9,1,2PNC-A,1273.0,0.9520000000000001,95.2,0.0,,,,,726,763,746
2XOK-H,identity_50_lt70,58.9,1,5LQZ-H,149.0,0.8,80.0,3.4e-47,,,,,129,160,138
6O9Z-L,identity_ge95,100.0,2,1KL9-A,360.0,0.563,56.3,2.18e-127,,,,,182,323,182
6BX3-B,identity_50_lt70,52.3,1,6CHG-D,440.0,1.0,100.0,1.72e-153,,,,,426,412,439
4V6W-CQ,identity_70_lt95,70.6,4,6HCM-Q3,255.0,0.995,99.5,5.47e-88,,,,,187,188,188
1CM7-A,identity_70_lt95,94.5,2,1CNZ-A,681.0,1.0,100.0,2.14e-250,,,,,363,363,363
2D1P-A,identity_40_lt50,44.5,1,2HY5-A,113.0,0.914,91.4,2.32e-33,,,,,128,140,130
3O47-A,identity_ge95,100.0,3,3DWD-A,271.0,0.389,38.9,2.02e-92,,,,,128,329,147
6O5B-J,identity_ge95,96.7,3,5KUI-A,234.0,0.35,35.0,6.78e-78,,,,,123,351,124
5M7S-A,no_retained_hit,,0,,,,,,,,,,,,
5W8S-A,no_retained_hit,,0,,,,,,,,,,,,
4ATU-I,no_retained_hit,,0,,,,,,,,,,,,
2PF4-A,no_retained_hit,,0,,,,,,,,,,,,
6HUJ-A,identity_70_lt95,82.8,1,6DW1-C,735.0,1.0,100.0,1.19e-269,,,,,464,464,402
4G01-B,identity_50_lt70,67.3,2,2HEI-A,228.0,0.912,91.2,1.96e-77,,,,,165,181,179
4FBE-A,identity_40_lt50,47.2,2,4MHZ-A,256.0,0.873,87.3,6.16e-84,,,,,307,330,326
1XB4-A,identity_30_lt40,39.3,1,3HTU-A,52.8,0.302,30.2,8.36e-10,,,,,61,202,79
5FI9-A,identity_ge95,100.0,1,5HQN-A,925.0,0.831,83.1,0.0,,,,,447,538,473
4BQE-A,identity_50_lt70,57.9,1,5LR8-A,1039.0,0.934,93.4,0.0,,,,,902,874,938
4R3Z-A,identity_ge95,99.4,1,1E7Z-A,333.0,0.532,53.2,6.88e-117,,,,,166,312,174
4F2V-A,identity_50_lt70,62.5,3,4FOG-A,368.0,0.971,97.1,7.06e-130,,,,,264,272,263
5EZW-A,identity_70_lt95,91.5,1,2IC1-A,394.0,0.9520000000000001,95.2,4.82e-142,,,,,200,210,205
3CUQ-A,identity_30_lt40,37.4,1,1U5T-A,145.0,0.915,91.5,1.61e-43,,,,,214,234,233
6DMR-A,identity_70_lt95,81.9,1,2RFA-A,320.0,0.303,30.3,2e-105,,,,,221,730,232
6AGB-C,no_retained_hit,,0,,,,,,,,,,,,
3J6B-I,identity_40_lt50,42.0,1,2RDO-K,88.2,1.0,100.0,1.18e-23,,,,,138,138,123
4XCS-A,identity_70_lt95,75.0,4,4FH8-A,297.0,0.877,87.7,1.16e-103,,,,,192,219,204
3DM0-A,identity_ge95,99.2,2,4OZQ-A,736.0,0.5329999999999999,53.29999999999999,5.13e-261,,,,,370,694,720
2WWR-A,identity_40_lt50,43.6,2,2DBZ-A,229.0,0.961,96.1,1.88e-73,,,,,321,330,334
2MT6-A,identity_30_lt40,38.8,2,4GPR-A,77.8,0.768,76.8,4.02e-19,,,,,116,151,151
6EMK-B,identity_70_lt95,81.2,1,5FVM-C,422.0,1.0,100.0,4.84e-150,,,,,303,303,303
1IXQ-A,identity_50_lt70,66.0,1,5DLC-A,307.0,0.983,98.3,1.85e-106,,,,,238,242,256
4QTN-A,no_retained_hit,,0,,,,,,,,,,,,
3SDL-C,identity_50_lt70,64.7,1,5CHV-C,187.0,0.951,95.1,6.14e-62,,,,,156,164,155
5OQJ-X,identity_ge95,100.0,1,5FMF-S,251.0,0.375,37.5,3.33e-85,,,,,123,328,123
3A5Z-A,identity_70_lt95,92.6,1,3G1Z-A,605.0,0.991,99.1,6.87e-222,,,,,325,328,326
3G1R-A,identity_30_lt40,39.1,1,4F40-A,182.0,0.8640000000000001,86.4,1.43e-55,,,,,299,346,288
4N6V-2,identity_40_lt50,48.1,1,5ZC1-A,54.7,0.593,59.3,3.62e-11,,,,,54,91,136
4D1E-A,no_retained_hit,,0,,,,,,,,,,,,
5II5-A,identity_ge95,98.9,4,5HZ7-A,733.0,0.746,74.6,1.28e-266,,,,,370,496,490
5TJ5-D,no_retained_hit,,0,,,,,,,,,,,,
6F41-V,identity_70_lt95,75.3,1,6CNF-R,966.0,1.0,100.0,0.0,,,,,736,596,736
6HGE-B,identity_50_lt70,62.0,6,1YXA-A,457.0,0.9440000000000001,94.4,7.99e-161,,,,,387,409,398
4PK1-A,identity_ge95,99.2,2,5D0Q-A,505.0,0.391,39.1,2.57e-170,,,,,252,645,810
5SUQ-A,identity_ge95,100.0,1,5SUP-A,761.0,0.865,86.5,2.3e-280,,,,,386,446,390
4L60-A,identity_ge95,100.0,3,3L10-B,179.0,0.355,35.5,2.75e-57,,,,,91,256,169
4BPM-A,no_retained_hit,,0,,,,,,,,,,,,
2W99-A,identity_lt30,29.3,3,4YC3-B,81.6,0.616,61.6,2.46e-18,,,,,167,271,273
5TGM-C1,identity_ge95,100.0,4,4V4B-AQ,153.0,0.49,49.0,1.29e-49,,,,,76,155,76
2WSF-1,identity_ge95,100.0,3,2O01-1,394.0,0.7759999999999999,77.6,6.19e-142,,,,,187,241,187
3SOM-A,identity_30_lt40,35.0,1,5UJC-A,139.0,0.752,75.2,9.52e-40,,,,,237,286,270
3M9X-A,identity_70_lt95,75.6,1,4YWH-A,450.0,0.9840000000000001,98.4,1.11e-160,,,,,308,313,332
5HW8-A,identity_50_lt70,57.8,10,1YAT-A,136.0,0.951,95.1,5.56e-43,,,,,116,122,113
4G1E-A,identity_ge95,99.7,1,4UM8-A,1201.0,0.598,59.8,0.0,,,,,597,998,681
2YZ2-A,identity_30_lt40,31.0,1,4YER-A,99.0,0.767,76.7,2.3e-24,,,,,213,266,328
4ADY-A,identity_40_lt50,41.2,1,5VHF-U,513.0,0.721,72.1,1.68e-168,,,,,743,963,841
1E8C-A,identity_30_lt40,38.9,5,2WTZ-A,269.0,0.958,95.8,2.65e-84,,,,,486,498,535
5C7R-A,identity_ge95,98.9,2,4OZQ-A,746.0,0.847,84.7,2.16e-269,,,,,376,444,720
1GGW-A,identity_50_lt70,57.8,5,2FCE-A,79.0,0.45,45.0,1.27e-20,,,,,64,140,70
2BWG-A,identity_30_lt40,32.4,1,3TSB-A,180.0,0.978,97.8,2.61e-52,,,,,497,367,511
3J78-25,identity_40_lt50,48.8,3,6IP5-3O,81.6,0.741,74.1,1.62e-21,,,,,80,108,125
2CH6-A,identity_30_lt40,30.2,2,1ZC6-A,65.5,0.483,48.3,3.72e-12,,,,,169,344,305
2MGY-A,no_retained_hit,,0,,,,,,,,,,,,
2JUL-A,identity_70_lt95,93.8,3,2E6W-A,187.0,0.375,37.5,4.05e-61,,,,,96,256,100
2AAQ-A,identity_50_lt70,51.4,2,5V36-A,449.0,0.956,95.6,7.23e-156,,,,,459,479,453
1L9N-A,identity_30_lt40,35.1,1,1G0D-A,423.0,0.991,99.1,3.91e-139,,,,,692,692,695
3D4G-A,identity_ge95,99.7,2,4OZQ-A,744.0,0.7709999999999999,77.1,5.32e-268,,,,,371,481,720
3BLV-B,identity_30_lt40,33.2,1,1V5B-A,144.0,0.895,89.5,3.16e-40,,,,,346,354,366
6HYO-A,identity_70_lt95,90.5,1,3M95-A,215.0,0.847,84.7,6.14e-74,,,,,116,137,125
5ZWN-V,identity_lt30,22.6,2,1FXL-A,52.0,0.39399999999999996,39.4,5.16e-08,,,,,212,523,167
4KML-A,identity_ge95,99.3,2,2KUN-A,278.0,0.5770000000000001,57.70000000000001,7.92e-97,,,,,139,241,148
4K1C-A,no_retained_hit,,0,,,,,,,,,,,,
4XMN-D,no_retained_hit,,0,,,,,,,,,,,,
2O1S-A,identity_40_lt50,46.9,1,2O1X-A,511.0,0.966,96.6,2.37e-175,,,,,605,621,629
2WP9-D,no_retained_hit,,0,,,,,,,,,,,,
3VKK-A,identity_40_lt50,46.9,10,3VIK-A,426.0,0.977,97.7,1.86e-146,,,,,467,469,487
1YTA-A,identity_70_lt95,72.8,2,1J9A-A,279.0,1.0,100.0,1.8e-97,,,,,180,180,184
5TA2-A,identity_70_lt95,72.2,6,4JJM-A,263.0,0.9940000000000001,99.4,1.18e-91,,,,,169,163,175
6DFT-A,identity_30_lt40,37.3,1,4P63-A,127.0,0.382,38.2,3.98e-33,,,,,177,461,342
5MQ0-T,no_retained_hit,,0,,,,,,,,,,,,
6HHQ-P,identity_70_lt95,84.8,5,5OQL-t,225.0,0.9570000000000001,95.7,1.59e-77,,,,,132,138,150
5FSG-A,identity_ge95,99.5,2,4OZQ-A,739.0,0.534,53.400000000000006,1.81e-262,,,,,373,698,720
5UWC-I,identity_70_lt95,87.4,1,1JLI-A,191.0,0.91,91.0,6.24e-65,,,,,111,122,112
5LEF-A,identity_ge95,99.4,4,2GIL-A,312.0,0.848,84.8,1.02e-110,,,,,162,191,162
1HJR-A,identity_30_lt40,35.9,1,4LD0-A,84.7,0.937,93.7,1.59e-21,,,,,153,158,169
2JU8-A,identity_30_lt40,38.4,1,2FT9-A,88.6,0.9840000000000001,98.4,6.06e-24,,,,,125,127,125
3WGV-G,identity_70_lt95,84.2,1,2MKV-A,99.0,0.862,86.2,8.39e-30,,,,,57,65,64
2C9Y-A,identity_70_lt95,94.0,1,2AK2-A,429.0,0.95,95.0,3.19e-155,,,,,232,242,233
4PL7-A,identity_70_lt95,85.5,1,5NW4-V,674.0,0.848,84.8,6.04e-246,,,,,373,440,396
6FF7-t,identity_40_lt50,42.9,1,5GM6-a,145.0,0.408,40.8,1.4e-41,,,,,140,343,259
3WNW-A,identity_70_lt95,92.1,2,5GN8-B,274.0,0.7170000000000001,71.7,1.64e-95,,,,,152,212,146
2J04-A,no_retained_hit,,0,,,,,,,,,,,,
2VXO-A,identity_ge95,97.8,2,2VPI-A,421.0,0.32,32.0,3.69e-145,,,,,223,697,218
2KQP-A,identity_50_lt70,61.6,1,1EFE-A,100.0,1.0,100.0,3.07e-30,,,,,86,86,60
5BPW-A,identity_70_lt95,75.0,1,5BPT-A,1120.0,0.877,87.7,0.0,,,,,740,843,741
5OQM-U,identity_50_lt70,59.8,1,6GYM-U,292.0,1.0,100.0,4.42e-101,,,,,286,286,171
5Y58-B,no_retained_hit,,0,,,,,,,,,,,,
1I3M-A,identity_50_lt70,57.9,1,3ENK-A,407.0,0.977,97.7,6.12e-143,,,,,340,348,341
4EQV-A,identity_40_lt50,48.4,1,3U14-A,500.0,0.986,98.6,5.64e-174,,,,,506,512,535
1XWB-A,identity_50_lt70,62.7,3,5DBQ-A,139.0,0.9620000000000001,96.2,1.59e-44,,,,,102,106,109
5GVX-A,no_retained_hit,,0,,,,,,,,,,,,
4EMG-A,identity_40_lt50,43.2,1,1TH7-A,57.4,0.7959999999999999,79.6,1.04e-12,,,,,74,93,81
3PYM-A,identity_50_lt70,68.3,3,4MVJ-P,439.0,0.9940000000000001,99.4,9.41e-156,,,,,331,332,355
1VB3-A,identity_lt30,28.4,1,3V7N-A,176.0,0.9740000000000001,97.4,2.22e-50,,,,,468,428,487
3MK7-A,identity_lt30,24.2,1,5GUW-B,60.8,0.8540000000000001,85.4,4.55e-10,,,,,425,474,465
3JCT-q,no_retained_hit,,0,,,,,,,,,,,,
1KHE-A,identity_70_lt95,88.9,2,4GMM-A,1158.0,0.995,99.5,0.0,,,,,622,625,612
5XTI-W,identity_70_lt95,86.2,2,5GPN-r,254.0,1.0,100.0,6.82e-89,,,,,138,138,144
5DPR-A,identity_50_lt70,59.7,2,2NCN-A,139.0,0.875,87.5,9.09e-44,,,,,119,136,128
2C1W-A,no_retained_hit,,0,,,,,,,,,,,,
3BLX-A,identity_30_lt40,31.8,2,3FMX-X,125.0,0.9109999999999999,91.1,4.11e-33,,,,,349,349,364
1AD3-A,identity_40_lt50,46.2,4,5NNO-A,394.0,0.9690000000000001,96.9,3.16e-133,,,,,465,452,546
5WVK-X,identity_ge95,100.0,1,6FVT-X,263.0,0.8140000000000001,81.4,1.23e-92,,,,,127,156,127
2IYT-A,identity_30_lt40,35.7,1,2SHK-A,82.8,0.8909999999999999,89.1,2.04e-20,,,,,168,184,173
1QSA-A,identity_30_lt40,31.9,1,6FC4-A,276.0,0.9940000000000001,99.4,1.51e-84,,,,,620,618,614
5B0H-A,no_retained_hit,,0,,,,,,,,,,,,
6ID1-a,identity_ge95,100.0,1,6QDV-d,171.0,0.667,66.7,3.69e-57,,,,,84,126,84
6DEU-A,identity_ge95,99.4,2,3P45-A,367.0,0.589,58.9,1.62e-130,,,,,178,302,179
4FRF-A,identity_lt30,26.8,1,2A98-A,46.2,0.396,39.6,4.45e-06,,,,,149,275,259
2VGQ-A,identity_ge95,98.9,4,4OZQ-A,742.0,0.7759999999999999,77.6,3.7e-267,,,,,370,477,720
1NPM-A,identity_40_lt50,44.2,2,1SGF-A,213.0,0.956,95.6,4.33e-70,,,,,224,225,240
6BFZ-A,identity_50_lt70,64.2,6,3UJ2-A,498.0,0.94,94.0,1.21e-175,,,,,424,449,449
3NWV-A,identity_70_lt95,82.5,1,2AIU-A,184.0,0.99,99.0,2.69e-62,,,,,103,104,105
1Y25-A,identity_40_lt50,44.7,1,1PSQ-A,116.0,0.9640000000000001,96.4,6.2e-34,,,,,161,165,163
1T3K-A,no_retained_hit,,0,,,,,,,,,,,,
6AH3-B,no_retained_hit,,0,,,,,,,,,,,,
3TBG-A,identity_40_lt50,44.5,5,4H1N-A,374.0,0.9940000000000001,99.4,6.64e-126,,,,,483,479,479
3CUE-C,identity_30_lt40,33.6,1,2J3T-C,75.9,0.767,76.7,2.45e-18,,,,,122,159,145
5I81-A,identity_70_lt95,88.1,1,5HQN-A,854.0,0.794,79.4,2.25e-313,,,,,463,583,473
1MAL-A,identity_70_lt95,78.9,1,1MPR-A,710.0,1.0,100.0,4.39e-260,,,,,431,421,427
2EVL-A,identity_30_lt40,37.5,2,5KDI-A,114.0,0.88,88.0,7.26e-32,,,,,192,209,211
5AJ0-Ba,identity_70_lt95,86.7,2,4V6W-Aa,172.0,0.852,85.2,2.1e-57,,,,,98,115,114
1LT8-A,identity_lt30,23.2,2,4CCZ-A,55.5,0.6920000000000001,69.2,2.11e-08,,,,,306,406,644
5KUF-A,identity_70_lt95,86.3,1,5KUH-A,1449.0,1.0,100.0,0.0,,,,,877,877,757
5MRF-QQ,identity_40_lt50,46.3,6,5MYJ-AQ,56.6,0.321,32.1,5.89e-11,,,,,80,237,86
5UYS-A,identity_40_lt50,49.3,2,6B82-A,474.0,0.97,97.0,1.69e-164,,,,,479,494,509
2W6I-H,identity_ge95,100.0,1,5FIL-H,264.0,0.8690000000000001,86.9,2.67e-92,,,,,146,168,146
3H7U-A,identity_70_lt95,71.4,10,5JH1-A,460.0,0.919,91.9,1.26e-164,,,,,308,335,309
3W1Z-A,identity_30_lt40,31.0,2,4I88-A,43.1,0.7340000000000001,73.4,4.15e-06,,,,,113,143,147
3RG2-A,identity_50_lt70,56.5,1,3O84-A,582.0,0.862,86.2,1.88e-204,,,,,542,617,544
2N99-A,no_retained_hit,,0,,,,,,,,,,,,
3Q68-A,identity_ge95,100.0,1,3Q35-B,473.0,0.879,87.9,6.31e-172,,,,,232,264,232
5VY8-A,identity_ge95,100.0,1,6AMN-A,671.0,0.384,38.4,3.44e-238,,,,,349,908,349
3FRT-A,identity_ge95,98.6,1,3FRV-A,255.0,0.67,67.0,7.3e-88,,,,,146,218,152
5MPC-h,identity_50_lt70,56.1,1,5GJQ-a,231.0,0.9159999999999999,91.6,3.1e-77,,,,,198,215,239
2JLP-A,identity_40_lt50,48.6,2,4OJA-A,97.1,0.45,45.0,1.78e-25,,,,,107,222,170
5MZ6-B,no_retained_hit,,0,,,,,,,,,,,,
1EDZ-A,identity_lt30,26.4,1,6DEB-A,86.7,0.9590000000000001,95.9,1.02e-19,,,,,322,320,285
5VOZ-R,no_retained_hit,,0,,,,,,,,,,,,
3BDN-A,identity_ge95,100.0,1,1LMB-3,169.0,0.39,39.0,1.07e-54,,,,,92,236,92
3N6W-A,identity_lt30,27.7,1,6NPB-A,182.0,0.9009999999999999,90.1,1.16e-53,,,,,364,403,383
3R45-A,identity_ge95,100.0,2,3NQJ-A,161.0,0.519,51.9,1.01e-52,,,,,81,156,82
4JDR-A,identity_50_lt70,63.8,3,5U25-A,585.0,0.9940000000000001,99.4,4.54e-207,,,,,483,474,602
5I6C-A,identity_lt30,22.6,1,3QE7-A,71.6,0.728,72.8,2.13e-13,,,,,429,574,429
6FRK-x,identity_ge95,100.0,1,5L3Q-A,845.0,0.865,86.5,7.08e-312,,,,,436,504,442
6DO6-A,identity_40_lt50,41.6,1,2FT9-A,100.0,0.9259999999999999,92.6,1.17e-28,,,,,125,135,125
5OF4-E,identity_70_lt95,92.0,1,6NMI-E,628.0,0.853,85.3,4.48e-229,,,,,337,395,366
6AH0-L,identity_ge95,98.8,1,3SIU-B,476.0,0.505,50.5,6.32e-169,,,,,254,499,254
5GW5-g,identity_70_lt95,90.5,1,4V8R-AG,1010.0,1.0,100.0,0.0,,,,,590,534,590
2LMV-A,identity_50_lt70,63.7,2,4I2Y-A,139.0,0.986,98.6,1.31e-40,,,,,146,148,421
4M57-A,no_retained_hit,,0,,,,,,,,,,,,
2A5F-A,identity_50_lt70,68.2,2,3LRP-A,259.0,0.971,97.1,7.78e-90,,,,,170,175,181
2H08-A,identity_40_lt50,47.4,4,3DAH-A,284.0,0.9540000000000001,95.4,2.92e-95,,,,,312,326,319
4YEW-A,identity_50_lt70,57.3,3,1HUU-A,100.0,0.9890000000000001,98.9,1.65e-29,,,,,89,90,90
2KUM-A,no_retained_hit,,0,,,,,,,,,,,,
3MDV-A,identity_lt30,27.8,5,1WIY-A,105.0,0.912,91.2,4.93e-25,,,,,421,456,389
2O36-A,identity_50_lt70,64.9,1,5LV0-A,884.0,0.976,97.6,0.0,,,,,658,674,686
5M9B-A,identity_50_lt70,61.0,1,5FP2-A,825.0,0.988,98.8,8.82e-296,,,,,720,724,725
1QFW-B,no_retained_hit,,0,,,,,,,,,,,,
2PZI-A,identity_ge95,100.0,1,4Y12-A,674.0,0.488,48.8,2.32e-242,,,,,332,681,375
6QX9-1A,identity_ge95,99.1,2,4PKD-B,207.0,0.376,37.6,2.74e-66,,,,,106,282,279
1GQV-A,identity_30_lt40,35.4,5,4K7M-A,63.9,0.9329999999999999,93.3,2.72e-14,,,,,127,135,119
4BX2-A,identity_70_lt95,77.3,1,4BKM-A,439.0,1.0,100.0,5.77e-157,,,,,308,293,309
6GEN-G,identity_ge95,100.0,5,4WNN-B,186.0,0.7709999999999999,77.1,6.25e-63,,,,,101,131,102
2RCJ-C,identity_ge95,95.3,5,5K8D-B,419.0,0.40299999999999997,40.3,7.46e-138,,,,,211,523,865
2VDU-B,no_retained_hit,,0,,,,,,,,,,,,
1G77-A,identity_30_lt40,39.8,1,2A2J-A,155.0,0.963,96.3,1.72e-47,,,,,216,218,246
1DUD-A,identity_70_lt95,70.9,3,4LHR-A,212.0,0.9740000000000001,97.4,5.12e-72,,,,,148,152,156
5C2K-A,identity_ge95,100.0,3,3WPS-A,397.0,0.484,48.4,8.12e-140,,,,,201,415,208
3N1S-A,identity_40_lt50,43.6,2,3OJ7-A,100.0,0.924,92.4,1.06e-28,,,,,110,119,117
4YYE-A,identity_30_lt40,38.7,1,4HWO-A,286.0,0.8590000000000001,85.9,7.6e-93,,,,,395,460,411
1LN1-A,no_retained_hit,,0,,,,,,,,,,,,
1JHW-A,identity_50_lt70,56.0,1,3FFK-A,380.0,0.9540000000000001,95.4,1.2e-131,,,,,336,347,377
3UA4-A,no_retained_hit,,0,,,,,,,,,,,,
1LNW-A,identity_30_lt40,33.0,6,6C9T-A,46.6,0.619,61.9,3.77e-07,,,,,91,147,186
5VAI-A,identity_50_lt70,61.6,1,6GDG-D,397.0,0.987,98.7,6.73e-140,,,,,375,380,248
5UZ7-B,identity_40_lt50,49.0,2,6N9G-C,270.0,0.9570000000000001,95.7,5.47e-89,,,,,341,351,353
1ATI-A,identity_70_lt95,87.1,1,1B76-A,860.0,1.0,100.0,1.7e-317,,,,,505,505,442
3HBX-A,identity_40_lt50,45.0,1,2DGM-A,393.0,0.863,86.3,3.95e-133,,,,,438,502,466
6FTQ-A,identity_50_lt70,63.6,1,2VHI-A,520.0,0.985,98.5,8.73e-186,,,,,385,390,405
2NS2-A,identity_ge95,100.0,1,6I8Y-A,441.0,0.884,88.4,8.14e-160,,,,,214,242,222
1HN4-A,identity_70_lt95,82.0,3,2BP2-A,238.0,0.977,97.7,8.15e-83,,,,,128,131,130
1SXJ-E,identity_30_lt40,32.8,2,1IQP-A,109.0,0.672,67.2,1.51e-27,,,,,238,354,327
6GEJ-S,no_retained_hit,,0,,,,,,,,,,,,
4K0R-A,identity_50_lt70,50.3,1,3FY4-A,516.0,0.789,78.9,7.59e-179,,,,,501,617,537
5ZWM-v,identity_lt30,27.4,1,6AHD-v,85.1,0.966,96.6,5.87e-19,,,,,259,266,464
5AIR-A,identity_70_lt95,70.0,1,4E7W-A,502.0,0.821,82.1,3.72e-178,,,,,353,430,394
1YXM-A,identity_lt30,29.4,1,5T5Q-A,115.0,0.818,81.8,5.41e-31,,,,,248,303,247
2VM9-A,identity_30_lt40,33.3,2,3W4Y-A,60.1,0.389,38.9,3.96e-11,,,,,105,257,120
3JCR-F,identity_ge95,100.0,1,4NHO-A,956.0,0.589,58.9,0.0,,,,,483,820,488
4WWY-A,identity_70_lt95,87.1,6,5C67-A,418.0,1.0,100.0,2.94e-151,,,,,224,224,224
6BGL-B,identity_ge95,98.6,1,5IET-B,264.0,0.8220000000000001,82.2,3.88e-92,,,,,143,174,150
4TMK-A,identity_50_lt70,59.0,1,3LV8-A,234.0,0.995,99.5,2.27e-78,,,,,212,213,236
1RNL-A,identity_30_lt40,38.8,3,5X5J-A,62.0,0.37200000000000005,37.2,1.38e-12,,,,,80,215,137
1A22-A,identity_70_lt95,85.7,1,1Z7C-A,328.0,0.99,99.0,1.12e-116,,,,,189,191,191
6FT6-s,identity_lt30,23.6,1,5T62-W,61.6,0.563,56.3,3.97e-10,,,,,335,520,651
3OAI-A,identity_ge95,99.2,1,4OZQ-A,739.0,0.7240000000000001,72.4,2.77e-265,,,,,367,507,720
5C40-A,identity_30_lt40,36.5,1,3RY7-A,174.0,0.909,90.9,1.32e-52,,,,,301,330,304
1J2J-A,identity_70_lt95,88.3,2,5UF8-A,293.0,0.976,97.6,1.5e-103,,,,,162,166,181
1H7C-A,identity_40_lt50,45.5,1,3MXZ-A,65.1,0.815,81.5,3.87e-15,,,,,88,108,116
5CSC-B,identity_70_lt95,92.6,1,3ENJ-A,806.0,1.0,100.0,1.46e-297,,,,,433,429,437
2GK9-A,identity_50_lt70,64.4,1,2YBX-A,488.0,0.9670000000000001,96.7,2.62e-173,,,,,382,392,394
1F9Z-A,identity_50_lt70,53.8,2,6BNX-A,159.0,0.978,97.8,1.03e-49,,,,,132,135,296
6EL3-D,identity_50_lt70,69.8,1,5MLM-A,561.0,0.971,97.1,2.88e-202,,,,,371,381,411
6D6R-C,identity_30_lt40,36.7,2,2BA1-H,140.0,0.8240000000000001,82.4,2.07e-40,,,,,229,278,259
1T4B-A,identity_70_lt95,71.5,3,1PQU-A,543.0,0.997,99.7,7.91e-196,,,,,369,367,371
5ZUT-A,identity_ge95,100.0,4,3K4X-A,498.0,0.889,88.9,1.92e-173,,,,,257,289,798
4DUM-A,identity_50_lt70,50.5,1,5ABX-A,218.0,0.7709999999999999,77.1,2.26e-72,,,,,188,240,190
5EE5-B,identity_50_lt70,59.4,3,2X77-A,220.0,0.965,96.5,2.04e-74,,,,,165,171,189
2O03-A,identity_30_lt40,35.8,5,2W57-A,81.3,0.9309999999999999,93.1,9.46e-21,,,,,123,131,150
6H25-A,identity_ge95,100.0,1,2NN6-A,602.0,0.682,68.2,4.85e-218,,,,,302,443,358
1HJW-A,identity_70_lt95,83.3,3,2QF8-A,630.0,0.9940000000000001,99.4,1.23e-230,,,,,360,362,361
4TRK-A,no_retained_hit,,0,,,,,,,,,,,,
5SVA-n,identity_ge95,99.3,1,6MIP-A,278.0,0.561,56.10000000000001,1.46e-96,,,,,137,244,142
2L9N-A,identity_lt30,24.7,2,2WBM-A,63.9,0.687,68.7,2.99e-12,,,,,174,252,252
1QZY-A,identity_40_lt50,46.7,1,3FMR-A,285.0,0.659,65.9,7.28e-93,,,,,321,478,358
3N9Z-A,identity_lt30,26.5,3,1N6B-A,63.2,0.363,36.3,8.99e-11,,,,,185,487,473
1GZ0-A,identity_30_lt40,34.5,3,5L0Z-A,69.7,0.557,55.7,3.97e-14,,,,,145,253,288
2O8V-B,identity_ge95,99.1,4,3DXB-A,218.0,0.8440000000000001,84.4,1.25e-73,,,,,108,128,222
4QSZ-A,identity_ge95,99.7,2,4OZQ-A,745.0,0.54,54.0,6.48e-265,,,,,371,687,720
3MHH-C,no_retained_hit,,0,,,,,,,,,,,,
2PG7-A,identity_50_lt70,54.8,1,4H1N-A,550.0,0.9940000000000001,99.4,6.24e-195,,,,,473,476,479
6J79-A,identity_70_lt95,76.5,1,3FJO-A,936.0,0.696,69.6,0.0,,,,,613,871,637
4FKX-A,identity_70_lt95,88.5,4,3PRV-A,275.0,0.975,97.5,1.58e-96,,,,,157,161,157
2AG5-A,identity_30_lt40,33.9,2,4NBT-A,132.0,0.996,99.6,4.68e-38,,,,,251,246,240
2E9C-A,identity_40_lt50,48.1,1,6ACS-A,222.0,0.9129999999999999,91.3,6.9e-73,,,,,231,253,258
6O7X-J,identity_ge95,98.3,1,2K88-A,103.0,0.509,50.9,1.1e-30,,,,,58,114,60
1IAU-A,identity_50_lt70,61.8,3,3G01-A,278.0,0.991,99.1,9.8e-96,,,,,228,227,227
2R2Q-A,identity_70_lt95,84.4,1,3M95-A,191.0,0.991,99.1,8.26e-65,,,,,109,110,125
1DPE-A,identity_70_lt95,85.6,2,5F1Q-A,917.0,1.0,100.0,0.0,,,,,507,507,543
5N48-A,identity_lt30,28.0,2,3MBT-A,47.0,0.9570000000000001,95.7,4.74e-07,,,,,189,188,168
6DFT-B,identity_30_lt40,37.3,1,4P63-A,199.0,0.877,87.7,1.13e-61,,,,,308,342,342
2Z4I-A,identity_30_lt40,34.6,1,4U3Q-A,47.8,0.33,33.0,2.09e-07,,,,,78,233,122
4NWI-A,identity_30_lt40,39.4,2,2JGA-A,206.0,0.865,86.5,2.71e-65,,,,,277,319,292
4V6C-AB,identity_ge95,99.6,2,4TOI-A,466.0,0.983,98.3,4.16e-168,,,,,237,241,326
4REW-A,identity_ge95,99.4,2,4RED-A,693.0,0.635,63.5,1.29e-252,,,,,343,540,351
5HR2-A,identity_ge95,99.1,8,3DXB-A,220.0,1.0,100.0,4.93e-75,,,,,109,109,222
1FDR-A,identity_70_lt95,89.5,1,3FPK-A,424.0,1.0,100.0,7.43e-153,,,,,248,248,251
5HZW-A,identity_ge95,99.7,2,4WRN-A,751.0,0.551,55.1,1.67e-267,,,,,381,691,695
3TH5-A,identity_70_lt95,90.3,2,1RYH-A,349.0,0.863,86.3,1.19e-124,,,,,195,204,203
2G9B-A,identity_40_lt50,40.9,1,2Q4U-A,181.0,0.935,93.5,1.98e-56,,,,,259,263,272
5AFI-h,identity_50_lt70,51.1,1,4PDB-A,126.0,0.992,99.2,2.35e-38,,,,,131,130,155
1C1Z-A,identity_30_lt40,30.7,1,5FOB-C,107.0,0.675,67.5,9.26e-28,,,,,228,326,245
6D6Q-E,identity_30_lt40,33.3,3,2PO2-B,147.0,0.9009999999999999,90.1,5.47e-43,,,,,264,293,277
5EDU-B,identity_ge95,99.2,1,4OZQ-A,743.0,0.501,50.1,4.3e-263,,,,,373,745,720
4KBS-A,identity_70_lt95,78.3,1,4KBR-A,344.0,1.0,100.0,4.11e-122,,,,,217,215,217
6B3J-R,identity_70_lt95,87.6,2,5VAI-R,812.0,0.878,87.8,1.55e-298,,,,,461,491,461
5MTZ-A,no_retained_hit,,0,,,,,,,,,,,,
2WDT-A,identity_lt30,21.1,1,3RII-A,53.5,0.94,94.0,8.25e-09,,,,,228,232,233
4EWQ-A,identity_70_lt95,86.3,1,3OHT-A,638.0,0.935,93.5,7.16e-233,,,,,358,383,389
2NN6-I,no_retained_hit,,0,,,,,,,,,,,,
3J6B-O,identity_ge95,100.0,1,5MRC-O,444.0,0.728,72.8,7.8e-160,,,,,225,309,225
3THY-A,identity_30_lt40,32.7,2,1NNE-A,239.0,0.591,59.099999999999994,1.9e-67,,,,,557,934,765
4WQO-A,no_retained_hit,,0,,,,,,,,,,,,
3KLN-A,no_retained_hit,,0,,,,,,,,,,,,
2W2X-A,identity_70_lt95,85.0,2,1RYH-A,340.0,0.978,97.8,3.57e-121,,,,,200,185,203
4V6W-CT,identity_70_lt95,72.5,1,6HCQ-T3,236.0,1.0,100.0,2.79e-81,,,,,160,159,160
6NUW-E,no_retained_hit,,0,,,,,,,,,,,,
2VSX-A,identity_ge95,99.1,2,1QVA-A,421.0,0.565,56.49999999999999,2.55e-149,,,,,223,395,223
5HLO-A,identity_30_lt40,32.5,4,2KAY-A,50.8,0.84,84.0,5.05e-10,,,,,80,94,92
1PUC-A,identity_70_lt95,74.2,1,3QY2-A,152.0,0.924,92.4,1.29e-49,,,,,97,105,117
1Y4C-A,identity_ge95,98.9,4,4OZQ-A,739.0,0.745,74.5,1.18e-265,,,,,368,494,720
4Q7Y-A,identity_40_lt50,42.4,2,3G01-A,158.0,0.9,90.0,3.6e-48,,,,,231,250,227
3LCG-A,identity_30_lt40,36.7,1,5LKY-A,198.0,0.893,89.3,6.78e-62,,,,,286,319,300
1QYR-A,identity_50_lt70,50.8,1,3UZU-A,235.0,0.988,98.8,9.31e-78,,,,,254,252,279
4V69-AN,identity_ge95,100.0,2,4V4W-AN,128.0,0.635,63.5,6.98e-41,,,,,61,96,61
1WOU-A,identity_70_lt95,79.7,1,1V9W-A,221.0,1.0,100.0,2.12e-76,,,,,123,123,130
5W0P-A,identity_70_lt95,86.7,2,4J2Q-A,621.0,0.397,39.7,4.57e-218,,,,,362,906,380
3TUP-A,identity_30_lt40,31.3,3,1PYS-A,97.8,0.528,52.800000000000004,9.39e-23,,,,,249,415,350
1OHW-A,identity_lt30,25.8,3,4FFC-A,106.0,0.951,95.1,4.5e-25,,,,,466,472,453
4YZF-A,identity_ge95,100.0,1,1HYN-P,742.0,0.41600000000000004,41.6,1.15e-265,,,,,379,911,379
5HJR-A,identity_40_lt50,41.2,1,5DKX-A,707.0,0.996,99.6,3.67e-244,,,,,956,857,951
6DFF-C,identity_70_lt95,88.3,2,5UF8-A,296.0,0.845,84.5,5.38e-104,,,,,163,193,181
3ISM-C,no_retained_hit,,0,,,,,,,,,,,,
3RQF-A,no_retained_hit,,0,,,,,,,,,,,,
6BW5-A,identity_lt30,24.6,1,4J72-A,47.0,0.379,37.9,7.6e-06,,,,,175,417,365
4V6W-CY,identity_50_lt70,65.7,6,4V7E-CY,171.0,0.96,96.0,1.02e-55,,,,,143,149,150
5ZWM-s,identity_ge95,100.0,1,4M75-G,176.0,0.49700000000000005,49.7,9.09e-58,,,,,93,187,122
2R46-A,identity_lt30,27.6,1,2RGO-A,162.0,0.98,98.0,1.45e-43,,,,,572,501,607
1QPB-A,identity_70_lt95,86.7,1,6EFG-A,977.0,0.998,99.8,0.0,,,,,562,563,563
5HGZ-A,no_retained_hit,,0,,,,,,,,,,,,
5J32-A,identity_50_lt70,56.5,3,1A05-A,379.0,0.878,87.8,1.38e-130,,,,,354,403,358
4F0X-A,identity_30_lt40,36.6,3,4KS9-A,216.0,0.8009999999999999,80.1,9.05e-66,,,,,372,458,428
4GTU-A,identity_70_lt95,80.0,1,2DC5-A,372.0,0.991,99.1,3.89e-133,,,,,215,217,231
3RBF-A,identity_70_lt95,88.9,1,1JS3-A,876.0,0.996,99.6,0.0,,,,,478,480,486
4DBL-A,identity_30_lt40,38.7,1,5B58-A,167.0,0.828,82.8,7.66e-49,,,,,300,349,385
1TDH-A,identity_ge95,100.0,1,5ITQ-A,600.0,0.797,79.7,7.25e-220,,,,,290,364,290
2HG2-A,identity_40_lt50,43.2,8,3K2W-A,380.0,0.977,97.7,3.23e-128,,,,,472,479,497
1QQE-A,identity_lt30,24.8,1,2IFU-A,57.0,0.894,89.4,1.66e-09,,,,,262,292,307
1JV1-A,identity_70_lt95,90.2,1,1VM8-A,943.0,1.0,100.0,0.0,,,,,522,505,534
5WYJ-P1,identity_50_lt70,64.4,1,5OQL-h,254.0,0.745,74.5,5.89e-85,,,,,205,274,259
1HRT-I,identity_70_lt95,80.0,1,4HTC-I,114.0,1.0,100.0,4.76e-36,,,,,65,65,65
6HOG-A,identity_70_lt95,91.1,1,3M95-A,208.0,0.868,86.8,2.47e-71,,,,,112,129,125
3T33-A,no_retained_hit,,0,,,,,,,,,,,,
5XTH-AL,identity_70_lt95,89.2,3,6HAW-A,807.0,0.996,99.6,1.04e-297,,,,,444,446,438
5WC0-A,identity_ge95,99.7,1,6B5D-A,599.0,0.655,65.5,3.94e-217,,,,,309,472,309
3B97-A,identity_70_lt95,72.9,4,5WRO-A,635.0,0.993,99.3,3.73e-230,,,,,431,433,439
4JEH-A,identity_50_lt70,66.4,2,1EPU-A,772.0,0.9590000000000001,95.9,8.26e-279,,,,,589,608,591
5FHZ-A,identity_70_lt95,71.3,2,5AC0-A,735.0,0.934,93.4,8.39e-267,,,,,494,529,501
1DKG-A,identity_30_lt40,36.8,1,4ANI-A,104.0,0.772,77.2,2.76e-28,,,,,152,197,213
5CLW-A,identity_50_lt70,53.8,1,3AMK-A,746.0,0.991,99.1,6.03e-266,,,,,677,668,702
4KDC-A,identity_70_lt95,90.7,1,4KDR-A,433.0,1.0,100.0,1.11e-156,,,,,246,246,223
3LSR-A,no_retained_hit,,0,,,,,,,,,,,,
6AHD-u,no_retained_hit,,0,,,,,,,,,,,,
3RFA-A,no_retained_hit,,0,,,,,,,,,,,,
3FE4-A,identity_40_lt50,41.5,7,5DVX-A,195.0,0.8809999999999999,88.1,8.87e-62,,,,,246,278,260
5OKZ-G,identity_ge95,100.0,1,2JA9-A,348.0,0.7170000000000001,71.7,6.21e-124,,,,,175,244,175
1NSK-R,identity_50_lt70,66.9,4,5BXI-A,217.0,0.9740000000000001,97.4,6.13e-74,,,,,148,152,160
1ST7-A,identity_50_lt70,50.8,1,2LBB-A,65.9,0.6859999999999999,68.6,5.49e-16,,,,,59,86,96
1PFN-A,identity_70_lt95,72.3,1,1PLF-A,99.8,0.956,95.6,5.83e-30,,,,,65,68,72
4RJ9-A,identity_30_lt40,38.2,4,4NPK-A,53.9,0.455,45.5,2.7e-09,,,,,76,165,299
3KGX-A,identity_40_lt50,45.9,4,1VJO-A,338.0,0.941,94.1,3.33e-114,,,,,370,393,393
1XMM-B,identity_ge95,100.0,2,5OSY-A,606.0,0.877,87.7,3.35e-222,,,,,300,342,301
2WXZ-C,identity_lt30,27.1,1,4KDS-A,72.8,0.68,68.0,4.59e-14,,,,,329,453,386
1DXT-B,identity_70_lt95,90.4,8,2RAO-B,272.0,0.993,99.3,7.18e-96,,,,,146,147,146
5A5Y-A,no_retained_hit,,0,,,,,,,,,,,,
5DFZ-C,identity_40_lt50,41.6,3,6I3U-A,435.0,0.672,67.2,1.18e-142,,,,,615,875,615
1KXU-A,no_retained_hit,,0,,,,,,,,,,,,
2LM5-A,identity_lt30,25.7,2,1V1G-A,51.2,0.836,83.6,3.78e-08,,,,,179,214,222
5H0Z-A,identity_50_lt70,55.6,1,6GNM-A,131.0,0.929,92.9,8.4e-41,,,,,117,126,135
2NNH-A,identity_70_lt95,74.4,2,1N6B-A,734.0,1.0,100.0,7.69e-268,,,,,476,476,473
4MVK-A,identity_lt30,23.9,3,3I7F-A,43.9,0.894,89.4,6.93e-06,,,,,184,188,548
4FXY-P,identity_70_lt95,91.1,1,5LV0-A,1224.0,0.96,96.0,0.0,,,,,665,693,686
1E2S-P,identity_30_lt40,31.5,1,3ED4-A,176.0,0.8690000000000001,86.9,1.16e-49,,,,,466,489,502
6BBQ-A,identity_ge95,98.8,4,2R09-A,693.0,0.667,66.7,7.38e-253,,,,,347,520,347
1GRI-A,no_retained_hit,,0,,,,,,,,,,,,
3K9V-A,identity_30_lt40,31.4,2,2VE3-A,83.2,0.386,38.6,2.93e-17,,,,,188,482,444
3MZS-A,identity_lt30,23.5,3,1N6B-A,70.9,0.905,90.5,3.14e-13,,,,,473,486,473
5IJ0-B,identity_70_lt95,93.7,3,6GJ4-B,824.0,1.0,100.0,1.2e-304,,,,,426,426,445
4J7T-A,no_retained_hit,,0,,,,,,,,,,,,
4V6W-AP,identity_70_lt95,80.4,3,4V7E-BP,226.0,0.932,93.2,1.35e-77,,,,,138,148,154
6MRT-A,no_retained_hit,,0,,,,,,,,,,,,
2IBU-A,identity_50_lt70,56.0,2,6BJB-A,404.0,0.995,99.5,2.4e-140,,,,,393,395,393
3AAI-A,identity_30_lt40,34.8,1,5FMN-A,54.7,0.9470000000000001,94.7,2.22e-11,,,,,92,94,107
2MN7-A,no_retained_hit,,0,,,,,,,,,,,,
5YPX-A,identity_lt30,26.8,2,2LCP-A,52.0,0.8029999999999999,80.3,1.65e-08,,,,,190,223,190
1RJT-A,identity_30_lt40,38.5,2,5DST-A,50.1,0.89,89.0,2.83e-10,,,,,65,73,332
1S5O-A,identity_70_lt95,89.9,1,1T7N-A,1102.0,0.981,98.1,0.0,,,,,604,616,618
4V8R-AE,identity_30_lt40,37.1,5,3J1C-A,335.0,0.95,95.0,1.59e-108,,,,,542,562,563
5OKZ-J,no_retained_hit,,0,,,,,,,,,,,,
2PFR-A,identity_30_lt40,31.9,8,2BSZ-A,102.0,0.799,79.9,6.99e-26,,,,,235,294,278
2R8P-A,identity_70_lt95,73.0,2,4XEU-A,992.0,0.991,99.1,0.0,,,,,664,669,673
2H63-A,identity_70_lt95,83.4,1,1LC0-A,469.0,0.99,99.0,4.32e-169,,,,,289,292,294
4V6W-AT,identity_40_lt50,49.3,4,5XXU-T,124.0,0.853,85.3,5.66e-37,,,,,134,156,160
5XOC-B,identity_ge95,100.0,5,4KCB-A,226.0,0.787,78.7,4.85e-74,,,,,111,141,447
1M1E-B,identity_70_lt95,94.7,1,1LUJ-B,137.0,0.9259999999999999,92.6,1.72e-44,,,,,75,81,75
5NZV-F,identity_70_lt95,82.3,2,5UF8-A,311.0,1.0,100.0,3.8e-110,,,,,181,181,181
2KBK-A,identity_70_lt95,84.4,3,1SN4-A,132.0,1.0,100.0,2.97e-43,,,,,64,64,64
1D6Z-A,identity_lt30,27.8,1,3PGB-A,144.0,0.589,58.9,7.34e-36,,,,,439,727,797
6J30-Q,identity_40_lt50,45.4,1,6MSK-X,324.0,0.892,89.2,6.39e-108,,,,,388,434,422
5M3F-I,no_retained_hit,,0,,,,,,,,,,,,
5Z58-f,identity_ge95,100.0,2,6QDV-f,152.0,0.8370000000000001,83.7,1.53e-50,,,,,72,86,72
6B8H-k,no_retained_hit,,0,,,,,,,,,,,,
4V6W-CG,identity_50_lt70,68.9,4,5LZT-G,325.0,0.889,88.9,3.42e-112,,,,,241,271,319
1UOU-A,identity_40_lt50,40.2,1,1BRW-A,277.0,0.93,93.0,6.1e-89,,,,,443,474,433
6CFS-A,identity_50_lt70,52.8,1,5UE7-A,264.0,0.9470000000000001,94.7,3.48e-89,,,,,248,262,252
4TNB-A,identity_50_lt70,67.9,1,4YHJ-A,777.0,0.9440000000000001,94.4,3.42e-281,,,,,560,590,584
6G51-g,identity_70_lt95,76.8,2,4V6W-Ag,450.0,0.991,99.1,7.85e-161,,,,,315,317,318
2M0R-A,identity_lt30,29.6,1,4CFQ-A,48.9,0.74,74.0,3.79e-09,,,,,81,104,91
5GW4-h,identity_30_lt40,36.1,1,1A6D-B,320.0,0.9420000000000001,94.2,2.86e-103,,,,,523,550,543
2XKX-A,identity_30_lt40,30.9,3,4WSI-A,179.0,0.537,53.7,4.74e-50,,,,,404,721,394
2DY0-A,identity_70_lt95,81.1,1,4MB6-A,290.0,0.9470000000000001,94.7,1.13e-101,,,,,180,190,187
3T5G-A,identity_50_lt70,53.4,2,3OES-A,194.0,0.972,97.2,9.39e-64,,,,,176,181,201
6FEY-A,no_retained_hit,,0,,,,,,,,,,,,
3NFY-A,identity_40_lt50,46.7,2,3D8H-A,241.0,0.951,95.1,8.31e-80,,,,,255,267,267
4F52-E,no_retained_hit,,0,,,,,,,,,,,,
2BKA-A,identity_70_lt95,90.8,1,2FMU-A,409.0,0.946,94.6,9.26e-147,,,,,229,242,248
1QMV-A,identity_70_lt95,75.9,5,4FH8-A,305.0,0.97,97.0,4.39e-107,,,,,191,197,204
1R94-A,identity_40_lt50,47.6,1,2D2A-A,110.0,0.873,87.3,2.59e-32,,,,,103,118,145
4AZN-A,identity_50_lt70,54.8,7,1YIV-A,140.0,0.813,81.3,7.07e-44,,,,,126,155,131
4V8T-q,identity_ge95,100.0,2,5LYB-p0,380.0,0.628,62.8,6.56e-135,,,,,196,312,219
6EOJ-D,no_retained_hit,,0,,,,,,,,,,,,
2MGS-A,identity_50_lt70,56.3,1,1NAP-A,89.7,0.821,82.1,7.65e-26,,,,,64,78,70
3J6B-Z,identity_ge95,100.0,1,5MRE-Z,129.0,0.539,53.900000000000006,3.72e-41,,,,,62,115,62
4V6W-CA,identity_70_lt95,73.4,4,4V3P-LB,380.0,0.9690000000000001,96.9,5.47e-135,,,,,248,256,255
4V6W-CW,identity_40_lt50,47.1,1,4V4N-AV,54.7,0.32899999999999996,32.9,4.75e-11,,,,,51,155,66
3F5F-A,identity_70_lt95,93.8,1,4OZQ-A,743.0,0.597,59.699999999999996,2.56e-264,,,,,400,658,720
5A52-A,identity_30_lt40,31.6,2,1A25-A,47.8,0.536,53.6,1.39e-07,,,,,98,168,149
1ZQ9-A,identity_40_lt50,47.1,1,2H1R-A,258.0,0.975,97.5,4.84e-86,,,,,278,285,299
2K3J-A,no_retained_hit,,0,,,,,,,,,,,,
1X0T-A,no_retained_hit,,0,,,,,,,,,,,,
4PJ1-A,identity_50_lt70,52.9,2,1IOK-A,553.0,0.943,94.3,3.79e-194,,,,,527,558,545
2OZO-A,identity_ge95,99.6,2,1U59-A,573.0,0.457,45.7,6.66e-205,,,,,280,613,287
1GVF-A,identity_30_lt40,38.4,1,3OHI-A,211.0,0.983,98.3,3.6e-67,,,,,307,286,323
3TVL-A,identity_70_lt95,74.4,1,5A65-A,313.0,0.935,93.5,1.13e-109,,,,,215,230,217
5U8S-E,identity_lt30,26.4,1,5DGO-A,115.0,0.685,68.5,2.73e-27,,,,,459,650,555
6BK8-g,identity_50_lt70,50.6,1,6QDV-d,102.0,0.802,80.2,3.69e-30,,,,,81,101,84
3CUE-F,identity_ge95,100.0,2,1YZN-A,339.0,0.825,82.5,8.92e-121,,,,,170,206,185
5WP9-A,identity_70_lt95,85.4,2,4BEJ-A,1126.0,1.0,100.0,0.0,,,,,710,710,617
3QFR-A,identity_70_lt95,81.4,1,3FJO-A,1009.0,1.0,100.0,0.0,,,,,624,618,637
3EIQ-A,identity_ge95,100.0,2,5ZBZ-A,428.0,0.529,52.900000000000006,4.18e-152,,,,,219,414,220
5U0S-N,identity_ge95,100.0,1,5N9J-A,1149.0,0.621,62.1,0.0,,,,,578,931,591
1GXD-C,identity_ge95,99.2,2,2TMP-A,263.0,0.655,65.5,5.57e-92,,,,,127,194,127
3DHT-A,identity_70_lt95,83.0,6,5KER-C,240.0,1.0,100.0,1.51e-83,,,,,141,141,141
1FE3-A,identity_50_lt70,69.2,4,1BWY-A,192.0,0.992,99.2,1.2e-64,,,,,130,131,132
5M6U-B,no_retained_hit,,0,,,,,,,,,,,,
5BQE-A,no_retained_hit,,0,,,,,,,,,,,,
5KHR-Q,identity_40_lt50,41.5,1,1Z2U-A,107.0,0.711,71.1,3.95e-30,,,,,135,190,150
4Y2Y-A,identity_70_lt95,73.0,1,1CR6-A,862.0,0.9890000000000001,98.9,1.28e-315,,,,,556,561,554
4L6W-A,identity_40_lt50,43.1,3,3IBB-A,348.0,0.919,91.9,8.27e-115,,,,,483,493,530
3F9R-A,identity_50_lt70,60.3,1,5UE7-A,295.0,0.9470000000000001,94.7,6.83e-102,,,,,234,246,252
1KF9-A,identity_70_lt95,79.9,1,1Z7C-A,298.0,0.99,99.0,8.56e-105,,,,,189,191,191
6AHU-I,no_retained_hit,,0,,,,,,,,,,,,
1GY7-A,no_retained_hit,,0,,,,,,,,,,,,
3K2S-A,identity_ge95,99.5,1,1AV1-A,78.6,0.823,82.3,5.88e-18,,,,,200,243,201
5MHH-A,identity_30_lt40,32.3,4,1JZU-A,48.9,0.644,64.4,8.3e-08,,,,,124,188,157
6HT9-B,no_retained_hit,,0,,,,,,,,,,,,
2GU2-A,identity_40_lt50,42.7,1,3NH5-A,276.0,0.968,96.8,2.42e-92,,,,,302,312,327
3SZA-A,identity_40_lt50,46.3,4,5NNO-A,407.0,0.9620000000000001,96.2,3.06e-138,,,,,471,469,546
3J9M-AK,identity_70_lt95,90.6,2,6GAZ-AN,230.0,1.0,100.0,7.57e-80,,,,,128,128,128
1JL0-A,identity_ge95,99.2,1,3H0W-A,538.0,0.7959999999999999,79.6,6.26e-196,,,,,266,334,266
5I8Q-A,identity_70_lt95,71.7,1,5D0U-A,1016.0,0.9129999999999999,91.3,0.0,,,,,703,767,714
3N71-A,identity_30_lt40,31.6,1,3OXG-A,214.0,0.8759999999999999,87.6,5.34e-64,,,,,434,490,464
2HZA-A,identity_30_lt40,33.1,1,2BJ9-A,87.0,0.932,93.2,4.2e-23,,,,,124,133,138
1LN4-A,identity_70_lt95,75.5,1,1JO0-A,135.0,0.904,90.4,3.52e-43,,,,,94,104,98
3PGM-A,identity_50_lt70,57.3,1,4EO9-A,252.0,0.9470000000000001,94.7,1.51e-84,,,,,234,244,268
2YMB-A,no_retained_hit,,0,,,,,,,,,,,,
4DEF-A,identity_40_lt50,40.7,1,5GK3-A,220.0,0.92,92.0,2.79e-69,,,,,337,349,359
6O81-C,identity_30_lt40,38.6,2,6JLZ-C,255.0,0.8640000000000001,86.4,3.89e-82,,,,,363,368,399
4UUD-B,identity_ge95,100.0,2,6DLV-b,1462.0,0.866,86.6,0.0,,,,,748,864,748
6MSK-b,identity_40_lt50,47.6,1,2X5N-A,169.0,0.496,49.6,2.26e-51,,,,,189,377,192
1DTS-A,identity_30_lt40,35.4,1,3OF5-A,102.0,0.787,78.7,5.95e-27,,,,,175,221,228
5FSA-A,identity_50_lt70,65.6,1,4WMZ-A,645.0,0.982,98.2,1.38e-231,,,,,482,490,539
3MS6-A,identity_ge95,100.0,1,6B9X-E,184.0,0.919,91.9,1.93e-61,,,,,91,99,173
1IE4-A,identity_50_lt70,61.2,1,6GNM-A,159.0,0.953,95.3,9.88e-52,,,,,121,127,135
5BT1-A,no_retained_hit,,0,,,,,,,,,,,,
5GQ0-B,identity_50_lt70,53.2,1,5GQT-A,356.0,0.9740000000000001,97.4,5.8e-121,,,,,344,349,478
4Z9M-A,identity_70_lt95,90.2,2,1CRK-A,722.0,0.9590000000000001,95.9,4.5e-266,,,,,376,392,380
1QK1-A,identity_70_lt95,84.1,2,1CRK-A,672.0,0.9790000000000001,97.9,2.45e-246,,,,,371,379,380
4BSZ-B,no_retained_hit,,0,,,,,,,,,,,,
3IEU-A,identity_30_lt40,39.7,6,1WF3-A,192.0,0.977,97.7,9.82e-60,,,,,300,301,301
4V6W-Cr,identity_30_lt40,38.1,1,4V7E-Cr,67.4,0.8190000000000001,81.9,3.04e-15,,,,,126,144,147
5WVI-L,identity_ge95,100.0,3,6EF0-L,539.0,0.625,62.5,1.07e-194,,,,,273,437,273
6FOH-A,identity_30_lt40,38.6,2,1WZO-A,142.0,0.902,90.2,3.69e-42,,,,,202,224,246
2HZQ-A,identity_lt30,27.5,1,1GKA-B,72.8,0.868,86.8,1.06e-16,,,,,153,174,174
3SWN-B,identity_50_lt70,67.6,1,6QX9-66,108.0,0.883,88.3,3.27e-33,,,,,68,77,80
1G9T-A,identity_70_lt95,73.0,4,3OHP-A,265.0,0.978,97.8,6.61e-92,,,,,178,182,177
4ARZ-A,identity_30_lt40,34.9,1,6EHR-F,77.0,0.406,40.6,1.36e-17,,,,,129,310,132
1QCQ-A,identity_70_lt95,79.9,1,1Z2U-A,254.0,0.973,97.3,1.25e-88,,,,,144,148,150
4X3N-A,no_retained_hit,,0,,,,,,,,,,,,
5GMK-P,identity_lt30,26.9,1,3JB9-M,89.4,0.755,75.5,1.66e-19,,,,,360,379,557
5L7M-A,no_retained_hit,,0,,,,,,,,,,,,
6O9L-R,identity_ge95,100.0,1,5GPY-B,204.0,0.35700000000000004,35.7,2.56e-67,,,,,104,291,108
3H90-A,identity_40_lt50,48.0,1,5VRF-B,249.0,0.993,99.3,2.46e-82,,,,,281,283,296
5MPB-R,identity_30_lt40,37.4,1,5L4K-R,248.0,0.937,93.7,9.61e-79,,,,,404,429,389
4A8B-A,identity_ge95,99.6,1,3STI-A,448.0,0.544,54.400000000000006,2.88e-159,,,,,237,436,245
5MRC-F,identity_30_lt40,36.5,3,4V4T-BH,112.0,1.0,100.0,1.12e-31,,,,,197,196,177
2L2E-A,identity_50_lt70,65.1,5,2LCP-A,243.0,0.995,99.5,4.68e-83,,,,,189,190,190
2CLP-A,identity_70_lt95,85.8,2,2C91-A,579.0,0.9309999999999999,93.1,5.25e-211,,,,,323,347,338
6ASO-H,identity_ge95,95.8,1,4M7D-A,176.0,0.835,83.5,5.07e-59,,,,,96,115,96
2GQQ-A,identity_40_lt50,40.5,1,2P5V-A,118.0,0.9079999999999999,90.8,1.4e-34,,,,,148,163,162
6AHU-C,no_retained_hit,,0,,,,,,,,,,,,
4BKP-A,identity_lt30,23.7,1,6BWL-A,47.8,0.75,75.0,2.67e-06,,,,,274,336,328
6BJE-A,identity_30_lt40,33.0,4,5KRE-A,103.0,0.9590000000000001,95.9,2.02e-27,,,,,221,222,239
2XVY-A,no_retained_hit,,0,,,,,,,,,,,,
6MZL-P,no_retained_hit,,0,,,,,,,,,,,,
3K3G-A,no_retained_hit,,0,,,,,,,,,,,,
4WMS-A,identity_ge95,98.6,3,4OZQ-A,736.0,0.71,71.0,6.95e-264,,,,,368,518,720
3EI8-A,identity_50_lt70,68.0,1,3QGU-A,565.0,0.9309999999999999,93.1,3.45e-202,,,,,403,432,449
2DLC-X,identity_50_lt70,56.5,1,4Q93-A,400.0,0.898,89.8,7.45e-139,,,,,354,394,372
6H58-y,no_retained_hit,,0,,,,,,,,,,,,
6BQC-A,identity_30_lt40,31.7,1,3HA5-A,128.0,0.627,62.7,3.41e-34,,,,,259,383,318
4ZZL-A,no_retained_hit,,0,,,,,,,,,,,,
4G74-A,identity_30_lt40,30.2,1,5JWC-A,202.0,0.996,99.6,4.12e-59,,,,,560,502,521
4C9G-A,identity_70_lt95,90.4,2,4C9J-A,552.0,0.953,95.3,4.23e-201,,,,,303,318,322
1GPQ-A,identity_lt30,28.2,1,4PS6-A,45.4,0.563,56.3,3.81e-07,,,,,78,135,130
1TMH-A,identity_50_lt70,63.1,8,1AW2-A,308.0,0.992,99.2,1.03e-106,,,,,255,254,256
5WLC-LJ,identity_30_lt40,30.5,1,5OQL-L,190.0,0.975,97.5,5.55e-54,,,,,550,513,557
3AH8-G,identity_ge95,98.4,1,5UKL-G,119.0,0.795,79.5,1.11e-37,,,,,62,78,62
1EE6-A,identity_50_lt70,54.7,1,4Z03-A,197.0,0.909,90.9,1.15e-64,,,,,179,197,204
3EJY-A,identity_70_lt95,78.2,1,1KPL-A,714.0,1.0,100.0,5.61e-260,,,,,473,473,473
5N9J-E,no_retained_hit,,0,,,,,,,,,,,,
2P01-A,identity_ge95,100.0,2,2FCW-A,207.0,0.33399999999999996,33.4,4.58e-68,,,,,108,323,109
3FCS-A,identity_ge95,100.0,2,3NID-A,941.0,0.47700000000000004,47.7,0.0,,,,,457,959,457
4ZRP-A,identity_70_lt95,72.4,1,2BB6-A,578.0,0.998,99.8,2.75e-208,,,,,413,409,414
3CXS-A,identity_40_lt50,43.4,1,4AG7-A,126.0,0.821,82.1,1.5e-37,,,,,152,184,165
1R6B-X,identity_40_lt50,42.2,8,1QVR-A,497.0,0.745,74.5,6.95e-165,,,,,689,758,854
3OQN-A,identity_70_lt95,76.2,1,1RZR-D,515.0,0.9790000000000001,97.9,8.29e-186,,,,,332,339,332
2HQM-A,identity_50_lt70,50.1,2,5V36-A,426.0,0.9670000000000001,96.7,1.22e-146,,,,,465,479,453
4QGS-A,identity_30_lt40,36.5,1,1VLJ-A,230.0,0.897,89.7,6.3e-72,,,,,362,398,407
6E3Y-E,identity_ge95,97.9,1,3N7P-D,207.0,0.631,63.1,4.36e-71,,,,,94,149,96
5YVG-X,no_retained_hit,,0,,,,,,,,,,,,
3VN9-A,identity_ge95,98.6,1,3FME-A,578.0,0.853,85.3,1.93e-211,,,,,290,340,290
2OBY-A,identity_lt30,25.3,1,4Z6K-A,65.9,0.7659999999999999,76.6,3.39e-12,,,,,289,338,346
6CP5-U,no_retained_hit,,0,,,,,,,,,,,,
6FXY-A,no_retained_hit,,0,,,,,,,,,,,,
4C5A-A,identity_70_lt95,72.5,2,5BPF-A,437.0,0.927,92.7,1.78e-155,,,,,306,330,306
4PJ1-O,identity_40_lt50,41.4,4,1WNR-A,73.2,0.763,76.3,1.88e-18,,,,,87,114,94
4YBH-B,identity_70_lt95,90.0,3,2JTT-A,162.0,0.978,97.8,5.11e-54,,,,,90,92,90
4CSU-9,identity_ge95,100.0,1,5M04-A,664.0,0.872,87.2,2e-243,,,,,340,390,360
6AH3-G,no_retained_hit,,0,,,,,,,,,,,,
1CN4-C,no_retained_hit,,0,,,,,,,,,,,,
4EUK-B,identity_70_lt95,70.4,1,3US6-A,220.0,0.956,95.6,5.51e-75,,,,,152,159,153
6GML-Y,identity_40_lt50,47.6,1,6J4Z-V,102.0,0.843,84.3,7.68e-30,,,,,103,121,108
4ARC-A,no_retained_hit,,0,,,,,,,,,,,,
6EM4-u,no_retained_hit,,0,,,,,,,,,,,,
5J9Q-F,no_retained_hit,,0,,,,,,,,,,,,
5I0I-E,identity_70_lt95,91.7,5,3EK4-A,172.0,1.0,100.0,6.44e-53,,,,,145,145,451
5BW9-G,identity_lt30,28.9,1,5Y5Y-G,69.3,0.7929999999999999,79.3,2.64e-14,,,,,204,256,223
4H27-A,no_retained_hit,,0,,,,,,,,,,,,
5XTD-H,identity_70_lt95,88.4,3,5GUP-N,198.0,1.0,100.0,1.21e-67,,,,,112,112,116
3RX4-A,identity_70_lt95,86.6,4,1DLA-A,572.0,0.935,93.5,1.1e-208,,,,,314,336,314
5LMX-C,no_retained_hit,,0,,,,,,,,,,,,
6CNF-S,no_retained_hit,,0,,,,,,,,,,,,
6E7Z-A,identity_ge95,100.0,1,5TJB-A,420.0,0.36700000000000005,36.7,3.16e-146,,,,,213,580,223
4FL3-A,identity_ge95,100.0,1,1A81-A,526.0,0.4,40.0,6.81e-187,,,,,254,635,254
1LPA-B,identity_70_lt95,86.2,4,1ETH-A,828.0,0.998,99.8,7.15e-306,,,,,448,449,448
2A1U-B,identity_50_lt70,58.3,1,1EFP-B,269.0,0.988,98.8,2.02e-91,,,,,252,255,252
5K98-A,identity_lt30,29.1,1,4PU3-A,126.0,0.8909999999999999,89.1,5.09e-32,,,,,416,448,454
4V6I-Bv,identity_50_lt70,61.7,1,4V6X-Cu,68.6,1.0,100.0,1.57e-16,,,,,115,106,115
4KVO-A,identity_30_lt40,36.0,1,5NNP-A,434.0,0.978,97.8,3.6e-142,,,,,720,731,745
4V6I-AC,identity_ge95,100.0,4,4V7H-AD,302.0,0.802,80.2,7.32e-107,,,,,158,197,158
4WB7-A,identity_ge95,97.6,1,5N23-A,672.0,0.835,83.5,2.42e-246,,,,,339,405,352
6EM3-i,identity_70_lt95,81.6,1,5IT7-ii,156.0,0.98,98.0,1.76e-51,,,,,98,100,98
6E8E-B,identity_ge95,99.7,1,5X06-A,717.0,0.7140000000000001,71.4,1.04e-261,,,,,369,517,386
1ZNQ-O,identity_70_lt95,74.0,5,4K9D-A,499.0,0.988,98.8,3.39e-179,,,,,339,338,347
1XA6-A,identity_70_lt95,73.7,1,3CXL-A,683.0,0.953,95.3,6.25e-248,,,,,445,466,463
3CUE-A,identity_lt30,29.5,1,2J3T-D,71.2,0.868,86.8,2.55e-15,,,,,190,219,219
4L57-A,identity_70_lt95,86.0,1,2JAO-A,357.0,0.99,99.0,4.7e-128,,,,,193,195,200
5KJS-A,identity_70_lt95,78.5,3,5KJW-A,712.0,1.0,100.0,8.61e-261,,,,,433,433,427
2WTB-A,identity_30_lt40,38.6,5,6IUM-B,436.0,0.96,96.0,1.08e-143,,,,,699,725,701
3EQ1-A,identity_40_lt50,47.1,2,4MLQ-A,220.0,0.765,76.5,7.35e-70,,,,,278,361,312
1RPA-A,identity_lt30,27.3,1,5CDH-A,108.0,0.9470000000000001,94.7,3.72e-27,,,,,333,342,336
5ZRV-A,identity_30_lt40,32.6,3,4B3J-A,333.0,0.92,92.0,1.42e-103,,,,,728,763,736
3J1O-H,identity_ge95,100.0,1,3R84-A,165.0,0.649,64.9,9.23e-55,,,,,85,131,86
4V6W-Cg,identity_40_lt50,49.5,1,5XXB-f,97.1,0.6729999999999999,67.3,1.2e-26,,,,,109,162,134
1Y4U-A,identity_ge95,100.0,4,2GQ0-A,533.0,0.47600000000000003,47.6,1.09e-189,,,,,266,559,303
6C4I-N,identity_50_lt70,61.4,4,6HA1-M,157.0,0.963,96.3,1.07e-50,,,,,132,136,144
3DTQ-A,identity_lt30,21.0,1,5X7Y-A,51.2,0.8390000000000001,83.9,1.54e-08,,,,,157,186,177
2A1X-A,identity_lt30,28.0,1,6EC3-A,55.1,0.529,52.900000000000006,1.23e-08,,,,,164,308,471
4DGL-A,identity_ge95,100.0,1,1QF8-A,387.0,0.847,84.7,1.01e-139,,,,,182,215,182
5SZI-A,identity_ge95,100.0,1,4LHX-A,372.0,0.89,89.0,1.15e-133,,,,,186,209,186
5GV2-C,no_retained_hit,,0,,,,,,,,,,,,
6FYX-l,identity_30_lt40,37.0,3,2DCU-B,87.0,0.379,37.9,2.63e-21,,,,,108,285,148
5T3P-A,identity_ge95,99.5,1,5QHA-A,405.0,0.831,83.1,3.77e-146,,,,,196,236,196
1XDY-A,no_retained_hit,,0,,,,,,,,,,,,
2XTZ-A,identity_30_lt40,36.2,1,1SHZ-A,206.0,0.9690000000000001,96.9,4.51e-64,,,,,345,354,340
3KQY-A,no_retained_hit,,0,,,,,,,,,,,,
1UJ8-A,identity_ge95,100.0,1,2BZT-A,139.0,0.8440000000000001,84.4,9.69e-46,,,,,65,77,66
3N1C-A,identity_30_lt40,33.1,6,2ABQ-A,135.0,0.99,99.0,8.74e-38,,,,,308,309,306
3J6B-M,identity_ge95,100.0,1,5MRF-M,289.0,0.893,89.3,2.86e-102,,,,,151,169,151
1ZCB-A,identity_70_lt95,72.6,2,1SHZ-A,492.0,0.9279999999999999,92.8,2.58e-176,,,,,336,362,340
3CON-A,identity_ge95,100.0,5,5UHV-A,330.0,0.8740000000000001,87.4,1.1e-117,,,,,166,190,166
1MFI-A,identity_50_lt70,67.5,1,1UIZ-A,169.0,1.0,100.0,2.43e-56,,,,,114,114,115
1ZP2-A,identity_lt30,27.0,1,4NST-B,57.8,0.7829999999999999,78.3,3.8e-10,,,,,204,235,268
6GDG-A,identity_ge95,97.1,3,3PWH-A,578.0,0.645,64.5,1.77e-208,,,,,309,479,329
1BJ4-A,identity_70_lt95,92.8,2,1RVY-A,880.0,1.0,100.0,0.0,,,,,471,470,483
4V6W-AV,identity_70_lt95,89.2,1,4UJE-BV,148.0,1.0,100.0,8.88e-49,,,,,83,83,83
3LDA-A,identity_ge95,99.1,1,1SZP-A,630.0,0.8029999999999999,80.3,2.51e-230,,,,,321,400,321
2K21-A,no_retained_hit,,0,,,,,,,,,,,,
3F3S-A,identity_70_lt95,83.6,1,3ADO-A,522.0,0.9940000000000001,99.4,3.36e-189,,,,,311,313,319
5OJW-B,identity_50_lt70,50.0,1,2HLW-A,146.0,0.985,98.5,6.24e-46,,,,,136,137,170
5CKV-A,identity_40_lt50,49.5,1,5UXO-A,418.0,0.9129999999999999,91.3,1e-143,,,,,436,472,453
2KIN-A,identity_ge95,100.0,2,3X2T-A,478.0,1.0,100.0,5.93e-173,,,,,238,238,341
1O1P-A,identity_70_lt95,90.1,4,5EUI-A,258.0,0.498,49.8,2.36e-88,,,,,141,283,141
3SVL-A,identity_40_lt50,46.6,1,1X77-A,147.0,0.922,92.2,4.69e-45,,,,,178,193,193
3HOY-C,identity_ge95,100.0,1,3J0K-C,532.0,0.769,76.9,1.53e-193,,,,,267,347,268
4IHG-A,identity_40_lt50,46.3,1,3PMO-A,239.0,0.963,96.3,1.29e-76,,,,,335,348,372
4QS9-A,identity_30_lt40,37.3,3,3HM8-A,230.0,0.9159999999999999,91.6,1.51e-70,,,,,440,474,445
3OTB-A,identity_50_lt70,52.1,1,5XOX-A,232.0,0.7879999999999999,78.8,1.25e-76,,,,,215,269,243
1KSH-B,identity_ge95,98.0,1,5T4X-A,296.0,0.987,98.7,3.49e-105,,,,,150,152,170
6BX3-A,identity_50_lt70,53.2,1,6CHG-A,322.0,0.99,99.0,2.2e-110,,,,,312,314,312
4WLE-A,identity_70_lt95,94.3,1,1MLD-A,588.0,0.924,92.4,7.28e-215,,,,,314,340,314
5IY7-D,identity_40_lt50,45.1,1,1Y14-A,63.2,0.5,50.0,2.5e-13,,,,,71,142,187
4RKK-A,identity_ge95,100.0,1,4R30-A,382.0,0.5479999999999999,54.79999999999999,6.95e-136,,,,,182,332,184
3QHT-A,identity_ge95,100.0,8,6OTE-A,166.0,0.99,99.0,1.19e-50,,,,,97,98,572
5MDZ-q,identity_ge95,99.0,4,4V4V-AL,204.0,0.815,81.5,3.11e-70,,,,,101,124,101
1FBA-A,identity_70_lt95,72.9,2,6MWQ-A,474.0,0.909,90.9,1.02e-166,,,,,329,361,493
5EQH-A,identity_40_lt50,43.5,1,4YB9-D,374.0,0.941,94.1,1.45e-125,,,,,471,492,479
4LKT-A,identity_50_lt70,58.7,2,3NR3-A,152.0,0.9129999999999999,91.3,1.44e-48,,,,,126,138,153
6OAZ-A,identity_30_lt40,31.5,3,2PPL-A,192.0,0.924,92.4,5.89e-56,,,,,419,448,485
2WW9-B,no_retained_hit,,0,,,,,,,,,,,,
2FP2-A,identity_30_lt40,30.6,2,6CNZ-A,74.7,0.946,94.6,1.78e-17,,,,,157,166,180
1OI4-A,identity_40_lt50,47.9,1,3L18-A,134.0,0.8759999999999999,87.6,1.51e-40,,,,,169,193,168
4HNX-B,identity_lt30,27.3,1,5C88-A,72.0,0.7659999999999999,76.6,9.9e-16,,,,,194,248,173
3SGZ-A,identity_40_lt50,45.9,2,5ZBN-A,285.0,0.9570000000000001,95.7,2.64e-94,,,,,344,352,371
2C4N-A,identity_30_lt40,31.3,2,3PDW-A,143.0,0.98,98.0,5.01e-42,,,,,249,250,266
6BBO-A,identity_70_lt95,93.9,2,5Z98-A,365.0,1.0,100.0,1.34e-131,,,,,180,180,185
1PW6-A,identity_ge95,96.2,2,5M5E-D,248.0,1.0,100.0,1.3e-86,,,,,133,133,160
5UHS-A,identity_40_lt50,43.0,2,4X5N-A,65.9,0.925,92.5,7.82e-16,,,,,86,93,100
2FVL-A,identity_70_lt95,72.4,2,2HE8-A,486.0,0.997,99.7,1.23e-174,,,,,323,324,323
5LPG-A,identity_30_lt40,30.5,2,5WS7-A,43.5,0.768,76.8,4.94e-06,,,,,131,164,156
2YV7-A,identity_40_lt50,41.0,1,2YV9-A,166.0,0.904,90.4,1.5e-50,,,,,261,260,291
2EXU-A,identity_50_lt70,50.5,2,6J4Z-V,105.0,0.48,48.0,1.29e-29,,,,,103,200,108
4GD3-A,no_retained_hit,,0,,,,,,,,,,,,
4R8P-L,identity_70_lt95,91.3,2,1Z2U-A,297.0,0.56,56.00000000000001,1.16e-103,,,,,150,268,150
2IRT-A,identity_50_lt70,59.2,1,4GAI-A,160.0,0.895,89.5,2.25e-51,,,,,142,152,153
3Q25-A,identity_ge95,99.2,5,4OZQ-A,739.0,0.9440000000000001,94.4,1.35e-267,,,,,368,390,720
2KC8-A,no_retained_hit,,0,,,,,,,,,,,,
2E32-A,identity_40_lt50,49.8,1,3WSO-A,253.0,0.845,84.5,2.35e-84,,,,,253,297,255
3FXO-A,identity_ge95,99.7,2,6B67-A,614.0,0.759,75.9,8.27e-225,,,,,296,390,296
4V6I-Bt,identity_40_lt50,47.3,2,4V6X-Cs,59.3,0.981,98.1,6.15e-13,,,,,110,106,114
3PS5-A,identity_ge95,99.8,1,2B3O-A,1089.0,0.894,89.4,0.0,,,,,532,595,532
1J9O-A,identity_40_lt50,40.0,5,2Q8R-E,45.8,0.57,56.99999999999999,2.46e-08,,,,,55,93,66
1JKX-A,identity_50_lt70,54.6,3,3TQR-A,220.0,0.976,97.6,2.26e-73,,,,,207,212,215
4FC7-A,identity_30_lt40,30.5,2,1GEE-A,105.0,0.895,89.5,3.37e-27,,,,,249,277,261
1X6V-B,identity_ge95,100.0,2,2OFX-A,414.0,0.322,32.2,1.16e-143,,,,,203,630,207
5MDW-H,identity_ge95,100.0,2,6BY1-C5,202.0,0.6609999999999999,66.1,1.18e-68,,,,,109,165,109
2RCQ-A,identity_50_lt70,60.7,6,6AT8-A,170.0,0.9570000000000001,95.7,9.97e-56,,,,,135,141,137
2J28-9,identity_70_lt95,87.2,2,5GAF-i,681.0,1.0,100.0,1.13e-248,,,,,430,430,398
3K2I-A,no_retained_hit,,0,,,,,,,,,,,,
2RDU-A,identity_30_lt40,39.6,1,1QCW-A,249.0,0.9329999999999999,93.3,1.72e-79,,,,,374,387,410
2BDH-A,identity_40_lt50,40.2,1,1SGF-G,190.0,0.991,99.1,4.35e-61,,,,,234,223,237
4I6M-A,identity_lt30,25.0,1,4CBX-A,76.3,0.386,38.6,3.61e-15,,,,,188,477,378
2GSX-A,identity_30_lt40,30.6,1,5FOB-C,131.0,0.304,30.4,1.79e-34,,,,,294,951,245
4V73-BF,identity_50_lt70,60.9,3,1IQ4-A,238.0,1.0,100.0,1.41e-81,,,,,179,179,179
5VSU-B,identity_30_lt40,30.7,3,6ASO-D,42.7,0.6729999999999999,67.3,8.02e-07,,,,,75,98,93
6C0F-I,no_retained_hit,,0,,,,,,,,,,,,
2F9L-A,identity_ge95,95.5,3,4UJ4-A,330.0,0.889,88.9,1.52e-117,,,,,177,199,185
4ADS-G,identity_30_lt40,36.4,1,4WXY-B,100.0,0.986,98.6,2.07e-26,,,,,214,217,228
4B56-A,identity_40_lt50,49.1,3,5GZ5-A,809.0,0.995,99.5,2.65e-286,,,,,827,820,830
5MRE-ZZ,no_retained_hit,,0,,,,,,,,,,,,
2BPM-A,identity_50_lt70,62.8,2,3NIZ-A,372.0,0.935,93.5,4.68e-130,,,,,290,309,311
4MQM-A,no_retained_hit,,0,,,,,,,,,,,,
1QON-A,identity_30_lt40,39.8,5,4QWW-A,422.0,0.968,96.8,3.65e-142,,,,,578,585,542
2J4E-A,identity_30_lt40,36.3,1,2ZTI-A,95.1,0.9179999999999999,91.8,7.15e-25,,,,,182,196,186
1Q5R-H,identity_ge95,99.6,2,1Q5Q-H,419.0,0.762,76.2,3.49e-150,,,,,224,294,235
3J7Y-U,identity_70_lt95,79.2,1,4V19-X,244.0,1.0,100.0,6.99e-85,,,,,154,153,150
1XTC-D,identity_ge95,98.1,3,6HSV-A,204.0,1.0,100.0,5.57e-70,,,,,103,103,124
5ZE4-A,identity_lt30,28.9,1,2GP4-A,195.0,0.8590000000000001,85.9,6.55e-55,,,,,515,573,628
1OIP-A,identity_70_lt95,90.4,1,3W67-A,487.0,0.9390000000000001,93.9,6.18e-177,,,,,261,278,266
5FAI-A,identity_40_lt50,48.5,1,5OQL-e,202.0,0.9440000000000001,94.4,1.39e-65,,,,,241,232,252
1EQT-A,identity_ge95,98.3,2,5UIW-B,130.0,0.868,86.8,5.59e-42,,,,,59,68,75
5UNO-A,no_retained_hit,,0,,,,,,,,,,,,
4OAU-C,identity_50_lt70,67.7,1,4O1O-A,824.0,0.99,99.0,1.06e-295,,,,,703,699,717
6ENU-w,identity_50_lt70,59.6,1,3TRE-A,240.0,1.0,100.0,7.37e-82,,,,,188,188,191
1YPN-A,identity_70_lt95,75.6,1,5H6O-A,457.0,0.981,98.1,1.68e-163,,,,,307,313,317
1KZX-A,identity_70_lt95,71.8,1,1A57-A,187.0,1.0,100.0,3.4e-63,,,,,131,131,116
6C01-A,identity_70_lt95,82.0,1,6G4G-A,1418.0,0.983,98.3,0.0,,,,,824,838,840
2ZOC-A,identity_70_lt95,94.3,2,1I4A-A,588.0,0.997,99.7,3.64e-215,,,,,318,319,318
1VYH-C,no_retained_hit,,0,,,,,,,,,,,,
3CPH-A,identity_ge95,100.0,3,2OCY-C,336.0,0.7979999999999999,79.8,8.13e-120,,,,,170,213,170
5G04-B,identity_ge95,100.0,1,5JG6-A,166.0,0.81,81.0,3e-56,,,,,68,84,70
3DF0-A,identity_ge95,100.0,2,1MDW-A,687.0,0.45899999999999996,45.9,8.87e-248,,,,,328,714,328
2LXX-A,identity_30_lt40,37.4,2,2MP4-A,103.0,0.934,93.4,5.53e-29,,,,,155,152,165
4Y26-A,identity_30_lt40,32.0,1,1QMJ-A,77.4,0.7859999999999999,78.6,3.92e-19,,,,,125,154,132
6CNN-A,no_retained_hit,,0,,,,,,,,,,,,
6GIQ-G,identity_40_lt50,42.2,1,1BCC-F,68.6,0.7090000000000001,70.9,2.7e-16,,,,,90,127,109
4PX2-A,identity_50_lt70,58.9,1,3W0L-B,739.0,0.9690000000000001,96.9,5.65e-265,,,,,618,638,619
1UWC-A,identity_30_lt40,30.6,3,1DT3-A,119.0,0.9690000000000001,96.9,1.52e-32,,,,,281,261,269
6MBJ-A,identity_ge95,100.0,1,6ICT-A,999.0,0.84,84.0,0.0,,,,,503,599,504
1MAB-G,identity_70_lt95,89.3,1,2W6F-G,461.0,1.0,100.0,2.31e-166,,,,,270,270,298
2AMY-A,identity_50_lt70,55.5,1,5UE7-A,272.0,0.9670000000000001,96.7,8.83e-93,,,,,238,246,252
3KJL-A,no_retained_hit,,0,,,,,,,,,,,,
3L1U-A,identity_30_lt40,37.7,1,2O2X-A,95.5,0.754,75.4,1.61e-24,,,,,159,211,218
6H4N-g,identity_ge95,100.0,4,5NO3-G,241.0,0.807,80.7,8.16e-84,,,,,130,161,130
6Q98-W,identity_50_lt70,68.5,1,4V4Z-BZ,98.2,0.8590000000000001,85.9,6.78e-29,,,,,73,85,85
2KOG-A,identity_ge95,100.0,3,3IPD-A,133.0,0.731,73.1,4.22e-42,,,,,87,119,91
1YMG-A,identity_ge95,98.6,1,3M9I-A,424.0,0.8370000000000001,83.7,6.28e-153,,,,,220,263,220
5HLY-A,identity_ge95,100.0,2,5HLZ-A,484.0,0.684,68.4,5.02e-174,,,,,262,383,270
5NT2-F,identity_ge95,98.7,4,3L4Q-A,302.0,0.6779999999999999,67.8,3.68e-106,,,,,158,233,164
6EM4-A,no_retained_hit,,0,,,,,,,,,,,,
5HI3-A,identity_ge95,100.0,1,5N7W-X,285.0,1.0,100.0,4.88e-101,,,,,132,132,155
4MZ9-A,identity_ge95,100.0,3,1KAW-A,245.0,0.685,68.5,5.65e-85,,,,,122,178,135
3PGE-A,identity_ge95,100.0,6,3L0X-B,185.0,0.47,47.0,1.93e-61,,,,,94,200,94
1M65-A,no_retained_hit,,0,,,,,,,,,,,,
6D67-A,identity_ge95,98.7,1,4OZQ-A,730.0,0.713,71.3,1.42e-261,,,,,371,520,720
3DW8-B,no_retained_hit,,0,,,,,,,,,,,,
5ECL-B,identity_50_lt70,69.2,4,5G5A-A,321.0,0.96,96.0,6.26e-113,,,,,214,223,221
1PL2-A,identity_70_lt95,83.3,2,5LCZ-A,371.0,1.0,100.0,9.9e-133,,,,,222,222,222
4PSX-B,identity_30_lt40,39.6,1,4XYI-A,212.0,0.9329999999999999,93.3,1.16e-64,,,,,394,401,430
6I44-A,identity_ge95,97.3,1,5TJX-A,544.0,0.419,41.9,7.61e-194,,,,,263,627,263
3P1L-A,identity_30_lt40,35.5,2,4HDJ-A,155.0,0.875,87.5,1e-43,,,,,344,393,367
2AWF-A,identity_70_lt95,73.1,2,1PZV-A,254.0,0.907,90.7,3.71e-88,,,,,156,172,164
1HNA-A,identity_70_lt95,82.9,1,2DC5-A,385.0,0.995,99.5,5.18e-138,,,,,216,217,231
5N6H-A,no_retained_hit,,0,,,,,,,,,,,,
1AII-A,identity_50_lt70,53.2,4,1I4A-A,334.0,0.972,97.2,7.47e-115,,,,,314,323,318
5UPP-A,identity_50_lt70,65.6,2,4HGV-A,600.0,0.996,99.6,9.7e-215,,,,,465,466,495
3LSS-A,identity_40_lt50,49.1,4,6GIR-A,423.0,0.9590000000000001,95.9,1.83e-145,,,,,470,484,456
3PSR-A,identity_lt30,29.1,1,4PCW-A,41.2,0.82,82.0,3.39e-06,,,,,86,100,94
1KNR-A,identity_70_lt95,89.4,1,5KXJ-A,995.0,1.0,100.0,0.0,,,,,540,540,557
6NU2-9,identity_70_lt95,76.4,1,6GB2-Be,185.0,1.0,100.0,3.73e-62,,,,,123,123,135
2GTE-A,identity_40_lt50,41.1,1,3Q8I-A,113.0,1.0,100.0,1.09e-33,,,,,124,124,124
1SMS-A,identity_40_lt50,49.4,2,2UW2-A,305.0,0.89,89.0,4.21e-103,,,,,308,345,332
2ILK-A,identity_70_lt95,92.3,1,1VLK-A,266.0,0.888,88.8,2.28e-93,,,,,142,160,145
6J6H-n,identity_40_lt50,40.5,1,3JB9-g,308.0,0.833,83.3,1.88e-99,,,,,398,455,558
2LHI-A,identity_ge95,98.4,4,2LHH-A,224.0,0.693,69.3,6.97e-77,,,,,122,176,128
1IYD-A,identity_40_lt50,48.0,1,2EJ2-A,291.0,0.9840000000000001,98.4,1.49e-98,,,,,304,309,308
3ZYS-B,identity_ge95,100.0,3,3LJB-A,523.0,0.409,40.9,1.04e-184,,,,,271,662,271
1A6F-A,identity_50_lt70,50.0,1,1D6T-A,108.0,0.941,94.1,3.45e-32,,,,,112,119,117
2DER-A,identity_50_lt70,59.8,1,2HMA-A,441.0,0.95,95.0,4.24e-155,,,,,363,380,376
5GMK-m,identity_40_lt50,45.0,1,3JB9-F,76.3,0.747,74.7,5.94e-19,,,,,109,146,117
3F3P-A,identity_30_lt40,34.7,1,5A9Q-7,211.0,0.963,96.3,5.86e-66,,,,,352,351,360
4PDX-A,identity_50_lt70,50.7,3,4NUR-A,644.0,0.9840000000000001,98.4,2.78e-227,,,,,633,640,633
5JWY-A,no_retained_hit,,0,,,,,,,,,,,,
4FTG-A,identity_40_lt50,44.9,3,5HYD-A,91.3,0.99,99.0,8.41e-26,,,,,98,96,99
5ITU-A,identity_ge95,99.3,1,5ITQ-A,598.0,0.725,72.5,1.72e-218,,,,,290,400,290
5NGZ-A,identity_40_lt50,41.8,2,1Z2U-A,122.0,0.741,74.1,9.57e-36,,,,,146,197,150
2J3K-A,identity_40_lt50,42.3,2,1V3V-A,224.0,0.971,97.1,1.86e-71,,,,,338,345,333
5PGM-D,identity_50_lt70,61.1,2,4EO9-A,280.0,0.9470000000000001,94.7,1.39e-95,,,,,234,246,268
6HHQ-p,identity_ge95,100.0,2,4V7H-BG,205.0,0.441,44.1,4.58e-68,,,,,113,256,113
5X6O-G,no_retained_hit,,0,,,,,,,,,,,,
6CE1-A,no_retained_hit,,0,,,,,,,,,,,,
6NDJ-A,identity_ge95,99.2,2,4OZQ-A,736.0,0.7759999999999999,77.6,8.51e-265,,,,,367,473,720
4DZY-A,no_retained_hit,,0,,,,,,,,,,,,
6FAE-B,identity_70_lt95,87.8,2,5UF8-A,296.0,0.77,77.0,1.18e-103,,,,,164,213,181
5N61-P,no_retained_hit,,0,,,,,,,,,,,,
5DQR-A,identity_lt30,24.7,1,4CI0-C,52.4,0.43700000000000006,43.7,1.07e-07,,,,,198,437,281
6AHD-N,identity_lt30,27.7,1,3JCM-G,131.0,0.41,41.0,2.35e-31,,,,,401,941,899
5NTU-A,identity_ge95,98.2,1,5F3B-C,243.0,0.325,32.5,4.04e-82,,,,,109,335,109
4Q65-A,identity_30_lt40,32.1,3,4APS-A,170.0,0.809,80.9,2.66e-47,,,,,424,493,491
1AIN-A,identity_70_lt95,89.8,1,1HM6-A,548.0,1.0,100.0,5.85e-199,,,,,314,314,346
2MZI-A,identity_ge95,99.4,1,2DDY-A,362.0,0.6920000000000001,69.2,3.4e-129,,,,,173,250,173
1L8L-A,identity_30_lt40,30.9,1,1L7P-A,85.1,0.8490000000000001,84.9,1.72e-20,,,,,194,225,211
3HTK-C,no_retained_hit,,0,,,,,,,,,,,,
1NI5-A,identity_lt30,28.4,1,3A2K-A,111.0,0.885,88.5,8.3e-27,,,,,412,433,464
3NYO-A,identity_50_lt70,66.7,1,4YHJ-A,777.0,0.9670000000000001,96.7,2e-281,,,,,559,576,584
3PKJ-A,identity_ge95,99.7,1,3K35-A,635.0,0.885,88.5,3.94e-233,,,,,314,355,318
2GF5-A,identity_ge95,100.0,2,3EZQ-B,198.0,0.518,51.800000000000004,2.27e-66,,,,,99,191,122
5B63-A,no_retained_hit,,0,,,,,,,,,,,,
5UY8-A,identity_30_lt40,30.6,1,4A1O-A,225.0,0.982,98.2,1.73e-66,,,,,611,601,523
3PBH-A,identity_ge95,98.8,2,3CBK-A,563.0,0.82,82.0,3.95e-206,,,,,260,317,266
1W7P-D,identity_40_lt50,47.4,1,2CAY-A,209.0,0.511,51.1,1.63e-65,,,,,289,566,145
2NUP-A,no_retained_hit,,0,,,,,,,,,,,,
2RNB-A,no_retained_hit,,0,,,,,,,,,,,,
3M2M-A,identity_70_lt95,90.3,2,1W6P-A,263.0,1.0,100.0,6.36e-93,,,,,134,134,134
1BU8-A,identity_50_lt70,68.3,3,1HPL-A,675.0,0.998,99.8,3.4e-245,,,,,451,452,449
4JKJ-A,identity_lt30,26.9,1,6CGA-A,67.4,0.711,71.1,2.59e-13,,,,,186,228,365
6D6R-H,identity_50_lt70,54.2,1,4OO1-H,210.0,0.642,64.2,4.36e-66,,,,,190,296,363
3O22-A,identity_lt30,25.5,1,5K1A-A,43.1,0.975,97.5,8.66e-06,,,,,161,162,331
3J8G-X,identity_50_lt70,51.8,4,5DN8-A,473.0,0.9470000000000001,94.7,6.95e-165,,,,,465,490,446
5OO6-B,identity_ge95,99.0,1,1H6K-X,201.0,0.627,62.7,1.81e-68,,,,,99,158,98
6CFO-B,identity_30_lt40,39.3,3,1UMC-B,218.0,0.956,95.6,3.15e-69,,,,,326,341,324
4FDL-A,identity_ge95,100.0,2,4ZVU-A,398.0,0.6459999999999999,64.6,2.36e-142,,,,,197,305,198
1GR0-A,identity_lt30,29.3,1,3CIN-A,117.0,0.907,90.7,6.27e-30,,,,,365,367,394
5YJF-A,no_retained_hit,,0,,,,,,,,,,,,
1X0X-A,identity_40_lt50,49.3,1,4FGW-A,324.0,0.935,93.5,2.16e-109,,,,,341,354,391
5VSU-F,identity_40_lt50,47.9,1,6QX9-66,61.6,0.83,83.0,1.84e-14,,,,,73,88,80
2YXV-A,identity_70_lt95,89.8,1,5B7E-A,870.0,0.987,98.7,0.0,,,,,488,446,526
4JVN-A,identity_70_lt95,78.2,2,1AQU-A,487.0,0.983,98.3,5.14e-176,,,,,289,294,297
3E73-A,no_retained_hit,,0,,,,,,,,,,,,
4V6X-CU,identity_ge95,96.0,2,6MTC-U,193.0,0.773,77.3,1.29e-65,,,,,99,128,99
1GZU-A,identity_50_lt70,50.8,1,1NUQ-A,244.0,0.862,86.2,5.03e-81,,,,,250,290,252
1JFI-B,identity_30_lt40,34.5,2,4WZS-B,79.3,0.626,62.6,2.17e-19,,,,,113,179,149
1N4R-B,identity_lt30,27.6,4,2ZIR-B,116.0,0.8490000000000001,84.9,3.52e-29,,,,,340,377,440
2WWB-B,no_retained_hit,,0,,,,,,,,,,,,
4MMI-A,identity_40_lt50,43.7,1,5JMD-A,570.0,0.988,98.8,1.41e-197,,,,,655,643,655
5DYS-A,identity_lt30,25.7,2,6ME9-A,70.9,0.484,48.4,1.22e-13,,,,,171,349,460
6IBL-A,identity_ge95,98.3,2,2VT4-A,544.0,0.726,72.6,2.2e-196,,,,,302,416,313
1NT4-A,identity_lt30,29.2,1,2WNI-A,152.0,0.99,99.0,2e-42,,,,,401,391,418
1C8U-A,identity_70_lt95,78.9,1,4QFW-A,469.0,0.996,99.6,3.74e-169,,,,,284,285,288
2X8B-A,identity_70_lt95,90.3,3,5HQ3-A,1017.0,0.938,93.8,0.0,,,,,547,583,548
2CZ2-A,identity_40_lt50,43.3,1,6JWK-A,156.0,0.9059999999999999,90.6,7.3e-48,,,,,210,223,222
3J9M-AY,identity_70_lt95,74.2,2,6NEQ-h,538.0,0.997,99.7,5.43e-193,,,,,396,395,386
1SB7-A,identity_lt30,29.0,1,1EAK-A,80.9,0.405,40.5,7.05e-17,,,,,155,368,421
5VOY-P,no_retained_hit,,0,,,,,,,,,,,,
5KCV-A,identity_ge95,100.0,1,3MV5-A,618.0,0.659,65.9,2.96e-224,,,,,303,460,342
5MG3-G,identity_ge95,100.0,1,3J46-G,117.0,0.478,47.8,6.99e-36,,,,,65,136,67
6E07-L,identity_50_lt70,50.3,3,6D24-C,468.0,0.909,90.9,1.9e-161,,,,,479,515,541
1MQ0-A,identity_70_lt95,81.8,2,2FR6-A,243.0,0.9790000000000001,97.9,1.47e-84,,,,,137,140,146
1A8Y-A,identity_70_lt95,94.9,1,5KN2-A,667.0,0.9670000000000001,96.7,7.13e-245,,,,,355,367,361
3H0G-C,identity_50_lt70,55.6,2,3J0K-C,298.0,0.855,85.5,9.63e-102,,,,,257,297,268
4RC3-A,identity_50_lt70,58.0,1,4X7Q-B,339.0,0.99,99.0,1.29e-117,,,,,288,289,312
3O07-A,identity_50_lt70,66.5,5,4JDY-A,322.0,0.873,87.3,2.62e-111,,,,,254,291,264
5IA9-A,no_retained_hit,,0,,,,,,,,,,,,
2F9J-A,identity_30_lt40,33.3,2,2MYF-A,45.8,0.5760000000000001,57.60000000000001,9.96e-08,,,,,75,125,89
2HGS-A,identity_30_lt40,35.3,1,1M0T-A,244.0,0.968,96.8,2.41e-75,,,,,484,474,491
5Y38-B,identity_ge95,98.9,1,5YK3-n,167.0,0.7979999999999999,79.8,1e-55,,,,,87,109,88
5IXC-A,no_retained_hit,,0,,,,,,,,,,,,
3J9V-F,identity_50_lt70,55.5,1,5Y5Y-D,505.0,0.8859999999999999,88.6,7.37e-177,,,,,458,517,478
6F41-W,no_retained_hit,,0,,,,,,,,,,,,
5GAH-J,identity_ge95,100.0,2,6BY1-CI,133.0,0.507,50.7,4.08e-42,,,,,72,142,72
1YOV-B,identity_40_lt50,41.9,1,3KYD-B,164.0,0.523,52.300000000000004,3.3e-45,,,,,236,444,551
2PTS-A,identity_ge95,95.0,2,4NSL-A,870.0,0.987,98.7,0.0,,,,,456,462,470
4Q1L-A,identity_70_lt95,82.0,3,3GBO-A,346.0,0.99,99.0,1.64e-123,,,,,200,202,200
1DGU-A,identity_lt30,25.7,2,1V1G-A,51.2,0.978,97.8,2.31e-08,,,,,179,183,222
4MTL-A,no_retained_hit,,0,,,,,,,,,,,,
1UEA-B,identity_ge95,98.4,1,1D2B-A,261.0,0.685,68.5,4.25e-91,,,,,126,184,126
5MRE-AA,no_retained_hit,,0,,,,,,,,,,,,
1RXT-A,identity_70_lt95,82.5,2,4C2X-A,689.0,0.794,79.4,1.03e-250,,,,,394,496,410
1NRG-A,identity_30_lt40,38.0,1,2A2J-A,142.0,0.774,77.4,1.63e-41,,,,,205,261,246
2LDX-A,identity_70_lt95,70.6,3,5NQB-A,487.0,0.997,99.7,5.52e-175,,,,,330,331,332
5UAU-A,identity_ge95,99.3,1,2GRA-A,526.0,0.86,86.0,3.09e-191,,,,,277,322,277
6GIQ-H,no_retained_hit,,0,,,,,,,,,,,,
5ID2-B,identity_30_lt40,36.5,3,3ZVJ-A,67.8,0.659,65.9,1.37e-14,,,,,115,164,219
2HRB-A,identity_70_lt95,70.3,1,1N5D-A,384.0,0.996,99.6,5.27e-136,,,,,273,274,288
2Q16-A,identity_50_lt70,53.6,1,3TQU-A,213.0,0.8859999999999999,88.6,1.51e-70,,,,,194,219,203
5FUR-A,identity_ge95,100.0,5,1TGH-A,353.0,0.534,53.400000000000006,3.39e-124,,,,,181,339,185
2XH7-A,identity_50_lt70,59.5,2,3QTP-A,477.0,0.971,97.1,2.29e-167,,,,,435,443,441
5WVI-K,identity_ge95,100.0,3,6EF1-K,527.0,0.645,64.5,6.28e-190,,,,,276,428,276
2WVR-A,identity_ge95,100.0,1,1UII-A,125.0,0.311,31.1,8.51e-38,,,,,65,209,83
5JUT-IA,identity_ge95,100.0,3,4V7H-BW,155.0,0.6990000000000001,69.9,4.81e-51,,,,,79,113,79
4OJ2-X,identity_ge95,100.0,1,4NEF-A,464.0,0.8759999999999999,87.6,3.06e-168,,,,,240,274,242
2H9P-A,no_retained_hit,,0,,,,,,,,,,,,
2RA4-A,identity_40_lt50,42.9,2,4MHE-A,55.8,0.737,73.7,1.75e-12,,,,,56,76,70
1AOS-A,identity_70_lt95,71.1,1,1TJU-A,649.0,0.9890000000000001,98.9,2.98e-234,,,,,461,464,474
6OIK-A,identity_50_lt70,62.2,3,1SHZ-A,417.0,0.941,94.1,1.18e-146,,,,,341,354,340
3JBR-E,no_retained_hit,,0,,,,,,,,,,,,
5WLY-A,identity_40_lt50,49.8,2,5K8K-A,208.0,0.867,86.7,2.12e-67,,,,,215,248,256
4E53-A,identity_70_lt95,93.2,6,3EK4-A,179.0,0.795,79.5,8.91e-55,,,,,147,185,451
5NJ3-A,identity_lt30,25.7,1,6QUZ-B,67.0,0.35200000000000004,35.2,1.18e-11,,,,,241,664,599
5MRF-C,identity_30_lt40,37.1,4,5ZEB-D,130.0,0.847,84.7,2.18e-37,,,,,213,249,217
4CFG-A,no_retained_hit,,0,,,,,,,,,,,,
1U6G-B,identity_ge95,100.0,1,1LDK-C,206.0,0.833,83.3,1.98e-71,,,,,90,108,90
2R4U-A,identity_30_lt40,33.7,3,4HLN-A,260.0,0.971,97.1,6.38e-80,,,,,504,485,633
4L5I-A,identity_lt30,27.5,1,2W48-A,107.0,0.937,93.7,6.05e-27,,,,,316,318,315
5EMU-A,identity_70_lt95,91.9,3,3Q2D-A,444.0,0.97,97.0,7.54e-160,,,,,259,265,272
5Y64-B,identity_50_lt70,61.0,2,5VVE-A,325.0,0.958,95.8,4.35e-113,,,,,251,262,258
1WPX-B,identity_30_lt40,31.7,3,6ENS-A,62.4,0.5,50.0,3.04e-12,,,,,123,220,193
6G7R-L,identity_50_lt70,66.5,2,4C3O-A,837.0,1.0,100.0,4.99e-305,,,,,585,582,585
6QX9-4A,no_retained_hit,,0,,,,,,,,,,,,
2K8P-A,no_retained_hit,,0,,,,,,,,,,,,
4AAR-A,identity_ge95,100.0,2,1KID-A,347.0,0.33899999999999997,33.9,1.42e-118,,,,,186,548,203
2BP1-A,identity_70_lt95,88.8,2,2C91-A,619.0,0.917,91.7,1.79e-226,,,,,338,360,338
1H0O-A,identity_ge95,95.4,2,2UW2-A,638.0,0.833,83.3,1.14e-233,,,,,325,390,332
6HD1-C,identity_lt30,28.9,1,1JAY-A,67.0,0.386,38.6,6.62e-13,,,,,194,459,212
1MIR-A,identity_70_lt95,82.9,2,1SP4-B,394.0,0.637,63.7,1.93e-140,,,,,205,322,205
4G7U-A,identity_ge95,100.0,3,4MEC-A,460.0,0.8690000000000001,86.9,7.63e-167,,,,,232,267,232
1BL0-A,identity_50_lt70,51.0,1,1D5Y-A,103.0,0.76,76.0,4.25e-28,,,,,98,129,292
6D6Q-F,identity_30_lt40,32.9,1,2JEA-B,89.0,0.893,89.3,3.65e-21,,,,,249,272,250
6O00-A,no_retained_hit,,0,,,,,,,,,,,,
1AVC-A,identity_50_lt70,55.1,5,1I4A-A,340.0,0.467,46.7,2.99e-112,,,,,314,673,318
3AJP-A,identity_ge95,96.1,3,5GN8-B,286.0,0.835,83.5,4.74e-101,,,,,152,182,146
3KQ4-A,identity_30_lt40,33.0,1,4KKJ-A,176.0,0.98,98.0,6.28e-51,,,,,412,393,467
6O9L-1,identity_70_lt95,70.1,1,6NMI-C,671.0,0.9840000000000001,98.4,2.3e-240,,,,,539,548,548
5MPD-V,identity_ge95,100.0,1,4O8Y-B,467.0,0.778,77.8,6.1e-169,,,,,238,306,240
4BLB-A,identity_ge95,99.2,2,4OZQ-A,741.0,0.493,49.3,4.64e-262,,,,,371,753,720
5U9M-B,identity_ge95,100.0,1,1QUP-A,454.0,0.895,89.5,6.8e-165,,,,,222,248,222
1LGN-A,identity_30_lt40,38.9,1,4PBO-A,138.0,0.971,97.1,2.95e-41,,,,,208,204,207
5A50-A,identity_30_lt40,38.8,10,2KI6-A,47.4,0.441,44.1,1.6e-07,,,,,85,177,128
6CNB-I,identity_50_lt70,52.9,3,3GTM-S,47.0,0.309,30.9,9.49e-08,,,,,34,110,173
1G3N-B,identity_40_lt50,47.1,1,1BLX-B,98.6,0.917,91.7,8.54e-27,,,,,155,168,166
6D0Y-A,identity_ge95,99.0,1,1H6K-X,201.0,0.563,56.3,3.63e-68,,,,,99,176,98
5X3V-A,identity_50_lt70,65.3,3,1RVY-A,616.0,0.9109999999999999,91.1,1.16e-220,,,,,455,496,483
5WWT-A,identity_30_lt40,36.6,4,2YXL-A,118.0,0.384,38.4,3.63e-29,,,,,186,477,450
5I7O-A,identity_30_lt40,37.3,3,5OHX-A,175.0,0.85,85.0,7.64e-51,,,,,292,326,504
2HH7-A,identity_30_lt40,34.7,2,4M1P-A,67.4,0.63,63.0,5.21e-16,,,,,75,119,104
2Q8F-A,no_retained_hit,,0,,,,,,,,,,,,
5MRE-8,no_retained_hit,,0,,,,,,,,,,,,
3WFN-B,identity_70_lt95,93.2,5,3EK4-A,179.0,0.8079999999999999,80.8,5.67e-55,,,,,147,182,451
5J91-CE,identity_40_lt50,43.5,3,3J9W-BF,149.0,0.945,94.5,1.15e-45,,,,,191,201,207
6IWR-A,no_retained_hit,,0,,,,,,,,,,,,
5W5Y-D,no_retained_hit,,0,,,,,,,,,,,,
5ES4-B,identity_ge95,99.8,2,5E6S-B,956.0,0.633,63.3,0.0,,,,,460,727,510
2NLN-A,identity_70_lt95,88.9,1,1TTX-A,191.0,1.0,100.0,6.47e-65,,,,,108,108,109
3NVL-A,identity_30_lt40,36.1,2,5VPU-A,268.0,0.925,92.5,4.01e-83,,,,,534,571,523
4V6W-AK,identity_50_lt70,50.5,2,6OKK-O,114.0,0.62,62.0,2.22e-33,,,,,101,163,137
1DBP-A,identity_70_lt95,75.4,1,4ZJP-A,387.0,0.9890000000000001,98.9,3.28e-137,,,,,268,271,292
2KHZ-A,identity_ge95,99.3,2,4KXN-A,281.0,0.855,85.5,2.82e-99,,,,,141,165,152
5P2P-A,identity_70_lt95,76.9,6,2BP2-A,204.0,0.975,97.5,6.48e-70,,,,,121,119,130
1HTN-A,identity_30_lt40,30.2,1,1HUP-A,72.8,0.764,76.4,6.31e-17,,,,,149,182,141
5ZYN-B,identity_30_lt40,33.6,2,1D4E-A,202.0,0.983,98.3,7.39e-59,,,,,470,471,572
6R3V-A,identity_ge95,100.0,1,1OW3-A,483.0,0.551,55.1,8.49e-173,,,,,242,439,242
2M0Q-A,no_retained_hit,,0,,,,,,,,,,,,
4FWU-A,identity_40_lt50,44.5,1,3PB8-X,228.0,0.9329999999999999,93.3,3.67e-73,,,,,299,312,330
18GS-A,identity_70_lt95,85.2,2,2GLR-A,374.0,0.995,99.5,3.3e-134,,,,,209,210,209
6O81-S,identity_ge95,99.5,1,6FEC-S,826.0,0.894,89.4,3.86e-305,,,,,422,472,422
1KCF-A,no_retained_hit,,0,,,,,,,,,,,,
5MRF-Q,no_retained_hit,,0,,,,,,,,,,,,
1G6Q-1,identity_40_lt50,48.2,1,4RYL-A,292.0,0.9179999999999999,91.8,4.12e-98,,,,,301,328,340
2FHG-A,no_retained_hit,,0,,,,,,,,,,,,
2DUB-A,identity_50_lt70,50.6,2,3H81-A,262.0,0.977,97.7,4.5e-88,,,,,255,261,278
4QJ3-A,identity_50_lt70,50.3,1,6G79-A,152.0,0.446,44.6,2.94e-44,,,,,169,379,225
5AZB-A,no_retained_hit,,0,,,,,,,,,,,,
5DO7-B,identity_lt30,28.4,1,5MKK-A,49.7,0.312,31.2,3.11e-06,,,,,225,685,611
3IYZ-A,identity_ge95,96.4,1,3GD8-A,434.0,0.6559999999999999,65.6,2.18e-155,,,,,223,340,223
3P53-A,no_retained_hit,,0,,,,,,,,,,,,
2AW5-A,identity_70_lt95,78.6,2,1GQ2-A,895.0,0.958,95.8,0.0,,,,,551,575,555
6AHR-F,no_retained_hit,,0,,,,,,,,,,,,
4N78-F,identity_ge95,96.4,1,3P8C-F,303.0,0.321,32.1,2.37e-102,,,,,165,514,159
4TU3-X,identity_ge95,100.0,1,3LWT-X,1028.0,0.809,80.9,0.0,,,,,504,623,505
2F11-A,identity_30_lt40,32.5,2,4Q6K-A,62.8,0.39299999999999996,39.3,7.58e-11,,,,,151,382,525
3DLX-A,identity_70_lt95,91.9,2,1OOZ-A,876.0,0.98,98.0,0.0,,,,,479,489,475
5SY1-A,no_retained_hit,,0,,,,,,,,,,,,
1UWY-A,identity_50_lt70,51.1,2,1QMU-A,372.0,0.845,84.5,2.44e-127,,,,,364,426,380
2EEE-A,no_retained_hit,,0,,,,,,,,,,,,
6EM1-m,identity_70_lt95,87.2,1,6CB1-s,969.0,0.705,70.5,0.0,,,,,569,807,569
6O9M-2,no_retained_hit,,0,,,,,,,,,,,,
1A9C-A,identity_70_lt95,89.5,1,4DU6-A,375.0,0.991,99.1,4.19e-134,,,,,219,221,223
4QGK-A,identity_40_lt50,46.7,3,5NNO-A,417.0,0.961,96.1,5.58e-142,,,,,463,461,546
1LQA-A,identity_30_lt40,30.2,1,1PZ1-A,111.0,0.9740000000000001,97.4,3.95e-28,,,,,348,346,333
6AQ1-A,identity_70_lt95,88.6,1,1BWY-A,239.0,0.971,97.1,1.84e-83,,,,,132,136,132
3J6B-G,no_retained_hit,,0,,,,,,,,,,,,
4GOK-G,identity_ge95,100.0,1,3RBQ-A,386.0,0.7709999999999999,77.1,1.26e-138,,,,,185,240,195
5WLC-ST,identity_lt30,29.7,1,5OQL-B,144.0,0.49,49.0,1.05e-35,,,,,407,792,907
1HGU-A,identity_70_lt95,82.0,1,1Z7C-A,316.0,0.99,99.0,8.4e-112,,,,,189,191,191
4DYG-A,identity_70_lt95,91.8,2,2BAA-A,476.0,0.996,99.6,1.26e-173,,,,,243,244,243
4DDG-A,identity_ge95,99.6,3,3VON-A,451.0,0.569,56.89999999999999,4.87e-161,,,,,227,399,228
5KPW-E,identity_40_lt50,48.9,2,3J3V-G,161.0,0.9890000000000001,98.9,3.14e-51,,,,,176,177,179
6ND1-B,identity_50_lt70,56.8,1,3JC2-1,516.0,0.96,96.0,1.03e-181,,,,,463,480,476
2AOV-A,no_retained_hit,,0,,,,,,,,,,,,
2EXX-A,identity_30_lt40,30.5,1,5F5N-A,90.5,0.725,72.5,3.56e-21,,,,,223,306,289
3IIK-A,identity_40_lt50,41.2,2,1Y63-A,125.0,0.889,88.9,6.37e-37,,,,,165,180,184
2ZFD-A,identity_ge95,100.0,1,1UHN-A,371.0,0.836,83.6,3.6e-133,,,,,189,226,189
4JA9-A,identity_ge95,98.5,2,4ZVZ-A,678.0,0.6779999999999999,67.8,1.11e-247,,,,,331,488,333
4KJS-A,no_retained_hit,,0,,,,,,,,,,,,
3JWE-A,identity_30_lt40,36.7,1,6EIC-C,169.0,0.809,80.9,4.3e-51,,,,,259,320,279
1C03-A,no_retained_hit,,0,,,,,,,,,,,,
3D8X-A,identity_70_lt95,70.5,3,5W4C-A,452.0,0.975,97.5,1.26e-160,,,,,319,326,371
1F1Z-A,no_retained_hit,,0,,,,,,,,,,,,
2ISQ-A,identity_70_lt95,71.7,4,4AEC-A,465.0,0.981,98.1,7.53e-165,,,,,314,320,430
4PUF-C,identity_70_lt95,74.5,3,1M7T-A,149.0,0.863,86.3,2.54e-48,,,,,106,117,107
1CD9-A,identity_70_lt95,80.6,1,1BGD-A,287.0,1.0,100.0,6.82e-101,,,,,175,175,175
3ES6-B,no_retained_hit,,0,,,,,,,,,,,,
6QZP-SH,identity_50_lt70,57.6,3,5OQL-p,203.0,0.9570000000000001,95.7,3.91e-67,,,,,184,186,203
2CZH-A,identity_50_lt70,53.1,1,4AS5-A,322.0,0.92,92.0,2.74e-111,,,,,275,299,277
2ORV-A,identity_ge95,100.0,1,1XBT-A,389.0,0.825,82.5,7.9e-140,,,,,193,234,193
5O9M-A,identity_50_lt70,50.3,1,1H6Q-A,155.0,0.95,95.0,4.67e-49,,,,,171,180,168
4IGG-A,identity_ge95,100.0,3,1H6G-A,480.0,0.308,30.8,7.49e-166,,,,,256,832,256
6IRS-B,identity_lt30,25.6,1,6F34-A,106.0,0.82,82.0,7.61e-25,,,,,454,527,461
2QFY-A,identity_50_lt70,64.0,1,3US8-A,516.0,0.948,94.8,1.81e-183,,,,,405,427,427
2ODJ-A,identity_30_lt40,31.4,1,4FRX-A,218.0,0.956,95.6,1.29e-66,,,,,449,428,437
3J6B-K,identity_30_lt40,37.1,4,6HA1-M,73.2,0.53,53.0,1.46e-16,,,,,124,232,144
1Z5V-A,identity_30_lt40,37.4,2,2BTQ-B,250.0,0.831,83.1,1.31e-78,,,,,396,474,426
6CB1-b,no_retained_hit,,0,,,,,,,,,,,,
5WLC-NA,no_retained_hit,,0,,,,,,,,,,,,
6GIQ-E,identity_ge95,100.0,3,1KYO-E,380.0,0.86,86.0,4.41e-137,,,,,185,215,185
3NBU-A,identity_70_lt95,76.8,4,3HJB-A,875.0,0.998,99.8,0.0,,,,,548,549,574
1DL2-A,identity_30_lt40,35.1,1,5KKB-A,264.0,0.963,96.3,5.59e-83,,,,,501,511,469
1JPH-A,identity_30_lt40,35.7,1,2EJA-A,201.0,0.884,88.4,1.4e-61,,,,,345,388,338
6G2J-Z,identity_70_lt95,85.4,2,5GPN-r,263.0,1.0,100.0,2.71e-92,,,,,144,144,144
1NCV-A,identity_40_lt50,40.0,3,4MHE-A,52.4,0.855,85.5,4.07e-11,,,,,65,76,70
6O85-G,identity_40_lt50,41.0,2,6I3M-A,209.0,0.997,99.7,1.59e-66,,,,,310,305,305
3BGP-A,identity_50_lt70,58.4,1,4X7Q-B,340.0,0.853,85.3,4.68e-117,,,,,286,333,312
5H8V-A,identity_30_lt40,35.4,1,4G39-A,326.0,0.955,95.5,9.5e-105,,,,,571,583,570
2IF4-A,identity_ge95,100.0,1,2F4E-A,352.0,0.5329999999999999,53.29999999999999,5.52e-124,,,,,180,338,180
5DFM-A,identity_ge95,100.0,1,4OZQ-A,744.0,0.693,69.3,4.16e-267,,,,,370,534,720
4QTT-A,identity_50_lt70,50.0,1,5CM2-M,141.0,0.993,99.3,1.62e-44,,,,,134,135,130
2F7S-A,identity_ge95,95.3,2,2IEY-A,367.0,0.8759999999999999,87.6,1.04e-131,,,,,190,217,195
4NZQ-A,identity_ge95,99.5,1,3NXP-A,868.0,0.74,74.0,0.0,,,,,412,557,424
3A7P-A,no_retained_hit,,0,,,,,,,,,,,,
6BCU-X,no_retained_hit,,0,,,,,,,,,,,,
5NRL-T,identity_ge95,98.2,2,4DGW-A,728.0,0.7340000000000001,73.4,1.71e-265,,,,,389,530,402
3COS-A,identity_70_lt95,71.8,3,1E3E-A,575.0,0.995,99.5,3.83e-208,,,,,379,381,376
6GYL-Q,identity_70_lt95,84.8,1,4V1O-Q,1153.0,1.0,100.0,0.0,,,,,735,735,734
3LVQ-E,identity_ge95,100.0,3,2B0O-E,579.0,0.5670000000000001,56.7,6.11e-209,,,,,282,497,301
5F86-A,no_retained_hit,,0,,,,,,,,,,,,
5WYK-BB,no_retained_hit,,0,,,,,,,,,,,,
1X90-A,identity_30_lt40,39.0,1,1XG2-B,97.8,0.9470000000000001,94.7,7.23e-27,,,,,146,152,153
3RM5-A,identity_30_lt40,34.3,1,1JXH-A,123.0,0.491,49.1,1.19e-31,,,,,271,550,288
2XYY-A,no_retained_hit,,0,,,,,,,,,,,,
1CD1-A,identity_lt30,26.1,1,1BII-A,53.1,0.498,49.8,4.56e-08,,,,,165,315,365
2QB6-A,identity_lt30,23.0,1,2EB0-A,47.4,0.909,90.9,4.45e-06,,,,,369,397,307
4V73-BP,identity_50_lt70,55.0,1,5ZET-Q,117.0,0.965,96.5,1.2e-35,,,,,111,115,113
4RQF-A,identity_30_lt40,37.1,1,2ZR2-A,295.0,0.902,90.2,6.68e-95,,,,,496,522,455
3T5V-B,no_retained_hit,,0,,,,,,,,,,,,
6N8N-V,identity_ge95,100.0,1,5H4P-w,494.0,0.479,47.9,5.13e-176,,,,,248,518,248
5NKS-A,identity_70_lt95,70.1,2,4CNT-A,845.0,0.998,99.8,1.83e-308,,,,,572,573,570
2JU0-A,identity_40_lt50,46.8,1,2LCP-A,174.0,1.0,100.0,1e-55,,,,,190,190,190
4CQL-A,identity_40_lt50,47.2,6,4RZI-B,133.0,0.605,60.5,3.66e-38,,,,,159,261,240
2QM9-A,identity_50_lt70,65.9,2,1BWY-A,175.0,0.8320000000000001,83.2,1.53e-57,,,,,129,155,132
4R3Z-B,identity_ge95,99.7,1,4Q2T-A,1168.0,0.873,87.3,0.0,,,,,589,675,607
1MVN-A,identity_lt30,28.5,2,1P3Y-1,73.2,0.718,71.8,2.59e-16,,,,,151,209,194
3N2Z-B,no_retained_hit,,0,,,,,,,,,,,,
6F07-A,no_retained_hit,,0,,,,,,,,,,,,
1NMO-A,no_retained_hit,,0,,,,,,,,,,,,
1KMI-Z,no_retained_hit,,0,,,,,,,,,,,,
1ONI-A,identity_70_lt95,85.3,1,1NQ3-A,233.0,0.986,98.6,6.29e-81,,,,,136,138,136
4FWE-A,identity_30_lt40,31.6,1,3ABT-A,259.0,0.6709999999999999,67.1,2.31e-76,,,,,656,796,662
1BP1-A,no_retained_hit,,0,,,,,,,,,,,,
2FSI-A,identity_ge95,99.1,4,5K9T-A,1104.0,0.675,67.5,0.0,,,,,576,853,578
3NXC-A,identity_50_lt70,67.5,1,4GFK-A,247.0,0.9009999999999999,90.1,2.82e-84,,,,,191,212,196
4Z3K-A,identity_70_lt95,74.7,1,1OAA-A,380.0,0.935,93.5,6.56e-135,,,,,257,275,259
4DT4-A,identity_50_lt70,64.7,1,5I7Q-A,180.0,0.787,78.7,7.17e-59,,,,,133,169,162
5T6R-V,identity_ge95,98.9,1,4OZQ-A,740.0,0.402,40.2,1.96e-259,,,,,369,917,720
4O6Z-A,identity_70_lt95,83.4,1,5XMU-A,764.0,0.919,91.9,2.66e-280,,,,,441,480,442
2J1L-A,identity_40_lt50,41.4,1,3REG-A,159.0,0.846,84.6,2.08e-49,,,,,181,214,194
5NIK-J,identity_ge95,100.0,1,5LJA-A,426.0,0.341,34.1,1.72e-147,,,,,223,654,231
2QZW-A,identity_70_lt95,74.0,1,3PVK-A,495.0,1.0,100.0,1.06e-177,,,,,342,341,342
3H0G-K,identity_40_lt50,42.2,1,6J4X-K,94.7,0.935,93.5,1.66e-26,,,,,116,123,118
4ORB-A,identity_30_lt40,39.9,2,5JJT-A,208.0,0.568,56.8,1.67e-61,,,,,308,519,479
3WGV-B,identity_70_lt95,93.1,2,4XE5-B,590.0,1.0,100.0,1.89e-216,,,,,303,303,303
1DPT-A,identity_30_lt40,33.0,2,1HFO-A,58.9,0.9570000000000001,95.7,1.2e-12,,,,,112,117,113
2L0Y-B,no_retained_hit,,0,,,,,,,,,,,,
3J6B-D,identity_ge95,100.0,1,5MRF-D,488.0,0.8809999999999999,88.1,3.59e-177,,,,,252,286,252
5GW5-q,identity_40_lt50,45.2,4,4B2T-Q,471.0,0.998,99.8,1.88e-161,,,,,568,568,548
1A0P-A,identity_ge95,100.0,1,5DCF-A,360.0,0.628,62.8,2.36e-126,,,,,182,290,275
4ZWB-A,identity_40_lt50,43.1,1,4YB9-D,366.0,0.8859999999999999,88.6,2.46e-122,,,,,462,518,479
4AKE-A,identity_50_lt70,55.5,2,5G3Y-A,226.0,1.0,100.0,1.3e-75,,,,,218,214,226
2Y4T-A,no_retained_hit,,0,,,,,,,,,,,,
3ZMS-C,no_retained_hit,,0,,,,,,,,,,,,
5ZC0-A,no_retained_hit,,0,,,,,,,,,,,,
1JEY-A,identity_ge95,100.0,1,6ERG-A,1056.0,0.893,89.3,0.0,,,,,544,609,544
5XV4-B,no_retained_hit,,0,,,,,,,,,,,,
4RQR-A,identity_70_lt95,80.8,1,1KTE-A,179.0,0.9540000000000001,95.4,2.23e-60,,,,,104,109,105
1IMD-A,identity_70_lt95,88.4,2,2BJI-A,501.0,1.0,100.0,2.04e-182,,,,,277,277,277
1K0K-A,identity_40_lt50,41.5,1,2ACG-A,107.0,0.976,97.6,1.54e-31,,,,,123,125,125
5L8O-A,identity_70_lt95,74.0,2,1EIO-A,200.0,0.992,99.2,4.02e-68,,,,,127,128,127
4GYH-A,identity_70_lt95,89.1,5,4EIN-A,579.0,0.978,97.8,5.25e-212,,,,,311,318,307
3IJ2-A,identity_ge95,100.0,1,1SGF-B,246.0,0.509,50.9,1.16e-84,,,,,117,230,118
3CP2-A,identity_ge95,96.9,1,3G05-A,1071.0,0.878,87.8,0.0,,,,,578,649,576
6C5X-B,no_retained_hit,,0,,,,,,,,,,,,
2JP3-A,identity_40_lt50,46.7,1,2MKV-A,41.2,0.672,67.2,6.37e-07,,,,,45,67,64
3II0-A,identity_70_lt95,91.5,2,5TON-A,759.0,0.945,94.5,1.8e-279,,,,,399,422,414
1AHP-A,identity_40_lt50,44.8,4,5IKP-A,660.0,0.9570000000000001,95.7,5.39e-228,,,,,786,797,846
6FAK-A,identity_30_lt40,36.2,3,5UJB-A,401.0,0.9520000000000001,95.2,3.75e-133,,,,,561,586,609
5KQ4-D,identity_30_lt40,30.7,2,4B6H-A,68.6,0.9690000000000001,96.9,5.38e-16,,,,,127,130,134
6AHU-D,identity_30_lt40,34.6,1,2KI7-A,44.3,0.364,36.4,3.51e-06,,,,,81,220,127
3O8Y-A,identity_30_lt40,39.0,1,2P0M-A,472.0,0.9670000000000001,96.7,1.04e-158,,,,,672,691,662
1ZCN-A,identity_ge95,98.3,1,4TNS-A,230.0,0.752,75.2,4.31e-79,,,,,121,161,151
1HXP-A,identity_lt30,26.1,1,2Q4H-A,96.3,0.8220000000000001,82.2,1.39e-22,,,,,306,348,351
4KFZ-A,no_retained_hit,,0,,,,,,,,,,,,
1WKO-A,identity_70_lt95,70.7,1,1QOU-A,260.0,0.9329999999999999,93.3,4.7e-90,,,,,174,180,181
1GZ2-A,identity_lt30,29.2,1,5F2Q-A,70.9,0.951,95.1,1.01e-16,,,,,137,142,135
2P2N-A,identity_70_lt95,83.0,1,3NTX-A,548.0,0.9359999999999999,93.6,1.96e-198,,,,,335,358,341
6CB1-p,identity_50_lt70,64.4,2,3LY5-A,278.0,0.4,40.0,2.57e-91,,,,,202,505,262
4V6W-AD,identity_70_lt95,86.1,4,1WH9-A,133.0,0.321,32.1,3.31e-40,,,,,79,246,92
5F0L-C,identity_ge95,100.0,2,2YPS-A,274.0,0.79,79.0,1.31e-96,,,,,132,167,134
5BV7-A,no_retained_hit,,0,,,,,,,,,,,,
6DZ7-B,identity_40_lt50,48.1,1,6QM4-A,633.0,0.981,98.1,8.59e-220,,,,,727,735,735
6DTL-A,identity_50_lt70,54.1,10,5Z33-A,343.0,0.882,88.2,2.56e-116,,,,,329,364,425
4AJ5-K,no_retained_hit,,0,,,,,,,,,,,,
5FGG-F,identity_ge95,100.0,1,6FVW-g,493.0,0.851,85.1,2.21e-179,,,,,245,288,245
5TOS-A,identity_50_lt70,63.3,1,6J5U-C,419.0,0.8079999999999999,80.8,1.28e-145,,,,,319,395,426
1FPZ-A,identity_30_lt40,32.7,1,5Z59-A,58.9,0.519,51.9,2.23e-11,,,,,110,212,147
2OWL-A,identity_40_lt50,49.0,1,2OWY-A,269.0,0.987,98.7,9.5e-90,,,,,300,303,306
5YZG-3,no_retained_hit,,0,,,,,,,,,,,,
1HSO-A,identity_70_lt95,87.2,3,1EE2-A,655.0,1.0,100.0,7.8e-240,,,,,374,374,373
3FZ0-A,identity_30_lt40,35.1,3,3MKN-A,94.4,0.539,53.900000000000006,5.04e-22,,,,,194,360,316
5TBY-E,identity_50_lt70,67.7,2,1I84-U,238.0,0.988,98.8,5.49e-82,,,,,164,166,166
2BID-A,identity_ge95,100.0,1,2M5I-A,257.0,0.685,68.5,3.19e-89,,,,,135,197,135
1PQV-S,identity_ge95,100.0,2,1ENW-A,224.0,0.35600000000000004,35.6,1.07e-74,,,,,110,309,114
6AHU-K,no_retained_hit,,0,,,,,,,,,,,,
1XMD-A,identity_30_lt40,33.9,1,1T7N-A,295.0,0.9670000000000001,96.7,6.91e-92,,,,,611,612,618
2XWE-A,identity_30_lt40,30.5,1,2WNW-A,207.0,0.855,85.5,1.1e-61,,,,,439,505,447
5I32-A,identity_40_lt50,41.3,1,3GD8-A,140.0,0.7929999999999999,79.3,5.18e-41,,,,,223,275,223
5T9S-F,identity_70_lt95,81.9,2,5I7Q-A,150.0,0.769,76.9,3.38e-48,,,,,83,108,162
4CIB-A,identity_ge95,100.0,2,4AZ3-A,627.0,0.659,65.9,7.98e-229,,,,,300,455,300
2BI4-A,identity_40_lt50,42.9,1,3OX4-A,300.0,0.941,94.1,9.94e-100,,,,,371,392,383
5ZR1-B,identity_lt30,25.1,1,5UJM-B,130.0,0.603,60.3,1.81e-33,,,,,379,620,347
4LC9-A,identity_50_lt70,57.4,1,3W0L-B,727.0,0.972,97.2,5.34e-260,,,,,618,636,619
2B3Y-A,identity_70_lt95,93.9,1,3SN2-A,1690.0,1.0,100.0,0.0,,,,,888,888,908
5Y58-A,no_retained_hit,,0,,,,,,,,,,,,
5MLK-A,identity_40_lt50,47.6,7,2C00-A,387.0,0.715,71.5,2.49e-129,,,,,441,614,464
6A4I-A,identity_50_lt70,59.4,1,4HKA-A,392.0,0.895,89.5,4.13e-136,,,,,352,391,366
2Z0E-A,identity_50_lt70,57.9,1,2P82-A,423.0,0.938,93.8,5.85e-149,,,,,337,357,355
2WKQ-A,identity_70_lt95,94.8,3,5HZJ-A,283.0,0.461,46.1,1.72e-92,,,,,154,332,502
1A6J-A,identity_30_lt40,39.1,1,3URR-A,93.2,0.785,78.5,6.5e-25,,,,,128,163,153
5ZWN-Q,identity_30_lt40,39.0,1,4PKD-B,95.5,0.46299999999999997,46.3,4.05e-23,,,,,141,300,279
1B0W-A,identity_70_lt95,84.3,6,5XP1-A,182.0,1.0,100.0,1.47e-61,,,,,108,108,109
2FEM-A,identity_70_lt95,84.1,1,4E22-A,372.0,0.996,99.6,1.22e-132,,,,,226,227,252
4Y8P-I,identity_40_lt50,47.4,1,5FMG-J,201.0,0.966,96.6,7.31e-66,,,,,211,205,218
4F3T-A,identity_lt30,24.1,1,5GUH-A,173.0,0.9209999999999999,92.1,8.6e-45,,,,,813,861,899
5Z9R-A,identity_70_lt95,82.2,1,1NUQ-A,413.0,0.858,85.8,7.43e-148,,,,,242,281,252
4V6W-AB,identity_50_lt70,65.3,3,4KZX-B,335.0,1.0,100.0,5.29e-117,,,,,268,268,264
4Q86-A,no_retained_hit,,0,,,,,,,,,,,,
2NVU-B,identity_ge95,99.7,1,4OZQ-A,746.0,0.462,46.2,2.23e-263,,,,,372,805,720
6IJN-A,identity_lt30,25.1,1,3PBM-A,72.0,0.894,89.4,3.52e-14,,,,,343,376,326
3J6X-S2,identity_ge95,100.0,5,4V92-BC,426.0,0.85,85.0,9.34e-154,,,,,216,254,216
3KVH-A,no_retained_hit,,0,,,,,,,,,,,,
1AO5-A,identity_70_lt95,71.6,2,1SGF-G,363.0,0.996,99.6,4.83e-129,,,,,236,237,237
5LZT-jj,identity_ge95,100.0,3,4D61-i,874.0,0.669,66.9,0.0,,,,,426,637,426
1I8D-A,identity_30_lt40,38.2,1,1KZL-A,133.0,0.8690000000000001,86.9,2.57e-39,,,,,186,213,208
5FLX-Q,identity_70_lt95,71.3,3,5XXU-Q,211.0,0.9790000000000001,97.9,1.26e-71,,,,,143,146,148
3DOE-B,no_retained_hit,,0,,,,,,,,,,,,
5XQL-A,identity_lt30,29.4,2,3QAO-A,63.5,0.5529999999999999,55.3,6.37e-12,,,,,163,291,249
5CFV-A,identity_ge95,98.7,4,4OZQ-A,736.0,0.7490000000000001,74.9,2.85e-264,,,,,371,495,720
2IF1-A,identity_ge95,100.0,1,4KZY-l,234.0,0.897,89.7,1.27e-81,,,,,113,126,113
6AH0-t,identity_50_lt70,50.0,1,3PGG-A,90.1,0.835,83.5,3.62e-25,,,,,88,91,121
6IP5-2M,identity_ge95,99.4,1,3J92-S,362.0,1.0,100.0,1.06e-129,,,,,176,176,224
4A9A-A,identity_30_lt40,39.1,1,1LNZ-A,74.7,0.324,32.4,4.95e-15,,,,,128,376,342
4V88-Ah,no_retained_hit,,0,,,,,,,,,,,,
1CI0-A,identity_30_lt40,38.0,2,2A2J-A,125.0,0.785,78.5,2.12e-35,,,,,179,228,246
5FO3-A,no_retained_hit,,0,,,,,,,,,,,,
4ZGX-A,identity_lt30,29.9,2,2VE3-A,77.8,0.395,39.5,1.71e-15,,,,,197,489,444
1JNK-A,identity_ge95,95.3,3,3FI2-A,695.0,0.861,86.1,3.69e-255,,,,,364,423,353
4V6W-AY,identity_70_lt95,77.2,2,6D9J-ZZ,185.0,0.9690000000000001,96.9,4.98e-62,,,,,127,131,134
5N9J-C,no_retained_hit,,0,,,,,,,,,,,,
3HAJ-A,identity_ge95,100.0,2,3ACO-A,613.0,0.706,70.6,7.19e-222,,,,,343,486,350
1QPV-A,identity_40_lt50,43.4,2,1CNU-A,136.0,0.9440000000000001,94.4,1.8e-42,,,,,136,143,137
6CWS-A,no_retained_hit,,0,,,,,,,,,,,,
3HOX-E,identity_70_lt95,73.7,2,6J4W-E,328.0,0.991,99.1,9.23e-116,,,,,213,215,214
5X2L-A,identity_40_lt50,45.7,2,5CVC-A,286.0,0.905,90.5,1.85e-95,,,,,317,348,346
2IAG-A,identity_40_lt50,47.8,1,3B98-A,437.0,1.0,100.0,8.22e-151,,,,,485,482,475
3QWV-A,identity_30_lt40,31.8,1,3OXG-A,211.0,0.965,96.5,1.79e-63,,,,,422,433,464
1V3A-A,identity_70_lt95,80.2,1,3RZ2-A,278.0,0.965,96.5,4.61e-97,,,,,167,173,189
5SY4-A,identity_lt30,29.5,1,4GE0-A,80.5,0.955,95.5,3.61e-19,,,,,200,199,194
6O7W-d,identity_50_lt70,69.8,1,5TJ5-P,431.0,0.98,98.0,6.23e-153,,,,,338,345,297
2JAY-A,identity_ge95,100.0,1,5LZP-A,447.0,0.8009999999999999,80.1,3.04e-161,,,,,233,291,242
5IU0-J,identity_50_lt70,66.7,1,5WSK-E,234.0,0.878,87.8,8.96e-80,,,,,159,181,175
4M77-E,identity_30_lt40,36.5,2,6QDV-e,42.0,0.677,67.7,1.08e-06,,,,,63,93,81
2RIU-A,identity_50_lt70,53.0,2,4I14-A,197.0,0.966,96.6,1.04e-61,,,,,198,204,425
4V6W-CX,identity_50_lt70,62.1,1,5T2C-R,184.0,0.581,58.099999999999994,7.88e-59,,,,,161,277,156
5N9J-X,no_retained_hit,,0,,,,,,,,,,,,
5AKB-A,identity_40_lt50,41.4,2,1NNE-A,498.0,0.981,98.1,4.82e-166,,,,,797,800,765
2I0Q-A,identity_ge95,100.0,1,1K8G-A,615.0,0.6459999999999999,64.6,4.05e-223,,,,,320,495,320
4QVH-A,identity_ge95,100.0,3,4QJK-A,460.0,0.38,38.0,1.6e-161,,,,,227,598,235
1R6Z-P,identity_ge95,99.2,1,4OZQ-A,745.0,0.731,73.1,1.12e-267,,,,,372,509,720
3T6J-A,identity_40_lt50,41.3,2,5YFB-A,499.0,0.963,96.3,3.63e-168,,,,,707,726,703
3JB9-h,identity_30_lt40,37.8,1,5Z58-P,82.8,0.996,99.6,4.1e-19,,,,,275,265,229
1ND5-A,identity_lt30,29.3,1,5CDH-A,127.0,0.915,91.5,7.29e-34,,,,,334,354,336
3O7P-A,no_retained_hit,,0,,,,,,,,,,,,
3CX5-B,identity_lt30,24.5,2,3L73-B,84.0,0.966,96.6,5.36e-18,,,,,396,352,441
1EH7-A,identity_ge95,100.0,2,1QNT-A,361.0,0.85,85.0,9.75e-130,,,,,176,207,176
5AZA-A,identity_ge95,97.3,1,4OZQ-A,737.0,0.43,43.0,6.88e-259,,,,,375,872,720
3J6B-P,identity_ge95,100.0,1,5MRF-P,424.0,0.787,78.7,3.93e-153,,,,,207,263,207
1XRB-A,identity_50_lt70,69.9,3,3IML-A,498.0,0.995,99.5,2.48e-177,,,,,385,383,399
1HEY-A,identity_50_lt70,59.7,1,4HNS-A,154.0,0.9690000000000001,96.9,9.84e-50,,,,,124,128,124
3QOU-A,identity_70_lt95,94.7,1,3QDN-A,517.0,0.99,99.0,3.53e-188,,,,,284,287,287
3DUZ-A,identity_30_lt40,31.1,1,5ZL2-A,234.0,0.945,94.5,6.43e-72,,,,,486,487,467
5DBI-A,identity_50_lt70,59.3,1,2V6G-A,463.0,0.96,96.0,2.43e-164,,,,,364,374,364
2W0A-A,identity_30_lt40,31.3,1,6AYB-A,234.0,0.971,97.1,3.66e-72,,,,,454,455,466
5GPL-A,identity_40_lt50,45.8,1,5ZB5-A,174.0,0.7659999999999999,76.6,1.06e-53,,,,,212,274,250
5CPT-A,identity_70_lt95,74.1,1,1X1N-A,831.0,0.917,91.7,7.01e-304,,,,,521,564,524
3K5T-A,identity_40_lt50,42.3,1,2PNC-A,540.0,0.9470000000000001,94.7,1.44e-183,,,,,700,731,746
6I0M-A,identity_50_lt70,62.7,2,4Z87-A,627.0,1.0,100.0,4.54e-224,,,,,528,517,525
2NTY-C,identity_70_lt95,92.8,2,3BWD-D,344.0,1.0,100.0,2.06e-123,,,,,180,180,182
5M25-A,identity_70_lt95,78.2,1,6FMP-A,192.0,0.369,36.9,4.29e-57,,,,,165,434,414
3BHO-A,no_retained_hit,,0,,,,,,,,,,,,
3QB0-A,identity_lt30,25.4,1,5MVV-A,137.0,0.9440000000000001,94.4,2.31e-36,,,,,476,498,378
4V6W-CI,identity_50_lt70,66.2,3,4V7E-CI,276.0,0.95,95.0,2.54e-95,,,,,207,218,224
2CCZ-A,identity_70_lt95,87.5,1,4APV-A,201.0,0.9109999999999999,91.1,1.42e-68,,,,,112,123,112
6H58-x,identity_50_lt70,52.6,2,4HEI-A,115.0,1.0,100.0,2.67e-35,,,,,95,95,95
6GIQ-d,identity_ge95,100.0,1,6HU9-d,276.0,0.8390000000000001,83.9,1.73e-97,,,,,130,155,130
2OGH-A,identity_ge95,100.0,2,4UER-F,171.0,0.769,76.9,1.22e-57,,,,,83,108,83
4X09-A,identity_30_lt40,30.3,2,3ZBV-A,42.4,0.578,57.8,4.01e-06,,,,,76,128,121
4WXA-A,no_retained_hit,,0,,,,,,,,,,,,
4DUR-A,identity_ge95,100.0,1,5UGG-A,531.0,0.315,31.5,1.11e-186,,,,,249,791,251
6N3Q-D,no_retained_hit,,0,,,,,,,,,,,,
4QK3-A,identity_70_lt95,76.6,2,4CNR-A,420.0,0.9840000000000001,98.4,7.73e-151,,,,,256,249,262
6QX9-62,identity_lt30,29.9,1,4EMH-A,46.2,0.9159999999999999,91.6,4.25e-08,,,,,87,95,105
1QMT-A,identity_lt30,28.9,5,2APQ-A,51.6,0.672,67.2,2.08e-09,,,,,90,134,139
6J6Q-H,identity_30_lt40,33.8,2,5YZG-y,64.7,0.63,63.0,1.92e-12,,,,,157,235,307
2BYK-A,no_retained_hit,,0,,,,,,,,,,,,
5YTU-A,identity_ge95,100.0,3,2MP3-A,261.0,0.6940000000000001,69.4,4.44e-91,,,,,125,180,132
3KBF-A,identity_50_lt70,60.9,6,5IN2-A,196.0,0.987,98.7,1.16e-65,,,,,156,157,158
5XTH-Q,identity_ge95,100.0,2,5XTB-Q,791.0,0.895,89.5,1.31e-292,,,,,385,430,385
3AQU-A,identity_50_lt70,61.2,2,3ALF-A,414.0,0.9520000000000001,95.2,2.32e-145,,,,,343,356,353
1QF6-A,identity_ge95,100.0,2,4HWO-A,828.0,0.625,62.5,4.62e-303,,,,,401,642,411
3DBL-I,identity_50_lt70,57.9,1,3J7R-Sf,90.9,0.8640000000000001,86.4,4.03e-25,,,,,76,88,156
5DCN-A,identity_50_lt70,55.1,1,2NCN-A,129.0,0.937,93.7,7.88e-40,,,,,118,126,128
3NZW-K,identity_ge95,99.5,1,5CZ8-K,458.0,0.77,77.0,4.61e-166,,,,,221,287,221
2A79-B,identity_70_lt95,93.4,1,4JTA-B,870.0,1.0,100.0,0.0,,,,,499,499,514
6CNC-Q,no_retained_hit,,0,,,,,,,,,,,,
1B4P-A,identity_70_lt95,78.0,1,2DC5-A,363.0,0.986,98.6,1.24e-129,,,,,214,217,231
5FJA-G,identity_40_lt50,43.8,1,3AYH-B,198.0,1.0,100.0,9.57e-65,,,,,217,212,203
3U3O-A,identity_70_lt95,92.9,3,1CJM-A,566.0,0.937,93.7,3.19e-207,,,,,295,315,295
6MSD-Z,identity_ge95,100.0,1,5VFQ-Z,537.0,0.843,84.3,1.78e-195,,,,,273,324,286
3PD6-B,identity_40_lt50,49.5,5,2CST-A,414.0,1.0,100.0,8.95e-144,,,,,408,401,411
2QC3-A,identity_lt30,28.9,1,3G87-A,63.5,0.805,80.5,1.69e-11,,,,,256,303,394
4CFO-A,identity_30_lt40,39.8,1,4HJV-A,127.0,0.48700000000000004,48.7,1.72e-35,,,,,166,341,203
1F45-B,no_retained_hit,,0,,,,,,,,,,,,
6FYY-m,identity_50_lt70,58.1,1,2G2K-A,184.0,0.37799999999999995,37.8,2.58e-57,,,,,155,405,170
3GTU-B,identity_50_lt70,68.4,1,2DC5-A,324.0,0.96,96.0,5.58e-114,,,,,215,224,231
4JN4-A,identity_50_lt70,57.2,1,4RTF-D,577.0,0.878,87.8,1.36e-202,,,,,540,608,546
1E0T-A,identity_50_lt70,50.8,8,2E28-A,439.0,0.998,99.8,7.09e-150,,,,,474,470,587
5FBL-B,identity_ge95,98.9,3,4UJ4-A,359.0,0.8370000000000001,83.7,1.93e-128,,,,,185,221,185
2PUG-A,identity_lt30,26.7,1,3TB6-A,109.0,0.812,81.2,9.64e-28,,,,,292,340,298
6CPL-A,identity_ge95,100.0,3,2WBJ-A,403.0,0.843,84.3,1.08e-145,,,,,193,229,194
3ZGL-A,identity_40_lt50,42.6,2,4N7B-A,227.0,0.8340000000000001,83.4,3.38e-70,,,,,277,332,541
2IF8-A,identity_30_lt40,30.2,2,6E7F-A,73.9,0.675,67.5,4.4e-15,,,,,248,363,278
1GA7-A,no_retained_hit,,0,,,,,,,,,,,,
1K0W-A,identity_lt30,29.1,2,4C25-A,80.1,0.935,93.5,1.51e-18,,,,,227,231,212
3DI2-A,no_retained_hit,,0,,,,,,,,,,,,
1R5T-A,identity_40_lt50,41.6,2,1UX0-A,99.0,0.88,88.0,1.15e-27,,,,,125,142,136
2K23-A,identity_lt30,24.8,1,1JZU-A,51.2,0.826,82.6,1.01e-08,,,,,149,178,157
1ZVU-A,identity_ge95,100.0,3,1ZVT-A,481.0,0.344,34.4,5.4e-168,,,,,246,716,256
6E0F-J,identity_70_lt95,89.1,2,4KB3-A,357.0,0.85,85.0,1.74e-127,,,,,192,226,192
5KB6-A,identity_50_lt70,50.7,3,3LOO-A,349.0,0.945,94.5,1.9e-119,,,,,345,363,365
2CH9-A,identity_30_lt40,32.4,1,1CEW-I,75.9,0.8240000000000001,82.4,4.17e-19,,,,,108,131,108
4BY1-D,identity_ge95,100.0,2,1Y14-A,261.0,0.846,84.6,1.4e-89,,,,,187,221,187
3T90-A,identity_30_lt40,37.2,1,4AG7-A,108.0,0.993,99.3,3.9e-31,,,,,148,149,165
4X25-A,identity_70_lt95,94.2,1,3UB5-P,271.0,0.993,99.3,1.26e-95,,,,,139,140,140
4S3P-A,identity_lt30,28.6,1,5B68-A,251.0,0.94,94.0,8.92e-74,,,,,697,696,714
3JC7-2,identity_30_lt40,35.2,2,4FDG-B,352.0,0.7240000000000001,72.4,4.16e-110,,,,,636,868,692
2AKI-Y,identity_40_lt50,45.1,2,3DL8-G,315.0,0.903,90.3,1.03e-104,,,,,364,400,429
1WA5-B,identity_ge95,100.0,3,1UN0-A,348.0,0.836,83.6,1.88e-115,,,,,443,530,443
3GGR-C,no_retained_hit,,0,,,,,,,,,,,,
4GQS-A,identity_70_lt95,75.9,2,1N6B-A,765.0,1.0,100.0,3.73e-280,,,,,477,477,473
1RX0-A,identity_40_lt50,40.8,3,5LNX-A,263.0,0.9540000000000001,95.4,3.44e-85,,,,,377,393,379
3MQ9-A,identity_ge95,98.4,3,4OZQ-A,737.0,0.7879999999999999,78.8,2.76e-265,,,,,371,471,720
3MHA-A,identity_30_lt40,31.1,1,4QA8-A,96.3,0.956,95.6,8.29e-25,,,,,206,203,229
5HMS-A,identity_70_lt95,88.8,1,2Z0I-A,600.0,1.0,100.0,8.27e-220,,,,,330,330,330
6D7G-A,identity_70_lt95,84.3,3,6AVF-H,493.0,0.642,64.2,4.7e-175,,,,,274,427,362
2PA3-A,identity_50_lt70,54.8,1,3K5P-A,440.0,0.995,99.5,7.29e-154,,,,,409,410,416
6G5H-N,identity_70_lt95,87.4,4,4V6W-AN,269.0,1.0,100.0,1.17e-94,,,,,151,151,151
3SOA-A,identity_ge95,98.3,3,2VZ6-A,591.0,0.662,66.2,2.47e-214,,,,,294,444,313
5N5Z-G,identity_70_lt95,85.3,1,2RF4-A,419.0,0.77,77.0,3.96e-150,,,,,251,326,214
3EQC-A,identity_ge95,98.9,3,5KKR-C,708.0,0.997,99.7,9.49e-261,,,,,359,360,395
4F0A-B,identity_lt30,25.6,1,4KRR-A,81.3,0.75,75.0,2.93e-18,,,,,242,316,221
1AYE-A,identity_50_lt70,63.5,1,2BOA-A,525.0,0.998,99.8,1.92e-187,,,,,403,401,404
1YAA-A,identity_40_lt50,46.4,4,5TON-A,351.0,0.985,98.5,6.6e-119,,,,,412,412,414
5LEZ-C,identity_50_lt70,59.8,1,4YA5-C,279.0,0.992,99.2,1.89e-95,,,,,249,248,254
1HRU-A,identity_30_lt40,35.3,1,6F8Y-A,95.5,0.7929999999999999,79.3,7.16e-24,,,,,150,188,345
4ORC-B,identity_50_lt70,59.8,1,5B8I-B,205.0,0.9940000000000001,99.4,9.26e-69,,,,,169,170,171
2VCY-A,identity_40_lt50,40.5,1,5LB9-A,211.0,0.802,80.2,1.85e-65,,,,,304,344,385
2PCB-B,identity_70_lt95,89.3,2,2AIU-A,194.0,0.99,99.0,1.44e-66,,,,,103,104,105
2ZLF-A,identity_50_lt70,68.4,1,2WGH-A,976.0,0.758,75.8,0.0,,,,,674,888,676
4B3N-A,identity_ge95,98.9,1,4OZQ-A,735.0,0.61,61.0,2.42e-262,,,,,367,602,720
4WQ4-C,identity_70_lt95,85.3,1,2GEM-A,403.0,0.975,97.5,5.61e-145,,,,,231,237,231
1ETO-A,no_retained_hit,,0,,,,,,,,,,,,
1PXT-A,identity_40_lt50,47.9,3,2WUA-A,320.0,0.977,97.7,1.14e-106,,,,,397,390,440
5JN8-A,identity_30_lt40,36.1,3,5LL9-A,130.0,0.88,88.0,1.15e-36,,,,,241,266,263
6EM5-n,no_retained_hit,,0,,,,,,,,,,,,
5YAK-A,identity_70_lt95,87.6,1,3GFD-A,444.0,0.977,97.7,3.19e-160,,,,,258,264,259
6GIQ-h,no_retained_hit,,0,,,,,,,,,,,,
2KG4-A,no_retained_hit,,0,,,,,,,,,,,,
4V6I-AY,identity_70_lt95,80.0,5,5OQL-z,105.0,0.97,97.0,2.58e-32,,,,,65,67,68
2BYM-B,identity_30_lt40,33.3,1,5AJ4-Aj,57.0,0.703,70.3,5.97e-12,,,,,90,128,218
2JO1-A,identity_50_lt70,50.9,1,2MKV-A,55.5,0.75,75.0,1.85e-12,,,,,55,72,64
6HRA-A,no_retained_hit,,0,,,,,,,,,,,,
6GYK-V,identity_30_lt40,37.8,1,6MZM-X,83.6,0.86,86.0,2.8e-22,,,,,111,129,97
3T88-A,identity_70_lt95,70.1,2,2IEX-A,377.0,0.948,94.8,2.94e-133,,,,,274,289,272
6G1K-A,identity_70_lt95,86.5,1,5Z96-A,1309.0,0.818,81.8,0.0,,,,,754,921,755
5FLX-A,identity_ge95,100.0,1,4UJC-CA,522.0,0.892,89.2,1.48e-190,,,,,263,295,263
5HZ8-A,identity_50_lt70,61.8,1,4A60-A,174.0,0.97,97.0,2.87e-57,,,,,131,135,154
5GHB-A,identity_ge95,100.0,2,4NPN-A,165.0,0.7659999999999999,76.6,5.79e-55,,,,,82,107,102
4UC1-A,no_retained_hit,,0,,,,,,,,,,,,
5YHT-A,identity_30_lt40,35.5,6,2Q74-A,91.7,0.91,91.0,7.45e-22,,,,,251,267,299
1DKL-A,identity_lt30,25.0,1,2WNI-A,117.0,0.985,98.5,2.5e-29,,,,,412,410,418
6OV8-A,identity_30_lt40,33.1,1,2HB6-A,141.0,0.735,73.5,1.87e-37,,,,,323,430,491
4MPW-A,identity_40_lt50,40.5,6,2F83-A,181.0,0.9670000000000001,96.7,1.96e-53,,,,,242,245,625
5N9J-W,identity_ge95,100.0,1,4H63-Q,912.0,0.8590000000000001,85.9,0.0,,,,,468,545,469
6ENY-F,identity_70_lt95,85.8,2,6AVF-H,594.0,0.991,99.1,1.63e-216,,,,,338,341,362
6NU3-9,identity_70_lt95,75.9,1,6GB2-Be,203.0,1.0,100.0,6.42e-69,,,,,137,137,135
1JHH-A,identity_ge95,100.0,2,1LEA-A,162.0,0.41600000000000004,41.6,2.83e-52,,,,,84,202,84
5IEF-A,identity_40_lt50,40.7,1,5DKX-A,696.0,0.996,99.6,1.1e-238,,,,,973,913,951
3CG6-A,no_retained_hit,,0,,,,,,,,,,,,
2PE4-A,identity_30_lt40,30.7,1,2ATM-A,169.0,0.767,76.7,3.62e-49,,,,,335,424,331
4MWT-A,identity_ge95,100.0,2,4AZ3-A,552.0,0.612,61.199999999999996,1.95e-199,,,,,262,428,300
4AZQ-A,identity_50_lt70,54.8,7,1YIV-A,140.0,0.9129999999999999,91.3,3.76e-44,,,,,126,138,131
1U2Q-A,identity_30_lt40,36.3,4,2P4U-A,93.2,0.883,88.3,9.52e-25,,,,,157,163,168
3EJE-A,identity_ge95,100.0,2,4IHH-G,151.0,0.825,82.5,8.71e-50,,,,,80,97,80
3O6T-A,identity_70_lt95,87.1,5,4WXT-A,194.0,0.975,97.5,4.86e-66,,,,,116,118,125
2ZPN-A,identity_70_lt95,73.1,2,6AAF-A,183.0,1.0,100.0,1.1e-61,,,,,119,119,119
4IVN-A,no_retained_hit,,0,,,,,,,,,,,,
3JC6-4,identity_30_lt40,37.8,3,4R7Y-A,377.0,0.6779999999999999,67.8,6.6e-120,,,,,649,933,613
1E2Q-A,identity_40_lt50,41.5,2,2W0S-A,157.0,0.963,96.3,1.65e-48,,,,,207,215,204
5A9Q-4,no_retained_hit,,0,,,,,,,,,,,,
4B2Z-A,no_retained_hit,,0,,,,,,,,,,,,
3OOL-A,no_retained_hit,,0,,,,,,,,,,,,
3X1V-D,identity_70_lt95,94.4,6,5GSU-D,222.0,1.0,100.0,1.04e-76,,,,,126,126,126
5EQJ-B,identity_lt30,27.3,4,1I9G-A,60.8,0.5539999999999999,55.39999999999999,1.36e-10,,,,,220,383,280
1JR2-A,no_retained_hit,,0,,,,,,,,,,,,
1GUL-A,identity_50_lt70,61.1,1,1VF1-A,269.0,0.995,99.5,3.85e-92,,,,,221,222,229
1Z83-A,identity_70_lt95,94.8,4,3ADK-A,363.0,0.985,98.5,3.01e-130,,,,,193,196,195
2MYJ-A,no_retained_hit,,0,,,,,,,,,,,,
2ZB2-A,identity_70_lt95,81.9,2,5IKP-A,1431.0,0.988,98.8,0.0,,,,,839,849,846
2VR2-A,identity_70_lt95,73.7,3,4LCQ-A,759.0,0.9259999999999999,92.6,7.01e-276,,,,,501,541,520
5HPT-C,identity_30_lt40,35.6,1,1TTE-A,94.0,0.894,89.4,1.35e-24,,,,,146,161,215
5MRF-CC,no_retained_hit,,0,,,,,,,,,,,,
5YZG-2,no_retained_hit,,0,,,,,,,,,,,,
3F3Q-A,identity_70_lt95,78.6,1,2HSY-A,162.0,0.9359999999999999,93.6,7.8e-54,,,,,103,109,104
5V5P-C,identity_ge95,100.0,4,1IAL-A,495.0,0.858,85.8,3.98e-173,,,,,453,528,453
3BZF-B,identity_ge95,100.0,4,5J1A-B,211.0,1.0,100.0,3.28e-73,,,,,97,97,119
4V6W-Cf,identity_40_lt50,48.4,1,5T5H-l,110.0,0.752,75.2,5.71e-32,,,,,122,157,136
1GLV-A,no_retained_hit,,0,,,,,,,,,,,,
5D1Y-A,identity_ge95,100.0,1,2WGH-A,1358.0,0.823,82.3,0.0,,,,,668,812,676
3S6C-A,no_retained_hit,,0,,,,,,,,,,,,
4QTB-A,identity_40_lt50,41.7,1,3OZ6-A,254.0,0.789,78.9,8.29e-82,,,,,336,380,388
5D8J-A,identity_50_lt70,65.9,2,1BWY-A,175.0,0.963,96.3,4.79e-58,,,,,129,134,132
2IW3-A,identity_lt30,25.6,1,5ZXD-A,176.0,0.542,54.2,6.12e-47,,,,,625,986,546
6OH3-A,no_retained_hit,,0,,,,,,,,,,,,
2VG4-A,identity_40_lt50,40.3,1,4U82-A,187.0,0.813,81.3,1.37e-58,,,,,231,284,256
6DII-A,no_retained_hit,,0,,,,,,,,,,,,
6MRG-A,no_retained_hit,,0,,,,,,,,,,,,
1IST-A,identity_50_lt70,63.6,3,2CMT-A,222.0,1.0,100.0,2.01e-75,,,,,162,162,172
5NIL-A,identity_70_lt95,89.4,1,5BUN-A,783.0,0.981,98.1,3.2e-287,,,,,470,479,467
5LTW-C,identity_40_lt50,46.1,3,6F2R-D,96.7,0.8190000000000001,81.9,3.86e-26,,,,,128,149,182
2MP1-A,identity_40_lt50,40.0,9,4MHE-A,47.0,0.8440000000000001,84.4,5.57e-09,,,,,65,77,70
1J5N-A,identity_50_lt70,55.4,1,2LHJ-A,71.2,0.677,67.7,5.53e-18,,,,,65,93,97
5IQR-B,identity_ge95,100.0,3,4V4W-BA,454.0,0.8320000000000001,83.2,1.1e-164,,,,,227,273,227
6AP1-H,no_retained_hit,,0,,,,,,,,,,,,
4V6W-Cj,identity_50_lt70,69.6,1,4V3P-Ll,138.0,0.9890000000000001,98.9,1.21e-44,,,,,92,93,94
4MHL-A,no_retained_hit,,0,,,,,,,,,,,,
3QH0-A,identity_50_lt70,64.1,1,5WBE-A,767.0,0.905,90.5,1.65e-276,,,,,552,610,600
1NWA-A,identity_70_lt95,78.0,1,4GWB-A,287.0,0.8079999999999999,80.8,1.63e-100,,,,,164,203,168
5WZS-A,identity_50_lt70,50.0,10,1M8R-A,123.0,0.943,94.3,8.35e-38,,,,,118,123,124
5Z8L-A,identity_70_lt95,70.9,1,5ZNP-A,305.0,0.8029999999999999,80.3,2.83e-106,,,,,189,234,216
1XHN-A,no_retained_hit,,0,,,,,,,,,,,,
1MX5-A,identity_70_lt95,82.2,2,1K4Y-A,904.0,0.971,97.1,0.0,,,,,533,548,534
1VIX-A,identity_lt30,23.6,1,3RZA-A,102.0,0.9690000000000001,96.9,3.1e-24,,,,,419,420,396
1X23-A,identity_70_lt95,92.5,1,1Z2U-A,295.0,0.948,94.8,5.69e-105,,,,,147,155,150
5GAD-i,identity_70_lt95,87.2,2,5GAF-i,684.0,0.958,95.8,1.5e-249,,,,,431,450,398
2XSX-A,identity_70_lt95,72.8,4,5WRO-A,627.0,0.986,98.6,6.31e-227,,,,,430,435,439
2F9Y-B,identity_40_lt50,47.3,1,5KDR-B,241.0,0.868,86.8,3.79e-79,,,,,264,304,285
4N78-D,identity_40_lt50,46.5,1,3P8C-D,368.0,1.0,100.0,2.93e-125,,,,,559,559,279
5AWM-A,identity_70_lt95,79.7,3,2XS0-A,592.0,0.914,91.4,1.3e-214,,,,,360,394,386
5GXB-A,no_retained_hit,,0,,,,,,,,,,,,
5WYJ-BC,no_retained_hit,,0,,,,,,,,,,,,
5OWU-A,identity_30_lt40,39.6,2,4XRI-A,602.0,0.99,99.0,9.41e-204,,,,,863,861,882
1MG1-A,identity_ge95,100.0,2,4OZQ-A,736.0,0.813,81.3,2.43e-265,,,,,366,450,720
3RIU-A,identity_30_lt40,31.8,1,3RIU-C,45.4,0.385,38.5,4.88e-06,,,,,85,218,269
1GN4-A,identity_50_lt70,62.6,2,1BS3-A,256.0,0.9470000000000001,94.7,6.19e-88,,,,,198,207,201
6ENY-C,identity_ge95,100.0,1,3F8U-B,782.0,0.89,89.0,1.01e-288,,,,,381,428,401
4DRA-E,identity_70_lt95,71.2,1,3B0B-C,103.0,0.8690000000000001,86.9,3.02e-31,,,,,73,84,81
2A8R-A,no_retained_hit,,0,,,,,,,,,,,,
1SY7-A,identity_40_lt50,42.8,1,2IQF-A,382.0,0.659,65.9,1.14e-125,,,,,479,715,505
4R0Y-A,identity_ge95,99.7,1,4OZQ-A,734.0,0.723,72.3,2.06e-263,,,,,362,501,720
5ZAK-B,identity_ge95,99.1,1,5N8L-A,419.0,0.5870000000000001,58.70000000000001,1.86e-149,,,,,215,366,215
1GFN-A,identity_70_lt95,72.6,2,6ENE-A,482.0,1.0,100.0,5.29e-173,,,,,340,334,329
5YVT-A,identity_30_lt40,39.0,1,3ASJ-A,208.0,0.9790000000000001,97.9,4.31e-65,,,,,336,339,334
4G1E-B,identity_ge95,100.0,3,3T3P-B,942.0,0.64,64.0,0.0,,,,,472,738,472
6EHA-A,identity_ge95,100.0,1,1S8C-A,457.0,0.809,80.9,2.13e-165,,,,,233,288,233
3B6J-A,identity_50_lt70,57.5,2,4LA4-A,215.0,0.98,98.0,1.38e-71,,,,,200,198,207
6FSZ-KK,identity_ge95,99.6,1,5K36-J,1087.0,0.759,75.9,0.0,,,,,556,733,559
1CYV-A,identity_40_lt50,41.7,1,5ZC1-A,48.5,0.612,61.199999999999996,1.06e-08,,,,,60,98,136
5WQ6-A,identity_ge95,100.0,3,5W0U-B,741.0,0.779,77.9,2.29e-269,,,,,371,476,549
4ZDC-A,identity_30_lt40,34.0,4,4Q2E-A,48.5,0.41700000000000004,41.7,1.05e-06,,,,,144,300,290
4ZGZ-A,identity_40_lt50,46.3,1,1NJJ-A,360.0,0.895,89.5,5.52e-122,,,,,395,438,425
2WW9-L,identity_70_lt95,91.2,4,5IT7-YY,219.0,0.9840000000000001,98.4,1.22e-75,,,,,125,127,125
5GYD-A,identity_70_lt95,84.9,2,5GYK-A,434.0,1.0,100.0,1.23e-156,,,,,272,272,236
5NFN-A,identity_70_lt95,89.9,1,4QU2-A,599.0,0.943,94.3,2.64e-219,,,,,316,335,318
3HLK-A,no_retained_hit,,0,,,,,,,,,,,,
2HLD-I,no_retained_hit,,0,,,,,,,,,,,,
2P1O-B,identity_30_lt40,33.3,1,3OGM-B,301.0,0.943,94.3,9.71e-95,,,,,577,594,592
2WKX-A,identity_40_lt50,45.6,1,4BXE-A,184.0,0.885,88.5,5.02e-58,,,,,237,261,255
5IY7-W,no_retained_hit,,0,,,,,,,,,,,,
5NZZ-A,identity_70_lt95,94.9,1,2POP-A,679.0,0.7340000000000001,73.4,1.51e-247,,,,,370,504,353
3H4P-A,identity_50_lt70,62.0,2,6HE5-A,292.0,0.894,89.4,2.65e-100,,,,,237,264,247
4KXT-A,identity_lt30,23.3,1,5GUH-A,181.0,0.92,92.0,3.66e-47,,,,,814,862,899
5WLC-LH,no_retained_hit,,0,,,,,,,,,,,,
5E9U-A,identity_50_lt70,63.9,1,4PQG-A,660.0,0.998,99.8,9.84e-238,,,,,502,503,511
5N4W-A,identity_30_lt40,36.6,1,1U6G-A,485.0,0.987,98.7,2.25e-161,,,,,779,748,776
5X3F-A,identity_40_lt50,40.1,1,4PPM-A,265.0,0.7170000000000001,71.7,1.26e-79,,,,,364,501,861
6O7T-g,no_retained_hit,,0,,,,,,,,,,,,
3J9M-A0,identity_70_lt95,83.9,2,3JD5-j,375.0,1.0,100.0,3.11e-134,,,,,218,218,218
3ITA-A,identity_50_lt70,55.8,1,5TR7-A,382.0,0.977,97.7,3.68e-133,,,,,344,352,341
1ZBU-A,identity_30_lt40,30.7,1,3CG7-A,96.7,0.556,55.60000000000001,5.69e-23,,,,,202,349,308
1MA9-A,identity_lt30,25.5,7,4F5V-A,159.0,0.937,93.7,3.22e-43,,,,,444,458,584
3BSQ-A,identity_70_lt95,76.0,2,5ZFH-A,371.0,0.9740000000000001,97.4,1.3e-132,,,,,221,227,224
2NZ2-A,identity_50_lt70,59.5,3,1VL2-A,485.0,0.981,98.1,1.72e-171,,,,,405,413,421
5GJQ-x,identity_ge95,100.0,1,2AYN-A,784.0,0.818,81.8,1.88e-288,,,,,404,494,404
3DOJ-A,identity_40_lt50,49.6,1,2UYY-A,265.0,0.91,91.0,5.42e-88,,,,,282,310,316
3IZ1-A,identity_40_lt50,49.4,1,6MHY-A,229.0,0.966,96.6,1.49e-73,,,,,251,238,440
6C96-A,no_retained_hit,,0,,,,,,,,,,,,
4KXX-A,identity_lt30,28.7,7,5ND5-A,174.0,0.805,80.5,1.99e-46,,,,,579,637,692
1U1U-A,identity_50_lt70,50.1,1,4ZTY-A,691.0,0.995,99.5,8.6e-242,,,,,770,765,769
1MM4-A,no_retained_hit,,0,,,,,,,,,,,,
5FLZ-A,no_retained_hit,,0,,,,,,,,,,,,
2QRY-A,no_retained_hit,,0,,,,,,,,,,,,
1FW1-A,identity_40_lt50,44.3,2,6JWK-A,155.0,0.935,93.5,1.15e-47,,,,,210,216,222
5ISO-B,identity_ge95,97.1,1,6E4W-B,417.0,0.713,71.3,4.83e-150,,,,,204,286,204
5L4K-V,identity_70_lt95,78.7,1,4O8Y-B,335.0,0.6809999999999999,68.1,1.59e-116,,,,,211,310,240
3DLJ-A,identity_50_lt70,54.2,1,2ZOF-A,534.0,0.973,97.3,1.02e-188,,,,,472,485,479
3ENP-A,no_retained_hit,,0,,,,,,,,,,,,
5BT1-C,identity_70_lt95,84.9,3,3X1T-C,180.0,0.741,74.1,6.29e-60,,,,,106,143,128
5IYC-M,identity_ge95,99.5,1,5WH1-A,405.0,0.6679999999999999,66.8,1.04e-144,,,,,211,316,211
6DBY-A,identity_lt30,28.0,1,1VK6-A,47.8,0.773,77.3,2.5e-07,,,,,118,150,269
4XWH-A,no_retained_hit,,0,,,,,,,,,,,,
3MH6-A,identity_50_lt70,62.2,1,3STI-A,297.0,0.546,54.6,1.4e-99,,,,,249,456,245
6N8N-Y,identity_lt30,28.8,1,1WRM-A,68.9,0.505,50.5,3.89e-14,,,,,184,364,165
5GJQ-J,identity_ge95,100.0,1,5M32-h,685.0,0.8740000000000001,87.4,1.31e-251,,,,,355,406,355
6FEC-8,no_retained_hit,,0,,,,,,,,,,,,
3J77-67,identity_ge95,100.0,2,4V7H-BN,289.0,0.815,81.5,5.04e-102,,,,,150,184,150
5OEZ-A,identity_40_lt50,46.4,1,1SPI-A,266.0,0.909,90.9,4.08e-87,,,,,334,351,358
4ZIR-B,identity_30_lt40,35.5,2,4HZU-A,142.0,0.862,86.2,3.33e-41,,,,,242,268,279
6C0F-s,identity_ge95,100.0,1,6CB1-s,976.0,0.705,70.5,0.0,,,,,569,807,569
5UI4-A,identity_50_lt70,67.6,6,1ZS6-A,222.0,0.9309999999999999,93.1,1.14e-75,,,,,148,159,169
4AIW-A,identity_30_lt40,33.1,1,6FGZ-A,70.9,0.851,85.1,1.43e-16,,,,,133,154,774
2O8N-A,identity_40_lt50,41.0,1,1JZT-A,174.0,0.879,87.9,3.55e-54,,,,,251,265,246
4D10-A,identity_40_lt50,45.3,1,4LCT-A,296.0,0.76,76.0,1.79e-97,,,,,369,480,348
5J1S-A,no_retained_hit,,0,,,,,,,,,,,,
4LV5-B,no_retained_hit,,0,,,,,,,,,,,,
4V6W-Ck,identity_70_lt95,72.9,3,3J7P-k,102.0,1.0,100.0,5.13e-31,,,,,70,70,70
3KXO-A,identity_30_lt40,35.8,2,1M0U-A,129.0,0.975,97.5,1.66e-37,,,,,204,202,249
1KFU-L,identity_70_lt95,93.6,2,1MDW-A,655.0,0.469,46.9,2.09e-235,,,,,328,699,328
5ZHX-e,identity_70_lt95,74.9,2,5ZVP-A,274.0,0.904,90.4,3.15e-95,,,,,179,198,181
1DI7-A,identity_50_lt70,50.0,1,4NWO-A,174.0,0.9640000000000001,96.4,5.66e-56,,,,,188,195,177
6ARH-A,identity_30_lt40,30.8,2,5UI3-D,65.1,0.527,52.7,5.95e-12,,,,,195,338,341
5E84-A,identity_50_lt70,54.7,1,5TKY-A,593.0,0.9790000000000001,97.9,5.18e-208,,,,,602,606,621
5MRC-a,no_retained_hit,,0,,,,,,,,,,,,
5LJ5-D,no_retained_hit,,0,,,,,,,,,,,,
4UEJ-A,identity_30_lt40,32.5,1,4OAQ-A,67.4,0.52,52.0,1.23e-12,,,,,200,346,367
5Z01-A,identity_30_lt40,30.8,2,2AUM-A,89.7,0.879,87.9,1.32e-20,,,,,295,323,317
1R74-A,identity_30_lt40,31.1,1,5H02-A,104.0,0.9490000000000001,94.9,2.05e-26,,,,,280,294,283
4V6W-CB,identity_50_lt70,62.7,2,5ANB-A,490.0,0.9520000000000001,95.2,1.3e-173,,,,,397,416,398
4XK4-A,identity_30_lt40,31.9,2,2ZOY-A,48.1,0.325,32.5,3.11e-07,,,,,69,212,185
4TOQ-A,identity_50_lt70,61.1,1,2GSJ-A,339.0,1.0,100.0,1.74e-118,,,,,275,273,271
2ERV-A,no_retained_hit,,0,,,,,,,,,,,,
6CP3-Y,identity_50_lt70,54.9,1,5LQX-U,200.0,1.0,100.0,4.73e-66,,,,,195,195,194
1E07-A,identity_lt30,27.5,1,6DLD-B,63.5,0.321,32.1,4.93e-11,,,,,218,642,304
2Q20-A,identity_70_lt95,89.6,8,5XP1-A,196.0,0.972,97.2,4.94e-67,,,,,106,109,109
3U0O-A,identity_30_lt40,36.6,1,2ZOD-A,186.0,0.951,95.1,3.2e-56,,,,,331,347,345
1D1T-A,identity_70_lt95,70.7,1,1EE2-A,563.0,0.997,99.7,9.23e-204,,,,,372,373,373
4ZK0-A,identity_40_lt50,48.6,5,1HLE-A,315.0,0.892,89.2,3.62e-106,,,,,354,390,345
6EMI-A,identity_70_lt95,90.4,4,6QAA-A,984.0,0.9940000000000001,99.4,0.0,,,,,529,532,557
5OOM-O,identity_ge95,100.0,3,3IY9-S,239.0,0.6629999999999999,66.3,7.33e-83,,,,,116,175,116
3AFO-A,identity_30_lt40,32.6,2,3PFN-A,164.0,0.74,74.0,3.86e-47,,,,,316,388,365
6F41-O,no_retained_hit,,0,,,,,,,,,,,,
3ZDS-A,no_retained_hit,,0,,,,,,,,,,,,
5LL6-h,identity_50_lt70,68.7,1,6HCM-k1,842.0,0.993,99.3,2.4e-306,,,,,604,608,599
6MGW-A,identity_lt30,28.9,1,5Z1F-A,310.0,0.9309999999999999,93.1,1.62e-94,,,,,743,781,724
5KEG-A,identity_70_lt95,87.6,4,2NBQ-A,356.0,0.9359999999999999,93.6,3.15e-127,,,,,193,203,205
6CIJ-D,identity_ge95,100.0,1,5ZDZ-B,796.0,0.742,74.2,3.94e-293,,,,,386,520,389
4RWT-C,identity_50_lt70,68.4,1,4Z94-G,223.0,0.33799999999999997,33.8,4.17e-69,,,,,171,506,326
5EQJ-A,no_retained_hit,,0,,,,,,,,,,,,
5GTM-A,identity_ge95,99.1,2,4P4S-B,604.0,0.534,53.400000000000006,1.37e-216,,,,,321,601,346
4HOQ-A,identity_50_lt70,61.9,2,4HOU-A,336.0,0.5579999999999999,55.8,4.82e-114,,,,,270,482,273
1CH4-A,identity_70_lt95,74.5,10,2RAO-B,221.0,0.993,99.3,1.29e-75,,,,,145,146,146
2PQA-B,no_retained_hit,,0,,,,,,,,,,,,
1YWS-A,identity_50_lt70,51.7,1,2JR7-A,77.4,0.7070000000000001,70.7,1.11e-20,,,,,58,82,89
1IS2-A,identity_40_lt50,44.6,3,2FON-A,541.0,0.988,98.8,1.33e-185,,,,,661,661,683
4AMV-A,identity_ge95,99.7,2,1MOS-A,711.0,0.604,60.4,3.3e-258,,,,,368,609,368
4V52-AJ,identity_70_lt95,78.6,4,2KVQ-E,142.0,1.0,100.0,4.39e-46,,,,,103,103,87
2HDF-A,identity_30_lt40,31.5,1,5FR8-A,280.0,0.991,99.1,8.99e-85,,,,,727,639,733
5VJW-A,no_retained_hit,,0,,,,,,,,,,,,
5LTL-A,identity_40_lt50,48.3,2,2Q8T-A,66.6,0.57,56.99999999999999,2.59e-16,,,,,58,100,74
3DAV-A,identity_40_lt50,48.4,1,2ACG-A,118.0,0.992,99.2,1.33e-35,,,,,126,127,125
1MSH-A,identity_70_lt95,93.5,2,5OB5-A,120.0,0.861,86.1,4.42e-38,,,,,62,72,63
3B5K-A,no_retained_hit,,0,,,,,,,,,,,,
6AIT-A,identity_30_lt40,31.4,1,3C37-A,115.0,0.5379999999999999,53.79999999999999,9.9e-30,,,,,239,439,253
4U1Y-A,identity_50_lt70,60.5,1,3DP4-A,427.0,0.47,47.0,3.06e-145,,,,,385,819,278
4EMK-A,identity_40_lt50,45.6,1,3PGG-A,84.7,0.809,80.9,5.37e-23,,,,,90,94,121
1USI-A,identity_70_lt95,78.9,2,1Z15-A,557.0,1.0,100.0,4.29e-202,,,,,346,346,344
5MFA-A,identity_ge95,100.0,1,6AZP-A,1197.0,0.828,82.8,0.0,,,,,577,697,577
2O1P-A,identity_40_lt50,46.8,2,4LT6-A,382.0,0.733,73.3,1.79e-127,,,,,400,546,514
2MP0-B,identity_70_lt95,89.9,1,3OUR-B,290.0,1.0,100.0,4.09e-102,,,,,168,168,183
1PDW-A,identity_50_lt70,52.7,2,4E08-A,176.0,0.9390000000000001,93.9,1.13e-56,,,,,186,197,190
5THM-A,identity_30_lt40,31.6,3,6H18-A,188.0,0.867,86.7,2.61e-53,,,,,484,533,547
5U4I-v,identity_40_lt50,47.5,2,5MDY-7,287.0,0.893,89.3,1.17e-94,,,,,345,383,378
5VAW-A,identity_ge95,97.8,1,4OZQ-A,724.0,0.732,73.2,1.68e-259,,,,,372,508,720
1HRP-A,no_retained_hit,,0,,,,,,,,,,,,
5AY8-A,identity_70_lt95,81.1,3,6FTX-E,149.0,0.6829999999999999,68.3,4.6e-48,,,,,95,139,110
6N8P-A,no_retained_hit,,0,,,,,,,,,,,,
5HZV-A,identity_ge95,99.7,3,4WRN-A,740.0,0.591,59.099999999999994,3.76e-264,,,,,370,626,695
4WYV-A,no_retained_hit,,0,,,,,,,,,,,,
1O92-A,identity_50_lt70,54.2,1,3TDE-A,387.0,0.9670000000000001,96.7,2.69e-133,,,,,402,396,408
1MZB-A,identity_50_lt70,58.7,1,2W57-A,152.0,0.9259999999999999,92.6,8.58e-49,,,,,126,136,150
6GIQ-e,identity_ge95,100.0,1,6HU9-e,268.0,0.8690000000000001,86.9,1.98e-94,,,,,133,153,133
3JCO-J,identity_ge95,100.0,3,6EF2-J,513.0,0.647,64.7,4.73e-185,,,,,262,405,262
3LW1-A,identity_50_lt70,57.3,2,2NPM-A,258.0,0.9129999999999999,91.3,6.11e-87,,,,,234,253,260
4V6W-CO,identity_40_lt50,45.2,1,5XXB-N,187.0,0.961,96.1,1.36e-59,,,,,199,205,269
3J6B-S,no_retained_hit,,0,,,,,,,,,,,,
4P9S-A,identity_lt30,29.2,1,1PJ5-A,346.0,0.95,95.0,1.57e-106,,,,,839,848,830
5MRE-HH,no_retained_hit,,0,,,,,,,,,,,,
3MN5-A,identity_70_lt95,89.3,2,5NW4-V,676.0,0.997,99.7,4.2e-248,,,,,374,359,396
2D7R-A,no_retained_hit,,0,,,,,,,,,,,,
5OQJ-O,identity_ge95,100.0,2,4B0A-A,349.0,0.75,75.0,6.87e-123,,,,,180,240,278
5WG6-A,identity_ge95,96.3,1,5LS6-A,1367.0,0.8220000000000001,82.2,0.0,,,,,708,859,695
1HR8-B,identity_40_lt50,43.1,4,1BCC-A,309.0,0.9009999999999999,90.1,1.3e-101,,,,,401,443,446
2EX6-A,identity_40_lt50,43.1,1,3A3I-A,387.0,0.993,99.3,1.06e-131,,,,,455,458,453
5MKE-A,identity_ge95,99.9,1,6D1W-A,1444.0,0.764,76.4,0.0,,,,,740,968,740
6CET-M,no_retained_hit,,0,,,,,,,,,,,,
5NBL-C,identity_70_lt95,89.0,2,5NW4-V,693.0,0.997,99.7,1.11e-254,,,,,374,375,396
2G2O-A,identity_70_lt95,93.8,3,3H0P-A,555.0,0.9940000000000001,99.4,1.68e-202,,,,,306,308,312
6DBW-B,identity_50_lt70,51.9,1,5ZDZ-B,410.0,0.7240000000000001,72.4,1.98e-140,,,,,389,533,389
6GCT-A,identity_50_lt70,63.8,1,5LLM-A,526.0,0.847,84.7,3.71e-184,,,,,458,541,522
1IG8-A,identity_70_lt95,73.4,1,3O1W-A,736.0,0.998,99.8,2.16e-268,,,,,485,486,485
1HV2-A,identity_30_lt40,39.6,2,6GFX-B,68.9,0.9390000000000001,93.9,5.55e-17,,,,,96,99,97
4X97-A,no_retained_hit,,0,,,,,,,,,,,,
1T3D-A,identity_70_lt95,74.3,3,4H7O-A,393.0,0.917,91.7,2.34e-139,,,,,265,289,281
1OAT-A,identity_50_lt70,56.1,1,1Z7D-A,449.0,0.9129999999999999,91.3,1.23e-156,,,,,403,439,433
2O6X-A,identity_40_lt50,47.4,5,6BKI-A,212.0,0.687,68.7,1.47e-68,,,,,215,310,215
3H0G-D,identity_40_lt50,49.4,2,1Y14-A,69.7,0.563,56.3,6.72e-16,,,,,77,135,187
5TTD-A,identity_ge95,95.0,1,4OZQ-A,726.0,0.7659999999999999,76.6,1.46e-260,,,,,382,499,720
5FJ9-M,no_retained_hit,,0,,,,,,,,,,,,
5ZWM-4,identity_30_lt40,37.9,1,6AH0-4,125.0,0.9059999999999999,90.6,2.96e-34,,,,,195,213,424
2XOK-G,identity_ge95,100.0,2,3OEE-G,527.0,0.894,89.4,7.22e-192,,,,,278,311,278
3W15-A,identity_lt30,22.7,1,4XYI-A,54.3,0.473,47.3,3.14e-08,,,,,181,368,430
5VQ9-D,identity_40_lt50,44.5,1,4XGU-A,261.0,0.738,73.8,1.73e-83,,,,,321,432,424
1Z6X-A,identity_70_lt95,90.8,2,2B6H-A,325.0,0.9670000000000001,96.7,1.75e-115,,,,,174,180,192
6NQ0-A,no_retained_hit,,0,,,,,,,,,,,,
1LDI-A,identity_30_lt40,34.8,5,3C02-A,126.0,0.868,86.8,4.55e-35,,,,,250,281,258
1M2O-B,identity_ge95,100.0,2,6GNI-B,339.0,0.879,87.9,2.49e-121,,,,,167,190,167
3SBC-A,identity_70_lt95,85.6,2,5EPT-H,354.0,0.903,90.3,3.3e-126,,,,,195,216,217
3PV0-A,identity_50_lt70,54.2,2,3GD7-A,350.0,0.94,94.0,4.1e-119,,,,,371,381,390
5OQM-4,identity_lt30,24.2,1,5NUS-A,83.2,0.6759999999999999,67.6,2.66e-18,,,,,265,333,303
5YZA-A,identity_70_lt95,77.2,2,4CNT-A,858.0,0.996,99.6,2.67e-314,,,,,523,525,570
5H7N-A,identity_ge95,100.0,3,5W0U-B,740.0,0.774,77.4,7.09e-269,,,,,370,478,549
4CAD-C,no_retained_hit,,0,,,,,,,,,,,,
6FE8-D,no_retained_hit,,0,,,,,,,,,,,,
3FMT-A,identity_ge95,100.0,1,1LRR-A,246.0,0.753,75.3,1.85e-85,,,,,122,162,131
3OG4-A,identity_70_lt95,81.5,2,3HHC-A,263.0,0.899,89.9,6.2e-91,,,,,162,178,196
4HBG-A,identity_lt30,25.6,1,2CDH-G,69.7,0.909,90.9,3.93e-14,,,,,262,286,244
2A1T-A,identity_70_lt95,89.4,3,3MDE-A,705.0,0.914,91.4,8.74e-259,,,,,385,421,385
3H7R-A,identity_50_lt70,61.3,4,5JH1-A,384.0,0.924,92.4,1.95e-134,,,,,310,331,309
6GIQ-D,identity_ge95,100.0,2,1KYO-D,518.0,0.8029999999999999,80.3,4.98e-189,,,,,248,309,248
6G90-H,no_retained_hit,,0,,,,,,,,,,,,
2ALE-A,identity_50_lt70,61.6,2,5OQL-V,155.0,0.925,92.5,2.36e-50,,,,,125,134,127
1A4E-A,identity_50_lt70,51.8,7,5GKN-A,469.0,0.961,96.1,3.25e-162,,,,,471,488,527
4LFI-A,identity_50_lt70,58.4,2,6EII-A,417.0,0.963,96.3,3.79e-146,,,,,361,374,352
1Y00-A,identity_70_lt95,84.7,1,1VPZ-A,97.8,0.9670000000000001,96.7,2.59e-29,,,,,59,61,73
5KPT-A,identity_70_lt95,84.2,2,5E26-A,621.0,0.934,93.4,1.87e-226,,,,,355,380,365
1JX7-A,no_retained_hit,,0,,,,,,,,,,,,
2C54-A,identity_lt30,22.9,2,2C20-A,68.6,0.818,81.8,5.32e-13,,,,,332,379,330
5M3Y-A,identity_lt30,24.7,2,2R9Y-A,59.7,0.7709999999999999,77.1,9.2e-10,,,,,360,458,430
5MG3-Y,identity_40_lt50,44.0,2,3DL8-G,362.0,0.917,91.7,3.1e-122,,,,,423,458,429
5BV3-A,identity_30_lt40,30.3,1,1VLR-A,140.0,0.89,89.0,7.15e-39,,,,,314,345,350
5N92-F,identity_50_lt70,56.5,1,5N7W-X,124.0,0.777,77.7,1.32e-37,,,,,108,139,155
3UO2-A,identity_30_lt40,34.3,2,1FPO-A,50.4,0.52,52.0,2.23e-08,,,,,99,175,171
1Z93-A,identity_50_lt70,59.8,1,3D0N-A,325.0,0.9590000000000001,95.9,6.23e-113,,,,,256,266,264
4AEZ-B,no_retained_hit,,0,,,,,,,,,,,,
1LI5-A,identity_50_lt70,55.1,2,3TQO-A,518.0,0.998,99.8,7.73e-183,,,,,461,461,462
4U4Z-D1,identity_50_lt70,60.8,2,4V3P-ST,98.2,0.851,85.1,6.75e-29,,,,,74,87,82
6ERQ-F,identity_70_lt95,92.5,1,6ERO-A,615.0,0.8859999999999999,88.6,4.63e-225,,,,,334,377,313
4DOH-A,identity_30_lt40,34.3,1,6DF3-C,77.4,0.882,88.2,6.6e-19,,,,,137,153,155
6MO6-A,identity_lt30,23.4,3,1FCD-A,76.3,0.855,85.5,2.9e-15,,,,,367,414,401
2ZFN-A,identity_70_lt95,89.8,1,3CZ7-A,697.0,0.8759999999999999,87.6,4.13e-255,,,,,403,460,364
4X6G-A,identity_lt30,24.9,1,2H98-A,66.2,0.7879999999999999,78.8,1.7e-12,,,,,253,316,313
1NR0-A,no_retained_hit,,0,,,,,,,,,,,,
6R7Z-A,identity_lt30,28.4,2,6QPC-A,155.0,0.63,63.0,1.05e-39,,,,,522,667,911
2CYX-A,identity_50_lt70,52.2,1,1PZV-A,165.0,0.924,92.4,4.66e-53,,,,,157,170,164
4U4Q-SM,no_retained_hit,,0,,,,,,,,,,,,
1FS5-A,identity_70_lt95,79.6,1,5HJ5-A,447.0,0.996,99.6,2.79e-161,,,,,265,266,267
3U9T-A,identity_50_lt70,52.2,6,4RZQ-A,401.0,0.65,65.0,3.95e-134,,,,,427,655,468
4TRX-A,identity_70_lt95,74.5,2,1M7T-A,148.0,0.9620000000000001,96.2,4.51e-48,,,,,106,105,107
3D3W-A,identity_50_lt70,67.9,1,1CYD-A,323.0,0.996,99.6,5.46e-113,,,,,243,244,244
4BL8-A,identity_ge95,99.7,2,4OZQ-A,745.0,0.446,44.6,1.58e-262,,,,,371,831,720
5FM1-C,identity_lt30,28.2,1,4FFB-B,182.0,0.9620000000000001,96.2,1.96e-52,,,,,464,473,463
4TKY-A,identity_70_lt95,84.7,2,3L9S-A,330.0,0.99,99.0,2.74e-117,,,,,189,191,191
1RTP-1,identity_ge95,100.0,2,1G33-A,134.0,0.6609999999999999,66.1,5.9e-43,,,,,72,109,73
5XAE-A,identity_50_lt70,55.5,1,2NCN-A,131.0,0.838,83.8,1.24e-40,,,,,119,142,128
2KLR-A,identity_40_lt50,43.0,2,6F2R-C,107.0,0.7709999999999999,77.1,9.93e-30,,,,,135,175,203
6QKZ-I,no_retained_hit,,0,,,,,,,,,,,,
6AGB-D,no_retained_hit,,0,,,,,,,,,,,,
2GAE-A,identity_30_lt40,33.5,3,2G5D-A,95.1,0.769,76.9,6.81e-22,,,,,275,346,422
2Q8K-A,identity_ge95,98.9,1,2V6C-A,684.0,0.875,87.5,2.85e-251,,,,,351,401,353
6DA2-A,identity_lt30,28.6,3,4H1N-A,129.0,0.875,87.5,9.9e-33,,,,,447,487,479
3Q7E-A,identity_70_lt95,82.9,1,5DST-A,587.0,0.94,94.0,2.88e-214,,,,,328,349,332
5C3E-G,identity_50_lt70,52.9,1,3H0G-G,200.0,0.95,95.0,1.28e-66,,,,,170,179,172
5FZ5-W,identity_ge95,100.0,2,5OQJ-W,385.0,0.402,40.2,1.21e-128,,,,,194,482,586
5Z56-q,identity_ge95,99.7,1,4LG8-A,572.0,0.667,66.7,3.06e-205,,,,,336,504,354
3J9M-AR,identity_70_lt95,80.8,2,6NF8-a,567.0,1.0,100.0,1.42e-205,,,,,360,360,359
6H45-A,identity_40_lt50,43.5,1,2ASH-A,273.0,0.88,88.0,4.45e-89,,,,,345,392,381
6F1U-X,no_retained_hit,,0,,,,,,,,,,,,
5OQM-n,no_retained_hit,,0,,,,,,,,,,,,
5U4I-q,identity_40_lt50,40.0,1,4V4N-BR,53.5,0.917,91.7,5.04e-11,,,,,80,84,113
4WVH-A,identity_ge95,96.2,1,4OZQ-A,719.0,0.696,69.6,2.92e-257,,,,,371,533,720
5H1C-A,identity_ge95,99.6,3,1N0W-A,477.0,0.7170000000000001,71.7,3.84e-172,,,,,243,339,243
1VA6-A,identity_30_lt40,39.7,1,3NZT-A,283.0,0.7659999999999999,76.6,1.22e-89,,,,,401,518,525
5SVA-g,identity_70_lt95,82.8,1,4V1O-R,602.0,1.0,100.0,3.37e-219,,,,,400,400,331
1I7F-A,identity_ge95,99.6,1,3M7M-X,463.0,0.7979999999999999,79.8,1.39e-167,,,,,233,292,235
1PPF-E,identity_lt30,25.5,1,4BXW-A,48.9,1.0,100.0,4.45e-07,,,,,247,218,423
3GYF-A,identity_40_lt50,40.6,1,3EEM-A,101.0,0.797,79.7,4.31e-27,,,,,160,187,227
5LJ3-O,no_retained_hit,,0,,,,,,,,,,,,
2WCE-A,identity_40_lt50,46.2,3,5HYD-A,69.3,0.821,82.1,3.57e-17,,,,,78,95,99
5B6M-A,identity_50_lt70,62.9,2,2V32-A,284.0,0.987,98.7,5.61e-98,,,,,221,224,233
2NSM-A,identity_40_lt50,49.8,1,1QMU-A,372.0,0.902,90.2,5.43e-127,,,,,402,439,380
1GLD-G,identity_50_lt70,62.3,7,3G25-A,647.0,0.9740000000000001,97.4,1.88e-232,,,,,488,501,501
3PDF-A,identity_ge95,99.7,1,4OEL-A,778.0,0.8390000000000001,83.9,2.48e-287,,,,,370,441,370
1L1O-A,no_retained_hit,,0,,,,,,,,,,,,
5HZQ-A,identity_40_lt50,44.5,6,5GGE-A,94.4,0.914,91.4,5.91e-26,,,,,128,140,130
1IGA-A,identity_50_lt70,50.5,2,1JFQ-H,205.0,0.436,43.6,7.36e-64,,,,,208,475,222
4IXM-A,no_retained_hit,,0,,,,,,,,,,,,
1G2S-A,identity_40_lt50,47.4,10,4MHE-A,60.1,0.8029999999999999,80.3,3.09e-14,,,,,57,71,70
2HO9-A,identity_30_lt40,35.1,2,2QDL-A,88.2,0.868,86.8,8.69e-23,,,,,148,167,165
3ECW-A,identity_ge95,99.2,3,2MP3-A,259.0,0.8170000000000001,81.7,8.73e-91,,,,,125,153,132
2I3T-A,no_retained_hit,,0,,,,,,,,,,,,
4V89-AW,identity_50_lt70,66.3,1,3TR5-A,711.0,0.978,97.8,5.15e-257,,,,,522,534,528
1CSR-A,identity_70_lt95,94.2,1,3ENJ-A,834.0,0.991,99.1,1.39e-308,,,,,431,435,437
3CTZ-A,identity_40_lt50,41.1,1,4S2R-P,457.0,0.982,98.2,2.83e-154,,,,,627,623,639
5Y70-A,no_retained_hit,,0,,,,,,,,,,,,
3H32-B,identity_ge95,100.0,3,2H43-B,691.0,0.71,71.0,1.9e-253,,,,,325,458,328
2X6L-A,identity_50_lt70,53.2,3,2Q8T-A,84.0,0.899,89.9,1.14e-23,,,,,62,69,74
6DGE-A,identity_70_lt95,94.0,1,2CI6-A,523.0,0.922,92.2,2.67e-190,,,,,284,308,284
4N2M-A,no_retained_hit,,0,,,,,,,,,,,,
2QTV-A,no_retained_hit,,0,,,,,,,,,,,,
4IJC-A,identity_30_lt40,35.4,5,1FRB-A,185.0,0.895,89.5,2.6e-56,,,,,322,344,315
3EZK-A,no_retained_hit,,0,,,,,,,,,,,,
1WA5-C,no_retained_hit,,0,,,,,,,,,,,,
5J7L-AP,identity_ge95,100.0,1,5ME0-P,162.0,1.0,100.0,3.43e-54,,,,,82,82,102
1UW5-A,identity_70_lt95,77.3,1,2A1L-A,448.0,0.996,99.6,1.27e-161,,,,,269,270,270
4NHY-A,identity_30_lt40,34.8,1,4NHM-A,90.1,0.335,33.5,4.8e-19,,,,,207,562,647
3R7W-B,identity_50_lt70,54.3,2,2Q3F-A,199.0,0.523,52.300000000000004,6.36e-64,,,,,175,331,181
2BSK-A,no_retained_hit,,0,,,,,,,,,,,,
5WLC-SG,identity_ge95,100.0,1,4J0X-A,903.0,0.782,78.2,0.0,,,,,448,573,451
4LIX-A,identity_40_lt50,47.9,2,3S9V-A,499.0,0.6890000000000001,68.9,4.49e-167,,,,,505,727,785
5I4L-p0,identity_ge95,100.0,2,5LYB-p0,381.0,0.628,62.8,4.62e-135,,,,,196,312,219
3NSJ-A,no_retained_hit,,0,,,,,,,,,,,,
2O0B-A,identity_30_lt40,31.4,1,3NVS-A,158.0,0.902,90.2,9.5e-44,,,,,424,450,450
1XS4-A,identity_40_lt50,42.6,1,2QXX-A,135.0,0.9790000000000001,97.9,2.02e-40,,,,,190,193,190
5FKV-D,identity_ge95,98.9,1,2IDO-A,367.0,0.7609999999999999,76.1,4.28e-131,,,,,185,243,186
1KB9-C,identity_50_lt70,51.6,1,5GUP-w,402.0,0.966,96.6,1.19e-139,,,,,372,385,379
2Z2B-A,identity_70_lt95,85.9,2,3JZE-A,615.0,1.0,100.0,5.92e-225,,,,,347,337,372
3ZUT-A,identity_ge95,97.2,1,3UDB-A,619.0,0.8759999999999999,87.6,6.25e-227,,,,,317,362,317
1YII-A,identity_50_lt70,57.0,4,2ZHI-A,349.0,0.981,98.1,9.32e-121,,,,,314,320,322
6CHD-A,identity_ge95,99.6,3,6ILH-A,1047.0,0.8590000000000001,85.9,0.0,,,,,513,597,521
4AKR-B,identity_50_lt70,59.3,1,6F38-L,312.0,0.9209999999999999,92.1,1.46e-107,,,,,268,290,272
6HHQ-h,identity_50_lt70,66.4,1,3JAP-g,368.0,0.997,99.7,2.66e-128,,,,,324,319,326
5LGD-A,identity_30_lt40,35.9,1,4F7B-A,263.0,0.845,84.5,1.98e-83,,,,,404,472,423
5IMJ-A,identity_70_lt95,89.8,1,5GNP-A,448.0,0.996,99.6,2.8e-162,,,,,245,246,245
2AC1-A,identity_50_lt70,52.0,2,2ADD-A,614.0,0.991,99.1,3.04e-218,,,,,540,541,543
2KS6-A,no_retained_hit,,0,,,,,,,,,,,,
2BEF-A,identity_50_lt70,60.4,2,4UOG-A,186.0,0.955,95.5,1.55e-61,,,,,149,155,151
5F1A-A,identity_50_lt70,63.6,1,5WBE-A,763.0,0.998,99.8,8.85e-276,,,,,552,553,600
6N3Q-B,no_retained_hit,,0,,,,,,,,,,,,
6ELZ-w,no_retained_hit,,0,,,,,,,,,,,,
2GKN-A,identity_30_lt40,37.1,3,1UVY-A,84.3,0.772,77.2,2.94e-22,,,,,105,136,116
4YML-A,identity_50_lt70,59.6,1,5UE1-A,261.0,0.935,93.5,8.31e-89,,,,,230,245,234
5FM1-B,no_retained_hit,,0,,,,,,,,,,,,
5IYB-Q,identity_lt30,29.5,4,6GYM-W,107.0,0.41700000000000004,41.7,3.86e-26,,,,,183,439,332
1YCN-A,identity_70_lt95,72.1,2,3BRX-A,437.0,0.9840000000000001,98.4,1.6e-155,,,,,312,317,317
3EYC-A,identity_40_lt50,44.5,1,4RUN-A,130.0,0.895,89.5,1.94e-39,,,,,146,162,161
3VWU-A,identity_70_lt95,85.7,2,3QPM-A,422.0,0.902,90.2,7.71e-152,,,,,230,255,240
6C23-A,no_retained_hit,,0,,,,,,,,,,,,
1ESO-A,identity_50_lt70,62.3,2,2WWN-A,184.0,0.9740000000000001,97.4,1.08e-60,,,,,151,154,169
6G90-A,no_retained_hit,,0,,,,,,,,,,,,
3K8L-A,identity_lt30,24.6,2,3WY1-A,122.0,0.945,94.5,1.4e-29,,,,,659,669,538
1FW8-A,identity_50_lt70,64.2,2,1HDI-A,421.0,0.8170000000000001,81.7,4.4e-146,,,,,341,416,413
4GWP-B,identity_ge95,100.0,2,4H62-Q,583.0,0.45299999999999996,45.3,1.78e-207,,,,,311,687,312
3S6I-A,identity_40_lt50,44.8,1,4B24-A,169.0,0.877,87.7,8.82e-53,,,,,201,228,232
3WXR-K,identity_30_lt40,37.0,1,5FMG-K,113.0,0.718,71.8,3.11e-31,,,,,173,238,195
1P9P-A,identity_70_lt95,81.9,1,1UAL-A,428.0,0.9540000000000001,95.4,1.21e-153,,,,,249,261,274
4V5B-BO,identity_50_lt70,60.2,7,5EL5-6I,101.0,0.9890000000000001,98.9,5.37e-30,,,,,88,89,89
5WQK-A,identity_50_lt70,57.9,2,1BOH-A,362.0,0.986,98.6,6.72e-127,,,,,290,293,296
2YHX-A,identity_70_lt95,94.3,1,1HKG-A,645.0,1.0,100.0,4.07e-233,,,,,457,457,457
5YJI-A,no_retained_hit,,0,,,,,,,,,,,,
1WLE-A,identity_30_lt40,37.4,3,2DQ3-A,214.0,0.645,64.5,1.91e-64,,,,,326,501,425
3G33-B,identity_30_lt40,32.8,1,2F2C-A,101.0,0.637,63.7,1.5e-25,,,,,195,306,254
4AP5-A,no_retained_hit,,0,,,,,,,,,,,,
5ZR1-C,no_retained_hit,,0,,,,,,,,,,,,
5MRC-PP,identity_40_lt50,45.1,3,6B4V-YA,77.8,0.765,76.5,2.91e-20,,,,,91,119,88
1IH5-A,identity_70_lt95,91.5,1,1J4N-A,474.0,1.0,100.0,5.53e-172,,,,,271,269,271
1SU1-A,no_retained_hit,,0,,,,,,,,,,,,
6AHU-G,no_retained_hit,,0,,,,,,,,,,,,
5JHE-A,identity_40_lt50,40.0,1,3PMP-A,115.0,0.47600000000000003,47.6,3.96e-31,,,,,190,397,164
3A2E-A,no_retained_hit,,0,,,,,,,,,,,,
4OIC-A,identity_50_lt70,61.1,2,3NJ0-A,219.0,0.894,89.4,1.84e-73,,,,,185,207,193
1SMQ-A,identity_50_lt70,68.9,2,2UW2-A,454.0,0.815,81.5,1.25e-160,,,,,325,399,332
4TVY-A,identity_30_lt40,38.7,2,5T8U-A,191.0,0.745,74.5,4.68e-58,,,,,269,341,360
1PFK-A,identity_50_lt70,56.3,2,4A3S-A,360.0,0.9940000000000001,99.4,3.34e-125,,,,,318,320,319
4V6W-AI,identity_50_lt70,57.4,1,4BTS-A2,224.0,1.0,100.0,3.32e-75,,,,,216,208,208
3HHS-A,identity_30_lt40,38.6,2,3IXV-A,409.0,0.8690000000000001,86.9,9.06e-135,,,,,609,694,626
4TU3-A,identity_ge95,100.0,1,2ZII-A,555.0,0.8290000000000001,82.9,4.3e-202,,,,,286,345,288
6GU6-A,identity_50_lt70,60.3,3,3NIZ-A,357.0,0.98,98.0,1.49e-124,,,,,297,302,311
1NYE-A,identity_40_lt50,46.0,1,1UKK-A,116.0,0.846,84.6,4.36e-34,,,,,139,162,142
4A11-B,no_retained_hit,,0,,,,,,,,,,,,
6IP6-2L,identity_70_lt95,70.7,3,4V3P-LT,230.0,0.852,85.2,5.94e-78,,,,,167,196,189
5IIC-A,identity_ge95,98.2,2,4WRN-A,745.0,0.7659999999999999,76.6,1.98e-268,,,,,380,496,695
4CYF-A,identity_lt30,27.5,2,3KI8-A,63.2,0.336,33.6,3.08e-11,,,,,171,506,262
3JAQ-j,identity_ge95,99.4,3,2A1A-A,343.0,0.5720000000000001,57.2,8.33e-121,,,,,174,304,175
1T3Y-A,no_retained_hit,,0,,,,,,,,,,,,
5XMK-A,identity_ge95,100.0,2,3EIH-A,651.0,0.764,76.4,6.42e-238,,,,,334,437,340
4LEC-A,no_retained_hit,,0,,,,,,,,,,,,
5N9J-B,identity_lt30,27.7,1,5OQM-k,65.1,0.868,86.8,2.87e-14,,,,,137,144,157
1MKB-A,identity_ge95,100.0,3,2CF2-C,355.0,1.0,100.0,2.85e-125,,,,,171,171,342
1ZJ9-A,identity_lt30,29.8,2,3VKQ-A,208.0,0.9309999999999999,93.1,6.69e-60,,,,,550,566,591
3VTW-A,identity_50_lt70,55.1,1,2NCN-A,129.0,0.792,79.2,1.85e-39,,,,,118,149,128
1EJB-A,identity_70_lt95,82.6,1,4KQ6-A,285.0,0.9940000000000001,99.4,3.41e-100,,,,,167,168,179
5ZXL-A,identity_50_lt70,59.2,2,5XN8-A,424.0,0.9890000000000001,98.9,4.23e-149,,,,,363,367,365
1YFM-A,identity_50_lt70,64.4,2,4HGV-A,575.0,0.9470000000000001,94.7,1.16e-204,,,,,463,488,495
6QX9-1C,identity_ge95,98.7,1,3CW1-L,162.0,0.484,48.4,2.41e-53,,,,,77,159,77
3CB4-D,identity_50_lt70,57.6,1,5J8B-z,685.0,0.997,99.7,3.77e-243,,,,,601,599,679
3BIC-A,identity_50_lt70,60.1,2,7REQ-A,830.0,0.924,92.4,5.81e-297,,,,,711,762,727
4AF2-A,identity_70_lt95,82.5,1,2XPD-A,323.0,0.995,99.5,2.18e-114,,,,,200,201,200
3UJR-A,identity_70_lt95,72.6,5,5WRO-A,629.0,0.971,97.1,3.01e-227,,,,,431,443,439
5O9Z-R,no_retained_hit,,0,,,,,,,,,,,,
2V3J-A,identity_70_lt95,70.3,1,5OQL-e,338.0,0.9109999999999999,91.1,1.45e-118,,,,,239,258,252
4FGU-A,identity_ge95,99.3,3,4AWB-A,587.0,0.662,66.2,2.23e-213,,,,,284,429,284
2KV1-A,identity_70_lt95,89.3,1,3MAO-A,196.0,0.831,83.1,5.64e-67,,,,,103,124,105
6NT9-A,identity_ge95,100.0,1,4EUT-A,774.0,0.518,51.800000000000004,1.47e-280,,,,,384,742,396
5MRC-1,no_retained_hit,,0,,,,,,,,,,,,
5JH9-A,identity_40_lt50,41.2,1,5JM6-A,347.0,0.888,88.8,2.49e-114,,,,,469,516,519
1IBJ-A,identity_40_lt50,44.4,7,4IYO-A,292.0,0.804,80.4,3.19e-95,,,,,378,464,397
2XF8-A,identity_50_lt70,50.0,8,1OBF-O,343.0,0.9940000000000001,99.4,3.72e-118,,,,,336,338,335
5MPS-a,identity_ge95,100.0,1,1DVK-A,337.0,0.685,68.5,2.82e-119,,,,,172,251,173
6IF2-B,identity_50_lt70,64.2,1,3L0I-B,205.0,0.866,86.6,5.99e-68,,,,,162,186,199
4HNX-A,identity_30_lt40,31.8,1,5NNP-A,285.0,0.698,69.8,2.71e-84,,,,,614,863,745
4X5O-A,identity_ge95,99.8,1,5W6M-A,875.0,0.884,88.4,0.0,,,,,450,509,450
1R6V-A,identity_30_lt40,37.9,1,1DBI-A,144.0,0.414,41.4,5.1e-39,,,,,280,671,280
6H1D-B,identity_30_lt40,32.5,1,5CM2-M,66.6,0.929,92.9,2.41e-15,,,,,123,126,130
5FGI-H,identity_70_lt95,90.2,2,6HV7-H,412.0,0.922,92.2,1.94e-148,,,,,225,244,226
1AGR-E,identity_ge95,100.0,1,1EZY-A,306.0,0.7559999999999999,75.6,3.97e-108,,,,,155,205,166
6ASO-C,identity_40_lt50,43.0,3,1JBM-A,53.5,0.794,79.4,4.31e-11,,,,,79,97,86
3OVQ-A,identity_50_lt70,51.9,1,4NU7-A,219.0,0.9209999999999999,92.1,2.2e-72,,,,,216,228,246
4O46-A,identity_50_lt70,65.8,3,5LHO-A,285.0,0.91,91.0,1.3e-97,,,,,234,256,253
5MHB-A,identity_40_lt50,46.1,2,1W1Z-A,277.0,0.988,98.8,2.69e-92,,,,,321,324,328
3Q6L-A,identity_50_lt70,64.1,1,4A60-A,181.0,0.862,86.2,7.16e-60,,,,,131,152,154
5MHL-A,identity_30_lt40,34.5,1,1G0D-A,397.0,0.907,90.7,1.37e-128,,,,,682,738,695
1UIA-A,identity_ge95,98.4,2,4WG1-A,270.0,1.0,100.0,2.68e-95,,,,,129,127,147
5SVA-a,identity_70_lt95,80.7,1,5OQM-2,811.0,1.0,100.0,1.62e-296,,,,,553,513,553
3CDY-A,identity_70_lt95,86.8,8,4L1H-A,189.0,0.972,97.2,2.58e-64,,,,,106,109,107
1D7K-A,identity_50_lt70,67.2,2,1NJJ-A,557.0,0.9620000000000001,96.2,1.05e-199,,,,,405,421,425
2NVU-C,identity_40_lt50,43.5,1,3O2U-A,143.0,0.861,86.1,6.23e-44,,,,,161,180,190
2VIG-A,identity_50_lt70,52.3,6,5OL2-C,364.0,0.9490000000000001,94.9,7.03e-125,,,,,371,391,378
2IIF-A,identity_ge95,98.9,3,1IHF-A,180.0,0.451,45.1,3.49e-59,,,,,92,204,99
4YF0-A,identity_50_lt70,58.9,1,1HUU-A,104.0,0.9890000000000001,98.9,2.55e-31,,,,,90,91,90
1TFP-A,identity_50_lt70,62.8,1,6GNM-A,170.0,0.992,99.2,4.29e-56,,,,,129,130,135
1XFB-A,identity_70_lt95,83.7,1,6MWQ-A,562.0,0.9229999999999999,92.3,2.01e-201,,,,,337,365,493
4M6W-B,identity_70_lt95,94.0,1,2LYH-A,150.0,0.40399999999999997,40.4,2.67e-47,,,,,84,208,98
5OQJ-1,identity_70_lt95,75.8,1,5OQM-1,491.0,1.0,100.0,8.91e-169,,,,,641,641,510
6CP3-7,no_retained_hit,,0,,,,,,,,,,,,
5Q0C-A,identity_70_lt95,76.6,2,2F3D-A,528.0,0.9940000000000001,99.4,6.87e-191,,,,,337,339,338
4KRC-A,identity_50_lt70,57.0,1,1V0B-A,323.0,0.915,91.5,2.7e-111,,,,,291,317,288
5N47-A,identity_lt30,25.7,2,3MBT-A,45.8,0.9570000000000001,95.7,1.23e-06,,,,,183,188,168
4GMJ-B,identity_ge95,100.0,1,2D5R-A,520.0,0.884,88.4,3.82e-190,,,,,252,285,252
3HOF-A,identity_50_lt70,68.7,1,1UIZ-A,171.0,0.935,93.5,8.55e-57,,,,,115,123,115
5DJ4-A,no_retained_hit,,0,,,,,,,,,,,,
5N9J-G,no_retained_hit,,0,,,,,,,,,,,,
1O8B-A,identity_70_lt95,74.9,3,3ENV-A,317.0,0.982,98.2,5.83e-111,,,,,215,219,235
4LWO-B,identity_30_lt40,32.4,1,5DST-A,130.0,0.8340000000000001,83.4,6.45e-35,,,,,309,368,332
5LZ5-A,identity_30_lt40,30.9,1,5YAL-A,56.6,0.402,40.2,4.97e-09,,,,,162,388,342
6ID1-L,no_retained_hit,,0,,,,,,,,,,,,
2QTY-A,identity_50_lt70,62.8,1,6HOZ-A,410.0,0.991,99.1,4.92e-144,,,,,347,347,350
4WMQ-A,no_retained_hit,,0,,,,,,,,,,,,
6HHQ-G,identity_ge95,100.0,3,4V4B-AG,282.0,0.667,66.7,1.39e-98,,,,,150,225,150
5ZWN-y,identity_40_lt50,44.7,1,5DTU-A,353.0,0.7240000000000001,72.4,1.74e-116,,,,,447,588,475
2FV8-A,identity_70_lt95,72.2,2,5ZVP-A,258.0,0.85,85.0,1.1e-88,,,,,176,207,181
5MKT-A,identity_ge95,95.2,3,1SMR-A,649.0,0.861,86.1,4.66e-238,,,,,335,389,335
2WW9-C,no_retained_hit,,0,,,,,,,,,,,,
3ONG-B,identity_30_lt40,39.0,4,6MJ9-A,107.0,0.887,88.7,1.73e-30,,,,,141,159,169
4NRE-A,identity_30_lt40,32.7,2,3VF1-A,380.0,0.973,97.3,1.48e-122,,,,,692,696,698
3UX9-A,identity_50_lt70,63.9,3,3OQ3-A,216.0,0.982,98.2,5.91e-73,,,,,166,169,166
3J6B-W,identity_ge95,100.0,1,5MRF-W,231.0,0.612,61.199999999999996,1.39e-79,,,,,112,183,112
6QDV-c,no_retained_hit,,0,,,,,,,,,,,,
3QBD-A,identity_30_lt40,39.8,4,3OKF-A,209.0,0.9179999999999999,91.8,1.72e-64,,,,,342,368,390
5JCS-f,identity_70_lt95,89.5,2,5IT7-ff,196.0,0.981,98.1,2.82e-67,,,,,105,107,105
3RPN-A,no_retained_hit,,0,,,,,,,,,,,,
3A9Z-A,identity_30_lt40,34.5,2,5WGB-A,204.0,0.951,95.1,2.18e-61,,,,,414,432,426
3EL3-A,identity_lt30,25.1,2,4R20-A,112.0,0.925,92.5,8.21e-27,,,,,455,467,486
6HUO-B,identity_70_lt95,83.9,3,5O8F-A,544.0,0.67,67.0,1.36e-194,,,,,317,473,367
5JUS-JB,identity_70_lt95,88.7,3,5DGF-C2,224.0,0.993,99.3,4.27e-77,,,,,142,143,142
1YCK-A,identity_70_lt95,75.4,3,3UMQ-A,288.0,0.977,97.7,2.95e-101,,,,,171,175,171
2BCJ-Q,identity_40_lt50,48.4,2,1ZCA-A,335.0,0.997,99.7,3.05e-114,,,,,366,353,359
6G5I-y,no_retained_hit,,0,,,,,,,,,,,,
5LHD-A,identity_70_lt95,78.8,1,5LG6-A,1510.0,0.9990000000000001,99.9,0.0,,,,,951,950,968
2L7B-A,identity_ge95,100.0,1,1NFN-A,201.0,0.622,62.2,7.28e-65,,,,,191,307,191
3IB8-A,identity_ge95,99.6,1,2HYP-A,550.0,0.836,83.6,8.39e-201,,,,,276,330,280
1XCD-A,identity_50_lt70,57.0,1,2FT3-A,307.0,1.0,100.0,5.92e-104,,,,,330,329,332
3JRO-A,identity_ge95,100.0,2,3BG0-B,847.0,0.568,56.8,3.35e-308,,,,,428,753,442
5VCM-A,no_retained_hit,,0,,,,,,,,,,,,
6AT4-A,identity_70_lt95,77.2,1,1YLH-A,855.0,0.971,97.1,6.92e-313,,,,,530,546,560
5MS0-M,identity_ge95,99.8,1,5LM7-A,804.0,0.861,86.1,8.94e-296,,,,,428,497,428
5WWN-A,identity_70_lt95,90.6,1,5IW7-A,1257.0,1.0,100.0,0.0,,,,,709,709,704
4ERC-A,identity_40_lt50,43.5,1,3RO1-A,62.8,0.5670000000000001,56.7,2.77e-13,,,,,85,150,161
6E8G-T,identity_ge95,100.0,1,3JC1-Ab,228.0,0.804,80.4,2.95e-77,,,,,160,199,160
5WA8-A,identity_40_lt50,42.7,1,3OJ7-A,100.0,0.8220000000000001,82.2,1.52e-28,,,,,110,129,117
1DUJ-A,no_retained_hit,,0,,,,,,,,,,,,
1O4Z-A,identity_50_lt70,55.7,2,5T9X-A,317.0,0.821,82.1,2.57e-107,,,,,300,346,343
1P4S-A,identity_40_lt50,42.2,1,3SR0-A,154.0,0.9940000000000001,99.4,4.31e-48,,,,,206,181,206
6AGB-I,no_retained_hit,,0,,,,,,,,,,,,
5GRH-B,identity_30_lt40,31.6,3,3TY3-A,140.0,0.932,93.2,1.71e-38,,,,,358,354,366
4V6W-Ab,identity_70_lt95,85.4,3,5K0Y-Y,153.0,0.976,97.6,6.97e-51,,,,,82,84,84
4M8N-E,identity_50_lt70,60.6,3,5WDR-A,203.0,0.8290000000000001,82.9,2.26e-67,,,,,165,199,171
3HXT-A,identity_30_lt40,37.1,4,6HAW-A,48.1,0.345,34.5,2.74e-07,,,,,70,203,438
5WX9-A,identity_70_lt95,70.3,1,3GCC-A,96.7,0.489,48.9,1.02e-27,,,,,64,131,70
5CFZ-A,identity_50_lt70,60.9,4,4M89-A,312.0,0.843,84.3,1.75e-107,,,,,258,305,261
5HIA-A,identity_70_lt95,80.1,1,2VFA-A,340.0,0.9420000000000001,94.2,2.98e-120,,,,,211,224,229
4U85-A,identity_ge95,98.3,1,4TNS-A,230.0,0.669,66.9,9.43e-79,,,,,121,181,151
1QCK-A,no_retained_hit,,0,,,,,,,,,,,,
5ZZM-A,identity_lt30,29.9,1,2QTH-A,113.0,0.6409999999999999,64.1,4.79e-28,,,,,278,426,364
1O5W-A,identity_30_lt40,30.4,6,3RHA-A,189.0,0.8390000000000001,83.9,2.82e-54,,,,,450,534,482
5OQJ-7,identity_70_lt95,90.9,2,5FMF-1,865.0,0.584,58.4,4.29e-313,,,,,492,843,492
3R2W-A,identity_50_lt70,54.3,3,2Q4J-A,478.0,0.858,85.8,3.16e-166,,,,,455,528,469
1ZN9-A,identity_40_lt50,41.3,1,1L1R-A,109.0,0.867,86.7,9.59e-31,,,,,160,180,186
4JZY-A,identity_30_lt40,36.1,1,3FY4-A,329.0,0.935,93.5,5.91e-107,,,,,518,536,537
2WWA-A,identity_30_lt40,30.5,2,3JC2-1,228.0,0.976,97.6,1.96e-69,,,,,486,490,476
3EPJ-A,identity_30_lt40,37.6,1,3D3Q-A,182.0,0.6990000000000001,69.9,4.57e-54,,,,,290,409,340
2M9V-A,no_retained_hit,,0,,,,,,,,,,,,
3GBG-A,identity_lt30,29.8,1,3MKL-A,58.5,0.341,34.1,3.9e-11,,,,,94,276,120
1OCU-A,identity_40_lt50,42.1,2,2CSK-A,89.4,0.772,77.2,1.65e-23,,,,,133,162,146
2ZZ9-A,identity_ge95,96.4,1,3GD8-A,434.0,0.741,74.1,4.85e-156,,,,,223,301,223
4Y99-C,identity_ge95,100.0,2,1J1E-C,324.0,0.852,85.2,5.42e-115,,,,,179,210,180
2Z5F-A,identity_50_lt70,58.8,2,2ZVQ-X,379.0,0.977,97.7,2.29e-133,,,,,291,298,295
6GYM-4,identity_lt30,24.1,1,5NUS-A,83.2,0.68,68.0,2.83e-18,,,,,266,338,303
3JCT-v,identity_ge95,100.0,2,5A53-C,466.0,0.669,66.9,5.32e-168,,,,,230,344,230
3DCY-A,identity_lt30,29.2,1,3D8H-A,48.5,0.7490000000000001,74.9,7.89e-07,,,,,216,275,267
2RD2-A,identity_50_lt70,60.6,2,5BNZ-A,677.0,0.982,98.2,1.02e-242,,,,,551,556,564
5A5K-A,identity_50_lt70,59.5,3,5F05-A,242.0,0.991,99.1,6.45e-82,,,,,210,212,212
2B7C-A,identity_70_lt95,79.6,1,4C0S-A,751.0,0.998,99.8,5.23e-275,,,,,460,458,463
1BEH-A,identity_70_lt95,86.5,2,6ENS-A,353.0,0.9890000000000001,98.9,8.87e-127,,,,,185,187,193
2HW4-A,identity_ge95,100.0,1,2OZX-A,261.0,0.84,84.0,5.83e-92,,,,,121,144,125
3BZH-A,identity_50_lt70,66.4,2,1Z2U-A,204.0,0.737,73.7,2.33e-68,,,,,143,194,150
4NE3-B,identity_70_lt95,71.2,1,3B0B-C,103.0,0.986,98.6,2.01e-31,,,,,73,74,81
2IIK-A,identity_50_lt70,58.7,1,2C7Y-A,432.0,0.919,91.9,9.89e-151,,,,,387,418,404
2C0Y-A,identity_ge95,99.6,2,4P6E-A,473.0,0.708,70.8,3.13e-171,,,,,223,315,230
3HW7-A,identity_70_lt95,83.0,4,3LTV-A,258.0,1.0,100.0,3.3e-90,,,,,153,151,153
3DD5-A,identity_50_lt70,58.5,2,4OYY-A,220.0,0.935,93.5,7.55e-74,,,,,188,201,194
3ONT-A,no_retained_hit,,0,,,,,,,,,,,,
1XBI-A,identity_50_lt70,60.2,1,2FC3-A,130.0,0.95,95.0,9.66e-41,,,,,118,120,124
6GQD-A,identity_lt30,23.6,1,2Q4H-A,67.8,0.774,77.4,1.1e-12,,,,,313,380,351
2LUC-A,identity_70_lt95,89.0,2,1NSH-A,182.0,0.9520000000000001,95.2,1.43e-61,,,,,100,105,101
2RSV-A,identity_50_lt70,56.8,1,5UU1-A,348.0,0.7490000000000001,74.9,3.97e-119,,,,,303,403,324
2PNY-A,identity_50_lt70,64.3,1,2DHO-A,312.0,0.9229999999999999,92.3,7.83e-109,,,,,227,246,235
6BOA-A,no_retained_hit,,0,,,,,,,,,,,,
3M1I-B,identity_ge95,100.0,1,5DHA-B,274.0,0.733,73.3,4.6e-96,,,,,140,191,143
2DSC-A,no_retained_hit,,0,,,,,,,,,,,,
4V8R-AB,identity_50_lt70,66.3,2,4B2T-B,654.0,0.983,98.3,3.14e-234,,,,,519,527,535
6CCI-A,no_retained_hit,,0,,,,,,,,,,,,
6G90-U,identity_lt30,26.2,1,6AHD-v,81.3,0.966,96.6,1.23e-17,,,,,263,266,464
2WIU-B,no_retained_hit,,0,,,,,,,,,,,,
6MZM-L,identity_70_lt95,94.0,1,6F3T-F,213.0,0.439,43.9,4.34e-71,,,,,116,264,116
5KC1-C,no_retained_hit,,0,,,,,,,,,,,,
4H3H-B,identity_50_lt70,60.2,1,6NPW-B,230.0,0.893,89.3,1.69e-77,,,,,191,214,200
3RDD-A,identity_70_lt95,71.9,5,4JJM-A,264.0,0.8909999999999999,89.1,9.49e-92,,,,,171,184,175
5N61-N,identity_40_lt50,44.2,1,3NFF-B,97.1,0.532,53.2,6.37e-26,,,,,129,233,121
5WBU-D,identity_40_lt50,44.2,1,5FVM-C,216.0,0.945,94.5,6.29e-69,,,,,312,328,303
4L4S-H,identity_70_lt95,94.0,3,5NQB-A,629.0,0.976,97.6,9.6e-231,,,,,331,339,332
3O3U-N,identity_ge95,99.2,1,4OZQ-A,742.0,0.642,64.2,2.04e-265,,,,,373,581,720
4V6W-Ca,identity_50_lt70,69.2,2,6HCJ-a3,164.0,0.96,96.0,5.2e-53,,,,,143,149,148
5OA3-0,identity_ge95,100.0,1,5W2F-A,415.0,0.35100000000000003,35.1,1.81e-144,,,,,205,584,206
1JAT-A,identity_40_lt50,40.9,1,1TTE-A,123.0,0.948,94.8,3.51e-36,,,,,149,155,215
5ZWN-W,no_retained_hit,,0,,,,,,,,,,,,
4GDM-A,identity_40_lt50,42.1,1,1R3D-A,179.0,0.888,88.8,7.38e-56,,,,,247,268,264
6AVH-A,identity_50_lt70,50.3,3,4EQ4-A,573.0,0.948,94.8,1.32e-200,,,,,569,595,581
4YND-A,no_retained_hit,,0,,,,,,,,,,,,
4GDY-A,identity_30_lt40,32.0,1,6HNB-A,230.0,0.879,87.9,1.29e-70,,,,,444,439,491
3J1N-K,identity_50_lt70,56.8,1,6J4X-K,140.0,0.983,98.3,8.94e-45,,,,,118,120,118
6Q97-5,identity_40_lt50,46.0,1,3IYR-B,105.0,0.862,86.2,4.99e-30,,,,,126,145,149
7PCK-A,identity_ge95,99.6,2,5JA7-A,470.0,0.71,71.0,3.85e-170,,,,,223,314,223
4EGC-A,identity_ge95,99.5,2,4OZQ-A,738.0,0.662,66.2,4.12e-264,,,,,370,559,720
5T2C-F,identity_70_lt95,91.8,1,5LZS-C,717.0,1.0,100.0,6.6e-263,,,,,428,427,425
1G81-A,no_retained_hit,,0,,,,,,,,,,,,
5T0I-L,identity_30_lt40,36.9,2,5FMG-C,112.0,0.743,74.3,4.7e-30,,,,,203,268,246
6NU3-p,identity_70_lt95,81.1,1,4CE4-u,340.0,1.0,100.0,4.43e-121,,,,,206,206,205
3WEU-A,no_retained_hit,,0,,,,,,,,,,,,
5H3O-A,identity_lt30,24.6,1,5V4S-A,148.0,0.545,54.50000000000001,2.23e-38,,,,,422,738,465
5UX4-A,identity_70_lt95,84.4,3,4OC6-B,427.0,0.579,57.9,2.4e-151,,,,,243,420,243
5UOW-A,identity_ge95,97.5,1,5UN1-G,859.0,0.544,54.400000000000006,4.25e-312,,,,,443,814,451
1WLJ-A,identity_30_lt40,33.8,1,5Z9X-A,76.3,0.836,83.6,1.02e-16,,,,,160,189,409
2IS4-A,identity_40_lt50,42.1,2,2PJR-A,407.0,0.787,78.7,3.07e-135,,,,,537,680,548
5WVI-Z,no_retained_hit,,0,,,,,,,,,,,,
2I2W-A,identity_70_lt95,78.9,1,1X94-A,305.0,0.8959999999999999,89.6,2.51e-107,,,,,190,212,191
2QJL-A,identity_40_lt50,45.4,2,1WGK-A,82.4,0.97,97.0,4.36e-22,,,,,97,99,114
3GZN-I,identity_50_lt70,57.9,1,3J7R-Sf,90.5,0.927,92.7,4.5e-25,,,,,76,82,156
1P9O-A,identity_30_lt40,38.8,1,6AI8-A,168.0,0.8690000000000001,86.9,1.43e-49,,,,,291,313,371
4IP8-A,no_retained_hit,,0,,,,,,,,,,,,
4H3S-A,no_retained_hit,,0,,,,,,,,,,,,
4YMK-A,identity_70_lt95,86.6,1,4ZYO-A,579.0,0.9259999999999999,92.6,1.83e-211,,,,,314,339,318
4QR8-A,identity_50_lt70,52.4,3,3RVA-A,476.0,0.993,99.3,6.5e-167,,,,,443,443,451
4EL1-A,identity_ge95,100.0,1,3UEM-A,687.0,0.7120000000000001,71.2,3.92e-251,,,,,343,482,361
3VH2-A,identity_ge95,100.0,2,3T7E-A,646.0,0.528,52.800000000000004,8.55e-233,,,,,325,616,344
5FNP-A,no_retained_hit,,0,,,,,,,,,,,,
6F4A-A,identity_lt30,25.3,4,5XGU-B,73.2,0.39799999999999996,39.8,2.16e-13,,,,,352,832,645
2OJW-A,identity_50_lt70,56.6,2,4IS4-A,408.0,0.88,88.0,2.93e-142,,,,,341,384,378
1W6K-A,identity_lt30,24.6,1,1UMP-A,147.0,0.883,88.3,3e-37,,,,,658,732,631
1FEP-A,identity_50_lt70,56.7,2,5FP2-A,772.0,0.985,98.5,7.38e-275,,,,,720,724,725
4E0I-A,identity_ge95,99.1,1,3W4Y-A,256.0,0.619,61.9,4.05e-89,,,,,117,189,120
4GWQ-E,no_retained_hit,,0,,,,,,,,,,,,
2RKN-A,no_retained_hit,,0,,,,,,,,,,,,
4LRU-A,identity_50_lt70,51.9,1,3KKL-A,257.0,0.9670000000000001,96.7,6.14e-87,,,,,231,239,244
4UG0-Lr,identity_30_lt40,31.3,1,4V4N-BR,43.1,0.934,93.4,2.68e-06,,,,,131,137,113
4QAF-A,identity_40_lt50,40.8,1,4RUN-A,96.7,0.9279999999999999,92.8,2.51e-26,,,,,142,152,161
2B76-A,identity_40_lt50,42.0,3,2WDR-A,400.0,0.955,95.5,4.68e-133,,,,,600,602,588
1JUO-A,identity_ge95,100.0,1,5MRA-A,346.0,0.838,83.8,6.2e-124,,,,,166,198,167
1AUA-A,identity_lt30,26.7,1,3W67-A,71.2,0.7909999999999999,79.1,1.68e-14,,,,,247,296,266
3BJE-A,identity_lt30,22.5,1,1ODL-A,76.3,0.903,90.3,3.34e-16,,,,,315,349,235
4BC2-A,identity_lt30,24.2,1,3I8B-A,64.7,0.8959999999999999,89.6,3.83e-11,,,,,529,538,515
6QVC-B,identity_40_lt50,44.0,1,5TR1-A,454.0,0.56,56.00000000000001,9.73e-148,,,,,568,988,671
4V6W-Cc,identity_70_lt95,81.5,1,6EK0-Lc,175.0,0.973,97.3,1.11e-58,,,,,108,111,115
6EM3-J,no_retained_hit,,0,,,,,,,,,,,,
1Q67-A,identity_50_lt70,58.9,1,5LON-B,234.0,0.9570000000000001,95.7,9.15e-79,,,,,224,231,188
6N3Q-F,no_retained_hit,,0,,,,,,,,,,,,
1MG5-A,identity_70_lt95,82.9,1,1B15-A,421.0,0.988,98.8,3.65e-151,,,,,252,255,254
5G04-X,no_retained_hit,,0,,,,,,,,,,,,
5MRF-E,identity_30_lt40,39.0,10,1VY7-BG,92.4,0.562,56.2,4.62e-23,,,,,154,274,182
5NX2-A,identity_70_lt95,90.3,2,5VAI-R,740.0,0.955,95.5,2.14e-271,,,,,403,422,461
1SIR-A,identity_50_lt70,66.0,1,3GNC-A,493.0,0.982,98.2,3.57e-175,,,,,391,394,399
3H4Z-A,identity_ge95,98.4,1,4OZQ-A,730.0,0.653,65.3,8.89e-261,,,,,371,568,720
6FEC-6,identity_ge95,98.9,1,3J8C-K,389.0,0.872,87.2,5e-140,,,,,190,218,208
4X4W-A,identity_30_lt40,33.5,1,3AQL-A,92.8,0.46399999999999997,46.4,9.64e-21,,,,,206,416,415
5VM9-A,no_retained_hit,,0,,,,,,,,,,,,
3QPK-A,identity_70_lt95,75.7,1,3PPS-A,904.0,0.998,99.8,0.0,,,,,563,559,604
4OWR-A,no_retained_hit,,0,,,,,,,,,,,,
2F73-A,identity_40_lt50,41.6,1,2FT9-A,100.0,0.8390000000000001,83.9,3.8e-28,,,,,125,149,125
2Q98-A,identity_40_lt50,45.1,1,1F6F-A,158.0,0.963,96.3,2.18e-49,,,,,184,191,199
2X4D-A,identity_40_lt50,43.2,4,4JWV-A,188.0,0.948,94.8,3.03e-59,,,,,259,271,278
2C0D-A,identity_30_lt40,35.0,1,5OVQ-D,108.0,0.71,71.0,3.19e-29,,,,,160,221,222
5W0C-A,identity_50_lt70,51.0,2,5E58-A,498.0,0.9790000000000001,97.9,1.55e-174,,,,,467,477,493
2R42-A,identity_30_lt40,30.7,1,4HAC-B,112.0,0.9159999999999999,91.6,2.82e-28,,,,,365,395,321
3WTF-A,identity_ge95,100.0,1,3WTD-A,333.0,0.816,81.6,9.5e-119,,,,,168,206,168
2RKB-A,identity_40_lt50,42.8,1,5C3U-A,225.0,0.9590000000000001,95.9,1.01e-71,,,,,311,318,366
1ZD8-A,identity_70_lt95,92.5,1,2AK3-A,424.0,0.996,99.6,1.84e-153,,,,,226,227,226
3IHJ-A,identity_40_lt50,43.9,1,3TCM-A,418.0,0.956,95.6,1.64e-142,,,,,483,498,500
1SAV-A,identity_50_lt70,58.0,6,1I4A-A,352.0,0.981,98.1,4.97e-122,,,,,314,320,318
5V8F-A,identity_lt30,29.2,1,5UJM-A,185.0,0.504,50.4,2.85e-50,,,,,462,913,522
4BKX-B,identity_ge95,100.0,1,5ICN-B,790.0,0.78,78.0,2.99e-291,,,,,376,482,376
2KR0-A,identity_ge95,100.0,2,4UEM-B,235.0,0.302,30.2,1.19e-77,,,,,124,411,127
4XZS-A,identity_ge95,100.0,3,5W0U-B,740.0,0.8320000000000001,83.2,1.42e-269,,,,,371,446,549
5DO7-A,identity_lt30,29.9,1,5X5Y-B,77.0,0.324,32.4,7.73e-16,,,,,224,666,247
5ZQZ-B,identity_30_lt40,30.5,1,3SVK-A,127.0,0.753,75.3,1.49e-32,,,,,380,474,407
5CX3-A,identity_50_lt70,59.6,2,5AZH-A,147.0,0.9420000000000001,94.2,2.31e-47,,,,,114,121,128
5L6W-C,identity_70_lt95,70.3,1,1AK7-A,227.0,0.988,98.8,1.94e-77,,,,,165,167,174
3RCZ-B,identity_40_lt50,44.4,3,6MJ9-A,125.0,0.883,88.3,2.33e-37,,,,,144,163,169
2ESB-A,identity_50_lt70,50.9,1,2WGP-A,196.0,0.9309999999999999,93.1,1.06e-64,,,,,175,188,190
1MJC-A,identity_50_lt70,60.0,2,5XV9-A,84.3,0.9279999999999999,92.8,6.88e-24,,,,,65,69,68
5YFG-A,no_retained_hit,,0,,,,,,,,,,,,
3NE4-A,identity_ge95,99.1,1,1QMB-A,632.0,0.774,77.4,1.34e-230,,,,,328,424,326
2IE7-A,identity_50_lt70,57.1,6,1I4A-A,353.0,0.997,99.7,1.14e-122,,,,,317,318,318
2H8H-A,identity_ge95,99.6,1,6F3F-A,926.0,0.843,84.3,0.0,,,,,451,535,455
5V5F-A,no_retained_hit,,0,,,,,,,,,,,,
6QUL-W,identity_50_lt70,57.8,1,5IZN-A,115.0,0.9570000000000001,95.7,2.56e-35,,,,,90,94,95
3ZZR-A,no_retained_hit,,0,,,,,,,,,,,,
1U97-A,no_retained_hit,,0,,,,,,,,,,,,
2IST-A,identity_30_lt40,32.9,1,1V9K-A,100.0,0.7020000000000001,70.2,2.39e-25,,,,,231,325,228
6FEC-u,no_retained_hit,,0,,,,,,,,,,,,
4V6W-CS,identity_50_lt70,68.8,2,3J92-S,248.0,0.9940000000000001,99.4,1.31e-84,,,,,176,177,224
6HKW-A,no_retained_hit,,0,,,,,,,,,,,,
6C23-K,identity_70_lt95,91.4,1,5LS6-A,1357.0,1.0,100.0,0.0,,,,,746,746,695
3FVS-A,identity_50_lt70,53.6,1,2ZJG-A,473.0,0.976,97.6,1.18e-166,,,,,412,422,410
5UDI-A,identity_ge95,100.0,1,4HOU-A,552.0,0.57,56.99999999999999,3.47e-199,,,,,273,479,273
4V6W-Ch,identity_50_lt70,65.9,1,3J92-h,137.0,1.0,100.0,1.93e-43,,,,,123,123,123
5ELG-A,identity_70_lt95,73.6,1,5N9U-A,324.0,0.9590000000000001,95.9,4.48e-114,,,,,212,221,218
5KZW-A,identity_40_lt50,44.3,3,3L4Y-A,715.0,0.987,98.7,5.5e-248,,,,,883,874,875
1HDN-A,identity_40_lt50,48.8,1,3LFG-A,71.2,0.9179999999999999,91.8,4e-18,,,,,80,85,96
1TG6-A,identity_ge95,99.5,2,6H23-A,428.0,0.7979999999999999,79.8,4.53e-154,,,,,221,277,229
2C4P-A,identity_70_lt95,89.1,1,1Z2U-A,288.0,0.8909999999999999,89.1,9.58e-102,,,,,147,165,150
1WL4-A,identity_30_lt40,38.9,1,2C7Y-A,239.0,0.985,98.5,1.5e-75,,,,,401,397,404
5M4S-A,identity_ge95,99.0,2,6MZM-X,187.0,0.46399999999999997,46.4,3.58e-62,,,,,97,209,97
5YH2-A,identity_30_lt40,37.8,1,5XOM-A,213.0,0.7240000000000001,72.4,6.94e-65,,,,,347,467,393
2PSW-A,identity_lt30,23.1,1,4PV6-C,49.3,0.765,76.5,4.75e-08,,,,,130,170,162
2PYW-A,identity_30_lt40,36.0,1,2PUP-A,244.0,0.971,97.1,2.86e-77,,,,,414,420,397
3J8B-L,identity_ge95,99.0,1,5A5T-L,1004.0,0.9540000000000001,95.4,0.0,,,,,515,540,564
6N3Q-E,identity_30_lt40,30.3,1,2LUU-A,71.2,0.7090000000000001,70.9,1.06e-15,,,,,152,206,127
5TEY-A,identity_ge95,99.6,1,5L6E-A,486.0,0.38,38.0,4.19e-172,,,,,227,598,227
4M6R-A,identity_lt30,25.6,1,3PQV-A,77.4,0.879,87.9,1.22e-17,,,,,199,224,365
1PZS-A,identity_50_lt70,68.5,2,6ADQ-Y,286.0,1.0,100.0,4.09e-99,,,,,216,208,236
1AI3-A,identity_70_lt95,79.0,3,5M2E-A,679.0,0.993,99.3,5.58e-248,,,,,414,416,418
3L4G-B,identity_30_lt40,30.8,1,2CXI-A,164.0,0.635,63.5,1.24e-45,,,,,380,589,348
5BQH-A,no_retained_hit,,0,,,,,,,,,,,,
5HP5-A,no_retained_hit,,0,,,,,,,,,,,,
5LJ5-S,no_retained_hit,,0,,,,,,,,,,,,
5EPZ-A,identity_70_lt95,90.2,1,1GV7-A,228.0,1.0,100.0,2.68e-79,,,,,122,120,123
6MZC-I,identity_30_lt40,36.6,1,6HQA-D,211.0,0.56,56.00000000000001,6.25e-61,,,,,396,677,485
3WBG-A,identity_70_lt95,88.6,1,1BWY-A,239.0,0.863,86.3,3.66e-83,,,,,132,153,132
3P0E-A,identity_50_lt70,65.4,1,3KUK-A,396.0,0.973,97.3,7.35e-140,,,,,289,297,309
5JR8-A,identity_lt30,19.5,1,3KFG-A,43.9,0.882,88.2,4.81e-06,,,,,159,178,162
4OOQ-A,identity_50_lt70,66.2,2,5VJY-A,186.0,0.8370000000000001,83.7,1.89e-61,,,,,139,166,155
2L9C-A,identity_70_lt95,80.9,2,3KFG-A,271.0,0.92,92.0,1.14e-94,,,,,162,176,162
5WMH-A,identity_40_lt50,44.2,5,1J32-A,321.0,0.836,83.6,1.33e-106,,,,,398,475,388
3F1R-A,identity_70_lt95,83.4,1,1G82-A,288.0,0.7440000000000001,74.4,8.38e-101,,,,,157,211,160
1EOT-A,identity_40_lt50,43.9,2,4MHE-A,47.0,0.77,77.0,5.01e-09,,,,,57,74,70
5C7X-A,identity_ge95,100.0,2,5D72-A,255.0,0.976,97.6,9.64e-90,,,,,124,127,141
3ZNC-A,identity_30_lt40,36.0,3,4LU3-A,137.0,0.934,93.4,2.09e-39,,,,,253,258,279
5LD2-D,identity_lt30,28.2,1,3GP8-A,143.0,0.898,89.8,1.35e-36,,,,,560,609,574
3CMI-A,identity_40_lt50,46.9,1,2VUP-A,143.0,0.83,83.0,6.42e-44,,,,,143,171,190
5W0W-C,identity_40_lt50,44.3,2,5JJT-A,209.0,0.778,77.8,1.86e-64,,,,,246,311,479
4RP8-A,identity_50_lt70,63.0,1,5ZOV-A,580.0,0.9890000000000001,98.9,1.79e-207,,,,,465,465,465
5LOL-A,identity_70_lt95,77.5,2,5N9U-A,341.0,0.991,99.1,4.96e-121,,,,,213,215,218
5UWI-A,identity_ge95,100.0,2,5CLL-A,393.0,0.8059999999999999,80.6,1.23e-141,,,,,191,237,191
5LXQ-B,identity_ge95,99.4,2,1XM2-A,353.0,0.883,88.3,1.27e-126,,,,,173,196,173
4X2Q-A,identity_70_lt95,74.0,4,5AC0-A,772.0,0.978,97.8,7.88e-282,,,,,493,504,501
4U56-N4,identity_30_lt40,35.2,2,4V8M-BY,62.4,0.6709999999999999,67.1,2.11e-13,,,,,108,155,125
5ZM8-A,no_retained_hit,,0,,,,,,,,,,,,
5XGS-A,no_retained_hit,,0,,,,,,,,,,,,
1JNE-A,identity_30_lt40,30.7,6,5Y29-A,185.0,0.993,99.3,7.4e-55,,,,,420,420,377
4LG1-A,no_retained_hit,,0,,,,,,,,,,,,
5V8F-9,identity_lt30,27.6,3,4XGC-A,90.1,0.5589999999999999,55.89999999999999,1.28e-19,,,,,297,513,393
1PV1-A,identity_40_lt50,44.3,3,3I6Y-A,226.0,0.96,96.0,2.95e-73,,,,,287,299,280
1ISF-A,identity_30_lt40,36.1,1,3I9N-A,173.0,0.932,93.2,1.59e-53,,,,,249,265,262
5ZWO-1,identity_50_lt70,54.5,1,6EN4-C,831.0,0.872,87.2,3.85e-292,,,,,849,971,852
5T7H-A,identity_70_lt95,86.1,2,6C4W-A,197.0,0.991,99.1,1.21e-67,,,,,108,109,109
3LQ3-A,identity_40_lt50,41.7,1,1NW1-A,273.0,0.873,87.3,3.48e-88,,,,,384,401,429
5OLB-A,identity_40_lt50,47.5,1,5GZ5-A,745.0,0.9420000000000001,94.2,1.08e-260,,,,,821,844,830
6MI7-C,identity_70_lt95,82.7,1,6MIT-C,330.0,0.9179999999999999,91.8,6.23e-117,,,,,191,208,195
4XB6-C,no_retained_hit,,0,,,,,,,,,,,,
5FLX-D,identity_ge95,100.0,3,1WH9-A,154.0,0.325,32.5,1.52e-48,,,,,79,243,92
2XZ3-A,identity_ge95,99.2,1,4OZQ-A,746.0,0.81,81.0,6.48e-269,,,,,375,463,720
1HSZ-A,identity_70_lt95,86.4,2,1EE2-A,657.0,1.0,100.0,6.7e-241,,,,,374,374,373
2R5G-A,identity_50_lt70,69.9,1,5Y7I-A,350.0,0.996,99.6,3.52e-123,,,,,246,247,261
2I6B-A,identity_50_lt70,50.9,3,3LOO-A,345.0,0.997,99.7,3.23e-118,,,,,346,345,365
5KWY-C,identity_70_lt95,80.5,1,1NEP-A,230.0,0.9620000000000001,96.2,6.98e-80,,,,,128,133,130
3AQ4-A,identity_70_lt95,85.6,3,5UF8-A,323.0,0.9840000000000001,98.4,4.01e-115,,,,,181,184,181
1EXW-A,identity_70_lt95,94.2,1,3GRO-A,551.0,0.996,99.6,7.35e-202,,,,,278,279,298
4I2W-A,no_retained_hit,,0,,,,,,,,,,,,
2H31-A,identity_50_lt70,60.3,1,4JA0-A,488.0,0.972,97.2,2.69e-172,,,,,413,425,425
1ZFS-A,identity_50_lt70,61.1,1,5HYD-A,107.0,0.968,96.8,4.36e-32,,,,,90,93,99
5KAR-A,identity_30_lt40,39.7,1,5FCB-A,337.0,0.96,96.0,5.43e-113,,,,,413,427,433
5MC5-A,identity_30_lt40,33.2,2,5WZE-A,214.0,0.973,97.3,1.5e-64,,,,,482,478,452
4CVS-A,identity_50_lt70,65.6,3,2FKZ-A,206.0,0.9690000000000001,96.9,1.25e-69,,,,,154,159,155
2PI2-A,no_retained_hit,,0,,,,,,,,,,,,
1MOZ-A,identity_50_lt70,55.5,1,2B6H-A,200.0,0.945,94.5,4.02e-66,,,,,173,183,192
4BAI-A,identity_40_lt50,45.1,1,1Q1L-A,296.0,0.953,95.3,1.83e-97,,,,,397,407,401
2J91-A,identity_70_lt95,71.0,1,5V4L-A,643.0,0.9279999999999999,92.8,2.14e-231,,,,,469,503,479
2FBQ-A,identity_30_lt40,36.5,1,6EL2-A,47.8,0.302,30.2,6.12e-07,,,,,74,235,196
4WBH-A,no_retained_hit,,0,,,,,,,,,,,,
5L46-A,identity_lt30,29.3,1,1PJ5-A,352.0,0.956,95.6,9.01e-109,,,,,834,841,830
6MHU-A,identity_70_lt95,74.7,1,6MJP-A,365.0,0.96,96.0,2.37e-129,,,,,241,251,241
4WHV-B,identity_40_lt50,46.1,1,2PWQ-A,132.0,0.956,95.6,1.5e-39,,,,,154,160,216
1ZN0-A,identity_50_lt70,59.5,2,1Y69-8,162.0,1.0,100.0,3.77e-52,,,,,185,185,113
4WWA-A,identity_30_lt40,33.3,1,3ENH-A,92.8,0.797,79.7,1.41e-21,,,,,210,261,540
6GYP-E,no_retained_hit,,0,,,,,,,,,,,,
3UC3-A,identity_70_lt95,83.8,2,5WAX-A,545.0,0.856,85.6,1.66e-197,,,,,309,361,310
5U0S-H,no_retained_hit,,0,,,,,,,,,,,,
3MP6-A,identity_ge95,99.7,1,4OZQ-A,747.0,0.713,71.3,3.22e-268,,,,,372,522,720
6HIV-DE,no_retained_hit,,0,,,,,,,,,,,,
4LDQ-A,identity_40_lt50,46.5,3,2A0U-A,271.0,0.935,93.5,8.84e-89,,,,,353,369,383
1G3N-A,identity_30_lt40,34.1,5,4O2Z-A,150.0,0.8959999999999999,89.6,1.3e-42,,,,,305,326,377
5M5W-M,identity_ge95,99.1,1,3NFI-A,437.0,0.561,56.10000000000001,2.56e-155,,,,,233,415,237
4V6W-CV,identity_70_lt95,88.6,7,5LZX-V,249.0,1.0,100.0,4.37e-87,,,,,140,140,140
1FMT-A,identity_70_lt95,75.8,2,3R8X-A,491.0,1.0,100.0,7.29e-177,,,,,314,314,318
5SVA-T,identity_70_lt95,94.7,1,5OQM-h,514.0,1.0,100.0,5.87e-187,,,,,300,284,300
6D9H-A,identity_50_lt70,65.6,2,1SHZ-A,441.0,0.941,94.1,4.67e-156,,,,,340,355,340
3LXA-A,identity_30_lt40,34.2,1,1T0O-A,187.0,0.809,80.9,3.32e-55,,,,,380,404,417
1UKY-A,identity_lt30,26.3,1,5X6J-A,92.0,0.877,87.7,2.65e-23,,,,,209,203,217
2ZAE-A,identity_ge95,100.0,2,1V76-A,201.0,0.7559999999999999,75.6,1.01e-68,,,,,96,127,96
5C18-A,identity_ge95,99.8,2,3HU1-A,943.0,0.611,61.1,0.0,,,,,480,785,489
4MVL-A,identity_lt30,24.6,2,3MBT-A,43.9,0.9570000000000001,95.7,5.92e-06,,,,,183,188,168
1P94-A,no_retained_hit,,0,,,,,,,,,,,,
3D9S-A,identity_50_lt70,67.6,1,4NEF-A,319.0,0.895,89.5,3.92e-111,,,,,238,266,242
2L0P-A,identity_50_lt70,58.7,1,5HYD-A,105.0,0.9790000000000001,97.9,1.3e-31,,,,,92,94,99
4UYJ-A,identity_ge95,95.9,2,4UE5-E,144.0,0.8590000000000001,85.9,1.75e-47,,,,,73,85,74
1Z68-A,identity_50_lt70,53.6,1,2AJB-A,825.0,0.9990000000000001,99.9,1.64e-295,,,,,726,719,728
5OQM-f,no_retained_hit,,0,,,,,,,,,,,,
3JVU-A,identity_50_lt70,51.5,5,5ZFQ-A,338.0,0.955,95.5,5.76e-115,,,,,342,356,390
5W66-P,no_retained_hit,,0,,,,,,,,,,,,
3HL2-A,identity_70_lt95,90.2,1,3BC8-A,827.0,0.8959999999999999,89.6,1.23e-304,,,,,449,501,450
1ECF-A,identity_40_lt50,40.6,1,1AO0-A,303.0,0.929,92.9,2.29e-98,,,,,471,504,459
4D10-E,identity_ge95,100.0,1,4F7O-A,520.0,0.769,76.9,3.23e-189,,,,,257,334,257
6HB9-A,identity_70_lt95,89.7,1,3M95-A,213.0,0.899,89.9,2.57e-73,,,,,116,129,125
1SXJ-C,identity_30_lt40,39.1,1,1IQP-A,233.0,0.915,91.5,9.4e-75,,,,,312,340,327
5X3F-B,identity_70_lt95,93.4,1,5N23-A,655.0,0.875,87.5,7.59e-240,,,,,348,393,352
1YVL-A,no_retained_hit,,0,,,,,,,,,,,,
3FCX-A,identity_50_lt70,52.3,1,4B6G-A,298.0,0.9890000000000001,98.9,6.47e-102,,,,,279,282,283
3GC3-A,identity_70_lt95,78.9,2,5TV1-A,635.0,1.0,100.0,2.11e-231,,,,,393,385,393
3FM7-A,identity_50_lt70,69.8,2,5WI4-A,165.0,0.955,95.5,3.73e-54,,,,,106,111,145
5LZY-jj,identity_40_lt50,43.9,5,1R5O-A,351.0,0.618,61.8,3.5e-114,,,,,444,710,467
3C3W-A,identity_ge95,100.0,2,3C57-A,143.0,0.32899999999999996,32.9,1.6e-44,,,,,74,225,95
6FRV-A,identity_ge95,100.0,1,3EQA-A,931.0,0.763,76.3,0.0,,,,,470,616,470
4CZT-A,identity_40_lt50,43.9,4,3H4J-B,246.0,0.565,56.49999999999999,3.1e-78,,,,,262,464,336
5SV0-B,no_retained_hit,,0,,,,,,,,,,,,
1PJL-A,identity_50_lt70,57.8,3,1GQ2-A,669.0,0.9490000000000001,94.9,4.59e-239,,,,,554,584,555
1BJO-A,identity_70_lt95,89.2,1,3QM2-A,669.0,1.0,100.0,1.17e-245,,,,,360,360,386
5XF8-3,identity_30_lt40,33.7,2,4FDG-B,299.0,0.644,64.4,3.46e-89,,,,,652,997,692
6HOJ-A,identity_70_lt95,91.1,1,3M95-A,209.0,0.882,88.2,1.6e-71,,,,,112,127,125
5IKK-A,identity_30_lt40,38.7,2,5TD7-A,274.0,0.583,58.3,6.41e-83,,,,,388,657,678
3FSL-A,identity_50_lt70,59.4,2,4WD2-A,468.0,1.0,100.0,4.07e-165,,,,,397,397,408
5YFP-F,no_retained_hit,,0,,,,,,,,,,,,
3DXR-A,no_retained_hit,,0,,,,,,,,,,,,
3ZLB-A,identity_50_lt70,64.5,2,4DG5-A,476.0,0.997,99.7,1.62e-168,,,,,397,398,403
4QQR-A,no_retained_hit,,0,,,,,,,,,,,,
3BH7-B,no_retained_hit,,0,,,,,,,,,,,,
5MPC-8,identity_ge95,99.8,1,1VJV-A,786.0,0.8059999999999999,80.6,8.53e-289,,,,,402,499,415
6N88-C,identity_70_lt95,80.8,2,5NL0-Z,175.0,0.619,61.9,4.91e-56,,,,,120,194,196
1CK7-A,identity_ge95,100.0,3,1RTG-A,379.0,0.33299999999999996,33.3,7.09e-130,,,,,210,631,210
3GHG-C,identity_ge95,100.0,3,1N8E-C,679.0,0.7879999999999999,78.8,1.36e-249,,,,,324,411,324
1YB5-A,identity_30_lt40,31.9,3,3SLK-A,102.0,0.607,60.699999999999996,6.02e-24,,,,,213,351,795
4Z0H-O,identity_70_lt95,86.8,3,3E5R-O,590.0,0.997,99.7,2.32e-215,,,,,333,334,337
5XJC-J,no_retained_hit,,0,,,,,,,,,,,,
3U9S-B,identity_50_lt70,69.2,1,4Q0G-A,694.0,0.895,89.5,8.18e-250,,,,,497,555,529
4ORC-A,identity_40_lt50,40.2,2,1S70-A,218.0,0.47600000000000003,47.6,1.91e-66,,,,,259,544,330
5VAQ-A,identity_ge95,99.8,2,5WI9-A,967.0,0.479,47.9,0.0,,,,,457,954,470
6DDQ-A,identity_30_lt40,31.9,1,4OHF-A,213.0,0.7859999999999999,78.6,9.4e-63,,,,,477,579,470
1PIL-A,identity_70_lt95,75.0,5,1HWU-A,171.0,1.0,100.0,7.11e-57,,,,,112,112,112
5D1C-A,identity_40_lt50,42.7,2,4A69-A,308.0,0.8740000000000001,87.4,4.93e-103,,,,,342,389,376
2HVA-A,identity_lt30,29.4,1,1UTJ-A,98.6,0.9740000000000001,97.4,5.44e-26,,,,,187,192,242
6DU8-A,identity_70_lt95,93.5,2,5Z1W-A,1068.0,0.703,70.3,0.0,,,,,566,805,566
1Q2L-A,identity_lt30,23.9,1,1KN3-A,72.4,0.355,35.5,2.72e-13,,,,,335,939,183
4E5Z-B,identity_50_lt70,51.9,1,3EI3-B,419.0,0.8420000000000001,84.2,9.24e-146,,,,,368,436,383
5MRF-L,identity_30_lt40,39.0,3,5HAU-1P,73.2,0.515,51.5,8.52e-17,,,,,123,237,118
3L50-A,identity_70_lt95,92.6,2,4JD2-H,252.0,0.993,99.3,3.4e-88,,,,,135,136,142
5OR2-A,identity_70_lt95,76.2,1,3NEF-A,295.0,0.9840000000000001,98.4,2.24e-103,,,,,193,193,202
2OZB-A,identity_70_lt95,70.5,4,2AIF-A,180.0,0.938,93.8,4.71e-60,,,,,122,130,135
1OHT-A,identity_30_lt40,38.4,5,2F2L-X,120.0,0.758,75.8,7.71e-35,,,,,164,215,167
2LQW-A,identity_50_lt70,57.2,1,2EYZ-A,345.0,0.98,98.0,6.22e-120,,,,,320,303,304
3QPD-A,identity_50_lt70,60.5,1,5X88-A,219.0,0.9890000000000001,98.9,1.05e-73,,,,,185,187,199
4BUM-X,no_retained_hit,,0,,,,,,,,,,,,
1WNB-A,identity_70_lt95,83.5,3,6C43-A,808.0,0.958,95.8,7.79e-297,,,,,474,495,477
2WP9-C,no_retained_hit,,0,,,,,,,,,,,,
3SI0-A,identity_70_lt95,86.6,2,3SI2-A,580.0,0.976,97.6,8.82e-212,,,,,322,330,327
6EM1-o,identity_lt30,29.2,3,1FXL-A,46.2,0.327,32.7,1.31e-06,,,,,72,220,167
6H1E-A,identity_30_lt40,33.8,1,3Q87-B,73.2,0.9329999999999999,93.3,1.58e-16,,,,,195,208,170
5MRE-R,no_retained_hit,,0,,,,,,,,,,,,
3VA2-A,no_retained_hit,,0,,,,,,,,,,,,
1H2T-C,no_retained_hit,,0,,,,,,,,,,,,
2BK5-A,identity_30_lt40,32.9,4,3RHA-A,203.0,0.862,86.2,1.94e-59,,,,,450,520,482
3EYX-A,identity_lt30,28.6,1,5SWC-A,75.5,0.745,74.5,8.96e-17,,,,,175,216,239
6EHO-A,identity_70_lt95,91.3,1,5NNJ-A,1377.0,0.9990000000000001,99.9,0.0,,,,,722,723,732
1S89-A,identity_70_lt95,90.1,1,5H3L-A,281.0,0.993,99.3,3.25e-99,,,,,151,152,151
1P49-A,identity_lt30,24.4,1,5G2V-A,99.8,0.922,92.2,2.86e-22,,,,,578,562,534
3V9H-A,identity_70_lt95,92.0,1,4LGZ-A,1067.0,1.0,100.0,0.0,,,,,566,566,563
1DOL-A,identity_40_lt50,41.9,1,5EKI-A,47.8,0.7659999999999999,76.6,3.4e-09,,,,,62,77,79
5WYJ-MA,identity_50_lt70,65.5,1,2CQJ-A,88.6,0.317,31.7,8.11e-24,,,,,58,183,71
1M9N-A,identity_30_lt40,32.1,1,4A1O-A,237.0,0.956,95.6,7.47e-71,,,,,610,613,523
3TJ1-A,no_retained_hit,,0,,,,,,,,,,,,
3EXI-A,identity_lt30,28.4,1,3DVA-A,117.0,0.8690000000000001,86.9,1.08e-29,,,,,335,382,369
5EKD-A,identity_40_lt50,41.8,3,5DK4-A,250.0,0.945,94.5,1.9e-81,,,,,325,343,329
2Q4P-A,identity_ge95,99.1,1,2OIE-A,219.0,0.629,62.9,4.3e-75,,,,,107,170,111
1ZL3-A,identity_40_lt50,42.1,3,1SGV-A,171.0,0.639,63.9,5.09e-51,,,,,214,327,316
4UI9-S,no_retained_hit,,0,,,,,,,,,,,,
1TAG-A,identity_50_lt70,66.1,2,6G79-A,233.0,0.537,53.7,1.61e-76,,,,,174,324,225
3J81-k,identity_70_lt95,74.9,2,6FEC-S,642.0,0.799,79.9,1.33e-231,,,,,422,527,422
4V75-AD,identity_50_lt70,50.0,3,6CFJ-1d,194.0,1.0,100.0,4.32e-63,,,,,210,206,209
6HV9-B,no_retained_hit,,0,,,,,,,,,,,,
5L13-A,identity_70_lt95,93.6,3,1AG8-A,957.0,0.963,96.3,0.0,,,,,498,517,499
6EZO-E,identity_lt30,23.1,1,6I7T-I,63.5,0.792,79.2,6.87e-11,,,,,415,452,578
7ODC-A,identity_50_lt70,65.6,2,1NJJ-A,551.0,0.9670000000000001,96.7,3.19e-197,,,,,410,424,425
5NQA-A,no_retained_hit,,0,,,,,,,,,,,,
4OBT-A,identity_50_lt70,56.8,1,4MKN-A,273.0,0.965,96.5,1.2e-92,,,,,250,257,270
2PK9-B,no_retained_hit,,0,,,,,,,,,,,,
5XTH-u,identity_70_lt95,91.1,3,5GUP-s,340.0,0.9940000000000001,99.4,6.27e-122,,,,,168,169,172
5LPU-C,identity_ge95,96.7,2,4CFQ-A,174.0,0.875,87.5,1.61e-58,,,,,91,104,91
4V6W-Ae,identity_50_lt70,68.5,2,3J81-e,64.3,0.409,40.9,4.45e-15,,,,,54,132,63
1SXR-A,identity_ge95,100.0,2,1S2J-A,375.0,1.0,100.0,3.85e-135,,,,,183,183,209
2I99-A,identity_70_lt95,88.7,1,4BVA-A,541.0,0.997,99.7,1.99e-196,,,,,311,312,335
2Z98-A,identity_70_lt95,87.0,2,1T5B-A,348.0,1.0,100.0,2.71e-124,,,,,200,200,201
1XDL-A,identity_70_lt95,70.8,1,6MWQ-A,478.0,0.9209999999999999,92.1,2.54e-168,,,,,336,365,493
5IQZ-A,identity_ge95,99.7,1,4OZQ-A,744.0,0.835,83.5,2.4e-268,,,,,370,443,720
6HU9-I,identity_40_lt50,40.0,2,5XTI-AD,47.0,0.758,75.8,3.11e-09,,,,,50,66,62
4V6W-AC,identity_70_lt95,83.9,5,6D90-DD,379.0,0.8390000000000001,83.9,1.19e-134,,,,,224,267,255
3N4X-A,identity_ge95,100.0,1,5V1A-A,240.0,0.642,64.2,5.59e-83,,,,,122,190,122
2BYO-A,identity_30_lt40,30.1,1,4QA8-A,71.6,0.9229999999999999,92.3,1.67e-15,,,,,209,207,229
3NC0-B,identity_ge95,100.0,1,1XK5-A,438.0,0.564,56.39999999999999,5.35e-157,,,,,204,362,204
2NOB-A,identity_70_lt95,86.2,1,6G3X-A,573.0,0.978,97.8,4.07e-209,,,,,318,325,318
5NKN-A,identity_lt30,22.3,2,5X7Y-A,55.1,0.897,89.7,4.84e-10,,,,,157,174,177
3GPD-R,identity_70_lt95,71.3,4,4K9D-A,473.0,0.9940000000000001,99.4,4.52e-169,,,,,338,334,347
6I3Y-A,identity_50_lt70,60.0,1,5JQL-B,48.1,0.33299999999999996,33.3,4.37e-09,,,,,30,90,86
3VHL-B,identity_30_lt40,39.2,1,5HZH-A,211.0,0.9229999999999999,92.3,1.83e-68,,,,,329,195,332
2N1B-A,identity_ge95,100.0,2,5CLL-A,393.0,0.732,73.2,3.18e-141,,,,,191,261,191
1C0F-A,identity_70_lt95,93.0,2,5NW4-V,704.0,0.995,99.5,3.2e-259,,,,,373,368,396
3OFN-A,identity_70_lt95,84.1,3,5FL7-A,824.0,1.0,100.0,7.3e-302,,,,,510,510,536
5V8F-F,no_retained_hit,,0,,,,,,,,,,,,
6AH3-H,no_retained_hit,,0,,,,,,,,,,,,
2QPT-A,identity_50_lt70,69.0,1,5MVF-A,724.0,0.955,95.5,7.61e-262,,,,,525,550,523
2RKQ-A,identity_40_lt50,43.6,2,2F2L-X,149.0,0.976,97.6,1.62e-46,,,,,165,169,167
1T9B-A,identity_70_lt95,73.1,1,6DEO-A,993.0,1.0,100.0,0.0,,,,,684,677,682
6GIQ-j,identity_40_lt50,46.6,1,1V54-H,92.4,0.843,84.3,1.2e-26,,,,,73,83,85
6F02-A,identity_ge95,100.0,1,6F4U-A,680.0,0.8740000000000001,87.4,5.35e-250,,,,,340,389,341
2UCZ-A,identity_50_lt70,51.9,2,5KNL-C,167.0,0.982,98.2,6.69e-54,,,,,162,165,175
5FWQ-A,identity_30_lt40,39.8,2,2XPY-A,418.0,0.929,92.9,6.11e-139,,,,,613,633,632
3CUK-A,identity_70_lt95,84.7,1,1VE9-A,634.0,1.0,100.0,1.2e-232,,,,,347,347,347
3S27-A,identity_50_lt70,54.7,1,4RBN-A,786.0,0.8859999999999999,88.6,7.93e-278,,,,,726,816,794
5MRC-NN,identity_50_lt70,51.3,2,6HA8-n,45.8,0.33899999999999997,33.9,4.15e-08,,,,,39,115,61
3IAR-A,identity_70_lt95,90.8,2,2BGN-E,667.0,0.978,97.8,5.41e-245,,,,,359,367,363
5A2O-A,identity_lt30,22.3,1,2XUT-A,80.1,0.7809999999999999,78.1,6.18e-16,,,,,476,590,524
1HZH-H,identity_ge95,100.0,2,5K8D-B,473.0,0.495,49.5,9.29e-160,,,,,226,457,865
3RLF-G,identity_30_lt40,32.0,1,4XTC-N,57.0,0.446,44.6,1.71e-09,,,,,150,296,305
3IR6-B,identity_30_lt40,35.3,1,2IVF-B,234.0,0.813,81.3,5.32e-73,,,,,416,512,352
4C8Q-B,identity_30_lt40,33.3,3,2P65-A,50.4,0.8290000000000001,82.9,1.87e-09,,,,,96,105,187
5BK4-5,identity_40_lt50,42.6,2,4FDG-B,328.0,0.581,58.099999999999994,7.11e-102,,,,,451,775,692
5WYJ-E3,identity_30_lt40,37.4,1,6G18-w,261.0,0.872,87.2,1.6e-82,,,,,428,483,437
4X57-A,identity_70_lt95,79.6,1,1Z2U-A,252.0,0.821,82.1,1.76e-87,,,,,147,179,150
2EWN-A,identity_30_lt40,33.1,2,6CK0-A,59.3,0.408,40.8,1.7e-10,,,,,136,321,220
5GAD-l,identity_ge95,100.0,3,6CS8-A,573.0,0.608,60.8,1.79e-206,,,,,302,497,303
5XTD-b,identity_70_lt95,70.3,1,6G72-i,200.0,1.0,100.0,5.9e-68,,,,,128,128,128
1OI2-A,identity_40_lt50,42.8,2,3CT4-A,273.0,0.9670000000000001,96.7,4.14e-90,,,,,355,366,332
3LCC-A,no_retained_hit,,0,,,,,,,,,,,,
2JQ3-A,no_retained_hit,,0,,,,,,,,,,,,
5G05-C,identity_30_lt40,31.9,1,3ZN3-A,128.0,0.446,44.6,2.23e-33,,,,,282,597,291
5GW6-A,identity_50_lt70,50.5,2,5ABX-A,219.0,0.9440000000000001,94.4,2.22e-73,,,,,188,196,190
5YLZ-V,no_retained_hit,,0,,,,,,,,,,,,
1FLJ-A,identity_50_lt70,59.4,2,3D0N-A,328.0,0.981,98.1,2.12e-114,,,,,256,260,264
3KCC-A,identity_40_lt50,44.9,1,3IWZ-A,201.0,0.769,76.9,5.29e-65,,,,,205,260,230
5XM5-A,identity_ge95,100.0,1,1S7D-A,406.0,1.0,100.0,3.32e-147,,,,,193,193,216
6F44-C,identity_lt30,28.0,2,5X4Z-C,90.5,0.857,85.7,7.03e-21,,,,,296,335,304
3J7Y-E,identity_ge95,100.0,2,2FTC-C,440.0,0.606,60.6,4.95e-158,,,,,211,348,211
4OY4-A,identity_70_lt95,87.1,6,3EK4-A,173.0,0.354,35.4,1.58e-49,,,,,147,415,451
4QPN-A,no_retained_hit,,0,,,,,,,,,,,,
6BL1-B,identity_50_lt70,68.0,1,3US8-A,566.0,0.965,96.5,5.97e-203,,,,,410,425,427
4WQ5-A,identity_40_lt50,43.0,1,6N9A-D,255.0,0.953,95.3,1.53e-83,,,,,328,343,330
1TRI-A,identity_70_lt95,93.5,2,2Y70-A,440.0,1.0,100.0,2.77e-159,,,,,245,243,245
1XMB-A,identity_lt30,27.2,1,3IO1-A,108.0,0.821,82.1,3.61e-26,,,,,357,418,445
3BHI-A,identity_70_lt95,84.4,1,1N5D-A,466.0,1.0,100.0,4.32e-168,,,,,276,276,288
1HCE-A,no_retained_hit,,0,,,,,,,,,,,,
1AHH-A,identity_30_lt40,32.9,1,3OML-A,91.3,0.78,78.0,4.55e-21,,,,,216,255,613
1Q7C-A,identity_70_lt95,86.5,5,5CDY-A,394.0,1.0,100.0,7.59e-141,,,,,244,244,244
3H1I-C,identity_70_lt95,74.8,3,5GUP-w,598.0,0.992,99.2,3.02e-217,,,,,377,380,379
4V8I-AY,identity_50_lt70,64.4,1,1IMU-A,133.0,0.8740000000000001,87.4,6.81e-42,,,,,104,119,107
5G3N-A,identity_40_lt50,48.4,2,3G8G-A,126.0,0.976,97.6,5.58e-39,,,,,124,127,122
2BSK-B,no_retained_hit,,0,,,,,,,,,,,,
5W65-O,no_retained_hit,,0,,,,,,,,,,,,
5TSU-A,identity_50_lt70,54.1,9,4IYO-A,375.0,0.8909999999999999,89.1,3.26e-128,,,,,379,422,397
5MRF-JJ,identity_30_lt40,39.5,1,4DV3-J,67.0,0.435,43.5,4.73e-15,,,,,81,186,105
5TBY-C,identity_ge95,95.6,1,6FSA-D,306.0,0.81,81.0,1.19e-107,,,,,158,195,199
1XWN-A,identity_50_lt70,67.3,8,3JB9-d,225.0,0.862,86.2,7.82e-77,,,,,150,174,155
3J77-S0,identity_ge95,100.0,3,5M1J-A2,417.0,0.821,82.1,2e-150,,,,,207,252,207
2A30-A,identity_40_lt50,49.8,1,2OCP-A,248.0,0.903,90.3,2.39e-83,,,,,239,248,241
5MRF-6,identity_30_lt40,30.4,2,5OOL-e,57.8,0.484,48.4,7.07e-10,,,,,148,281,279
6IYB-A,identity_70_lt95,78.2,2,5LDD-C,291.0,0.955,95.5,1.12e-101,,,,,193,199,207
4PZG-A,identity_50_lt70,55.0,1,4IKD-A,180.0,0.7659999999999999,76.6,3e-58,,,,,160,209,172
5AJO-A,no_retained_hit,,0,,,,,,,,,,,,
2W94-A,no_retained_hit,,0,,,,,,,,,,,,
4MYG-A,identity_40_lt50,45.1,2,5Z33-A,274.0,0.8740000000000001,87.4,3.02e-89,,,,,335,372,425
5FA5-A,identity_lt30,24.7,4,5JMQ-A,51.6,0.395,39.5,6.03e-07,,,,,283,650,446
5VDF-A,no_retained_hit,,0,,,,,,,,,,,,
1NL3-A,identity_50_lt70,55.0,4,5K9T-A,589.0,0.627,62.7,2.89e-202,,,,,596,922,578
1X7Z-A,identity_30_lt40,32.1,1,3DVA-A,185.0,0.9329999999999999,93.3,5.06e-55,,,,,374,400,369
5HS9-A,identity_30_lt40,38.7,1,4MH2-A,74.3,0.845,84.5,1.47e-18,,,,,93,110,220
6FYX-o,no_retained_hit,,0,,,,,,,,,,,,
3J4Q-A,no_retained_hit,,0,,,,,,,,,,,,
3TIO-A,identity_40_lt50,40.5,1,4MFG-A,107.0,0.9129999999999999,91.3,5.19e-30,,,,,168,183,168
1OJ6-A,identity_70_lt95,92.7,1,6H6I-A,268.0,1.0,100.0,4.76e-94,,,,,151,151,151
1P0H-A,no_retained_hit,,0,,,,,,,,,,,,
2FWM-X,identity_30_lt40,33.1,2,2PNF-A,107.0,0.972,97.2,1.77e-28,,,,,254,250,248
5R1R-A,identity_lt30,27.8,1,5IM3-A,227.0,0.855,85.5,5.16e-63,,,,,676,761,963
6IP5-2F,identity_50_lt70,57.9,4,4V7E-CL,205.0,0.953,95.3,1.43e-67,,,,,202,211,208
6FAF-A,identity_50_lt70,59.8,3,3D0N-A,333.0,1.0,100.0,3.31e-116,,,,,261,261,264
3RYT-C,identity_70_lt95,89.8,2,1RYH-A,350.0,0.983,98.3,2.23e-125,,,,,196,180,203
5A4K-A,identity_70_lt95,86.3,1,1DXQ-A,486.0,0.922,92.2,6.15e-176,,,,,271,294,273
4TSM-A,identity_ge95,100.0,2,5W0U-B,740.0,0.713,71.3,2.56e-268,,,,,371,520,549
3B54-A,identity_50_lt70,68.2,4,6AGY-A,213.0,0.919,91.9,4.27e-72,,,,,148,161,161
1TT5-A,no_retained_hit,,0,,,,,,,,,,,,
3II4-A,identity_30_lt40,38.1,6,2YQU-A,285.0,0.9640000000000001,96.4,6.65e-92,,,,,451,466,455
1VAI-A,identity_50_lt70,56.5,2,2NUL-A,171.0,0.9520000000000001,95.2,3.01e-55,,,,,161,166,164
4JDL-A,identity_50_lt70,54.8,3,3NJ0-A,174.0,0.682,68.2,1.77e-55,,,,,157,223,193
1UQT-A,identity_50_lt70,53.1,2,5HXA-A,502.0,0.971,97.1,5.7e-176,,,,,469,482,483
6ISU-A,identity_30_lt40,36.3,2,1CMX-A,114.0,0.804,80.4,3.4e-31,,,,,193,230,235
1J6Y-A,identity_50_lt70,51.3,3,4TNS-A,133.0,0.993,99.3,3.85e-41,,,,,154,139,151
6BD1-A,identity_50_lt70,64.7,3,5LHO-A,293.0,0.9590000000000001,95.9,5.55e-101,,,,,241,245,253
5FQD-C,identity_70_lt95,77.5,2,4TN6-A,448.0,0.8059999999999999,80.6,1.62e-159,,,,,275,341,318
2I3C-A,identity_40_lt50,43.0,1,3NH5-A,277.0,0.9590000000000001,95.9,1.34e-92,,,,,302,315,327
1ZBD-A,identity_ge95,99.4,7,3RAB-A,339.0,0.828,82.8,3.18e-121,,,,,168,203,169
3L8F-A,identity_30_lt40,37.7,1,2O2X-A,95.5,0.85,85.0,8.16e-25,,,,,159,187,218
5NWY-d,identity_50_lt70,62.7,2,5MYJ-BT,139.0,1.0,100.0,4.92e-44,,,,,118,118,119
4PQK-A,identity_ge95,98.9,1,4OZQ-A,737.0,0.7559999999999999,75.6,5.15e-265,,,,,368,487,720
6B9X-A,identity_ge95,99.2,1,5X6U-E,224.0,0.745,74.5,4.67e-77,,,,,120,161,123
2V4Y-A,identity_70_lt95,76.8,1,2A1F-A,365.0,0.983,98.3,9.81e-130,,,,,237,241,247
4OWW-B,no_retained_hit,,0,,,,,,,,,,,,
3OT7-A,identity_50_lt70,68.2,3,2CE4-A,298.0,1.0,100.0,8.38e-104,,,,,211,205,231
6G79-S,identity_70_lt95,77.0,2,5V54-A,548.0,0.973,97.3,1.76e-197,,,,,396,364,395
4KBL-A,identity_ge95,100.0,1,5UDH-A,988.0,0.828,82.8,0.0,,,,,463,559,470
2GDZ-A,identity_30_lt40,36.5,3,5ILO-A,134.0,0.903,90.3,4.78e-38,,,,,244,267,271
2G5W-A,identity_70_lt95,74.9,1,2HS8-A,600.0,0.985,98.5,2.66e-217,,,,,391,391,402
3GCO-A,identity_ge95,99.5,2,2R3U-A,407.0,0.618,61.8,4.5e-145,,,,,210,340,211
6CWZ-C,identity_lt30,28.2,1,4P22-A,116.0,0.9390000000000001,93.9,2.87e-29,,,,,387,346,446
1PIY-A,identity_lt30,26.0,10,2BQ1-I,70.9,0.7490000000000001,74.9,8.07e-14,,,,,285,375,319
4H2B-A,identity_50_lt70,68.7,1,5H7W-A,748.0,0.956,95.6,2.23e-271,,,,,524,547,529
1F9P-A,identity_ge95,98.6,1,1NAP-A,142.0,0.8240000000000001,82.4,1.29e-46,,,,,70,85,70
4CHL-A,no_retained_hit,,0,,,,,,,,,,,,
2AKY-A,identity_40_lt50,45.7,1,4NP6-A,197.0,0.982,98.2,5.66e-64,,,,,221,220,217
1GIO-A,identity_50_lt70,67.2,2,3ZBV-A,174.0,0.976,97.6,4.76e-58,,,,,122,125,121
2AF9-A,identity_70_lt95,75.5,1,2AGC-A,269.0,0.97,97.0,4.09e-94,,,,,159,164,162
6F7H-A,identity_30_lt40,35.0,2,3C02-A,139.0,0.7909999999999999,79.1,1.06e-39,,,,,243,301,258
5TCX-A,identity_70_lt95,94.4,1,3X0G-A,170.0,0.366,36.6,7.63e-55,,,,,90,246,93
5EXR-B,identity_ge95,100.0,2,4BPU-B,487.0,0.49700000000000005,49.7,3.44e-173,,,,,253,509,253
3L6C-A,identity_40_lt50,45.6,2,5CVC-A,284.0,0.938,93.8,1.09e-94,,,,,320,339,346
2FVV-A,identity_50_lt70,53.3,6,4DN7-A,44.7,0.309,30.9,8.17e-06,,,,,60,194,429
1F0X-A,no_retained_hit,,0,,,,,,,,,,,,
3R0Q-C,identity_30_lt40,36.6,1,3B3J-A,177.0,0.862,86.2,3.72e-51,,,,,328,376,480
1JQI-A,identity_30_lt40,38.4,1,2Z1Q-A,244.0,0.982,98.2,7.49e-76,,,,,398,388,577
4LIM-A,identity_lt30,26.8,1,1G71-A,50.1,0.39899999999999997,39.9,6.7e-07,,,,,157,391,347
1V77-A,identity_50_lt70,55.8,1,3WZ0-E,231.0,0.953,95.3,1.06e-77,,,,,208,212,220
2BZW-A,identity_70_lt95,79.4,2,3ZK6-A,318.0,0.991,99.1,1.6e-112,,,,,209,211,181
6O7U-o,no_retained_hit,,0,,,,,,,,,,,,
5LJ5-s,no_retained_hit,,0,,,,,,,,,,,,
6MZC-R,identity_ge95,96.0,1,1H3O-B,142.0,0.466,46.6,2.91e-45,,,,,75,161,76
3D84-X,identity_40_lt50,41.4,2,3EEM-A,101.0,0.785,78.5,5.88e-27,,,,,152,186,227
5SVD-A,no_retained_hit,,0,,,,,,,,,,,,
5C52-B,identity_ge95,99.8,3,3IKM-B,875.0,0.88,88.0,0.0,,,,,427,485,427
2WVR-C,no_retained_hit,,0,,,,,,,,,,,,
3EDY-A,identity_30_lt40,30.8,1,1T1E-A,135.0,0.743,74.3,3.18e-34,,,,,429,544,552
5KK2-E,no_retained_hit,,0,,,,,,,,,,,,
4DBL-C,identity_lt30,28.1,3,1VPL-A,63.2,0.8109999999999999,81.1,5.57e-12,,,,,210,249,256
1NZO-A,identity_50_lt70,59.1,3,5TR7-A,407.0,0.95,95.0,7.56e-143,,,,,345,363,341
2R55-A,identity_30_lt40,33.8,2,2MOU-A,143.0,0.87,87.0,8.06e-43,,,,,201,231,220
4Z1V-A,identity_lt30,24.6,1,3AL6-A,72.4,0.7440000000000001,74.4,2.35e-14,,,,,276,352,338
1S7T-A,identity_ge95,99.3,4,5OQI-A,577.0,0.79,79.0,1.89e-208,,,,,275,348,431
1K9A-A,identity_ge95,97.8,1,1BYG-A,550.0,0.618,61.8,1.63e-198,,,,,278,450,278
3ZJC-A,identity_40_lt50,44.2,2,3V70-A,177.0,0.6459999999999999,64.6,1.14e-54,,,,,199,305,247
4Q1A-A,identity_50_lt70,50.0,1,2OCP-A,251.0,0.8540000000000001,85.4,4.65e-84,,,,,242,280,241
5WLC-SH,identity_70_lt95,80.8,1,3PQV-A,600.0,0.995,99.5,1.32e-218,,,,,365,367,365
1OGP-A,identity_40_lt50,48.6,2,1SOX-A,348.0,0.9540000000000001,95.4,2.01e-117,,,,,381,393,466
4ZKB-B,identity_50_lt70,60.7,1,2HCC-A,72.4,0.747,74.7,4.4e-19,,,,,56,75,66
2P31-A,identity_50_lt70,60.8,2,3CYN-A,223.0,1.0,100.0,2.58e-75,,,,,181,181,189
5V2J-A,identity_40_lt50,40.0,2,6BK2-A,314.0,0.98,98.0,4.69e-103,,,,,457,449,467
2A5E-A,identity_70_lt95,89.2,1,1D9S-A,209.0,0.769,76.9,3.62e-71,,,,,120,156,136
6ELZ-q,identity_30_lt40,35.6,2,5ZVG-B,137.0,0.364,36.4,9.82e-36,,,,,225,618,384
1K5G-B,identity_50_lt70,58.3,1,5DHA-B,147.0,0.657,65.7,6.82e-46,,,,,132,201,143
5NIL-D,identity_30_lt40,33.3,1,4DK0-A,178.0,0.9,90.0,7.39e-53,,,,,354,371,369
2R3V-A,identity_lt30,29.9,1,4HAC-B,107.0,0.8690000000000001,86.9,2.54e-26,,,,,345,396,321
4XB6-B,no_retained_hit,,0,,,,,,,,,,,,
2F7K-A,identity_70_lt95,86.9,1,1YGJ-A,553.0,0.9540000000000001,95.4,1.46e-201,,,,,312,327,312
1ITU-A,identity_40_lt50,41.1,2,3ID7-A,285.0,0.9670000000000001,96.7,1.14e-93,,,,,397,369,400
2CF5-A,identity_40_lt50,43.4,1,1UUF-A,277.0,0.9440000000000001,94.4,3.02e-91,,,,,341,357,369
6G90-D,identity_lt30,26.0,1,6G70-A,98.6,0.375,37.5,1.4e-21,,,,,296,629,670
4MFV-A,no_retained_hit,,0,,,,,,,,,,,,
6F42-P,no_retained_hit,,0,,,,,,,,,,,,
5G04-R,identity_ge95,100.0,1,4GGA-A,852.0,0.84,84.0,9.18e-315,,,,,419,499,420
1QPG-A,identity_50_lt70,61.6,2,1HDI-A,482.0,0.986,98.6,2.3e-170,,,,,411,415,413
6CES-N,no_retained_hit,,0,,,,,,,,,,,,
1XC6-A,identity_30_lt40,31.5,1,6EON-A,133.0,0.35,35.0,4.65e-32,,,,,349,971,779
3QUM-P,identity_50_lt70,58.5,1,1GVZ-A,290.0,0.996,99.6,3.91e-100,,,,,236,237,237
3J6B-9,identity_ge95,99.5,1,5MRC-9,430.0,0.85,85.0,1.82e-155,,,,,215,253,215
3N59-A,identity_50_lt70,52.9,5,2UYG-A,141.0,0.8079999999999999,80.8,1.12e-43,,,,,140,172,149
1LYL-A,identity_70_lt95,88.7,2,1BBU-A,894.0,1.0,100.0,0.0,,,,,504,504,504
4A0K-B,identity_ge95,100.0,1,1LDK-C,206.0,0.769,76.9,4.07e-71,,,,,90,117,90
4HT6-A,identity_50_lt70,50.0,1,3RJS-A,96.3,0.845,84.5,6.98e-28,,,,,82,97,89
1W07-A,identity_70_lt95,80.0,2,2FON-A,1092.0,1.0,100.0,0.0,,,,,659,659,683
5FWG-A,identity_70_lt95,77.6,1,2DC5-A,360.0,0.986,98.6,2.05e-128,,,,,214,217,231
3CRK-A,no_retained_hit,,0,,,,,,,,,,,,
3S4O-A,identity_40_lt50,49.3,1,3RZ2-A,135.0,0.85,85.0,4e-41,,,,,142,167,189
4WXA-D,no_retained_hit,,0,,,,,,,,,,,,
3BF0-A,identity_30_lt40,37.1,1,3RST-A,125.0,0.34700000000000003,34.7,7.93e-33,,,,,213,593,240
1NYT-A,identity_50_lt70,50.4,2,3PGJ-A,265.0,1.0,100.0,8.63e-89,,,,,272,271,302
2I0Q-B,identity_ge95,100.0,1,1OTC-B,498.0,0.675,67.5,2.51e-179,,,,,260,385,260
5N9J-Z,no_retained_hit,,0,,,,,,,,,,,,
5FGE-J,identity_30_lt40,37.0,1,5FMG-K,113.0,0.8640000000000001,86.4,9.64e-32,,,,,173,198,195
2MJW-B,identity_50_lt70,53.4,4,5HYD-A,93.6,0.9359999999999999,93.6,9.55e-27,,,,,88,94,99
5GXT-A,identity_ge95,100.0,3,5WVM-A,758.0,0.799,79.9,5.48e-277,,,,,374,468,509
6GSA-C,identity_70_lt95,80.3,2,5AN3-D,216.0,0.797,79.7,3.83e-73,,,,,157,197,131
5UJM-E,identity_ge95,100.0,1,5UJ7-E,578.0,0.653,65.3,6.29e-210,,,,,284,435,284
3WA9-C,identity_ge95,98.0,2,4NFT-A,189.0,0.779,77.9,1.15e-62,,,,,102,131,209
4V6W-Cb,identity_50_lt70,53.4,1,3J79-4,62.8,0.763,76.3,3e-15,,,,,58,76,67
6A66-A,identity_lt30,26.4,1,1QMJ-A,42.0,0.838,83.8,8.84e-06,,,,,125,142,132
5NTB-A,no_retained_hit,,0,,,,,,,,,,,,
6G72-S,identity_70_lt95,85.9,2,1S3A-A,169.0,1.0,100.0,8.78e-57,,,,,99,99,102
2AL7-A,identity_30_lt40,33.1,2,3LRP-A,122.0,0.8759999999999999,87.6,8.08e-36,,,,,163,186,181
4DYO-A,identity_70_lt95,92.1,1,3VAT-A,870.0,0.961,96.1,0.0,,,,,466,485,496
1TLB-A,identity_ge95,100.0,1,1TK1-A,548.0,0.7979999999999999,79.8,1.97e-200,,,,,260,326,260
4KJD-A,identity_70_lt95,76.5,2,3MK1-A,759.0,0.9840000000000001,98.4,3.35e-277,,,,,480,488,484
2LJL-A,no_retained_hit,,0,,,,,,,,,,,,
6R5K-D,no_retained_hit,,0,,,,,,,,,,,,
4V8Y-A5,identity_ge95,100.0,8,3L10-B,150.0,0.507,50.7,2.29e-47,,,,,77,152,169
3GDT-A,identity_50_lt70,51.2,1,3BVJ-A,238.0,0.9329999999999999,93.3,5.5e-78,,,,,250,267,312
1HE4-A,no_retained_hit,,0,,,,,,,,,,,,
1R26-A,identity_lt30,27.4,1,5E37-A,47.0,0.792,79.2,2.81e-07,,,,,106,125,356
5ZWN-Y,no_retained_hit,,0,,,,,,,,,,,,
4BWR-A,no_retained_hit,,0,,,,,,,,,,,,
2ALR-A,identity_70_lt95,93.5,1,1HQT-A,631.0,1.0,100.0,5.1e-232,,,,,324,324,326
3HKS-A,identity_50_lt70,56.2,2,5HY6-A,176.0,0.8740000000000001,87.4,2.92e-57,,,,,146,167,160
4AU8-A,identity_50_lt70,60.3,2,1V0B-A,352.0,0.97,97.0,7.23e-123,,,,,287,296,288
5XWM-A,no_retained_hit,,0,,,,,,,,,,,,
6GEJ-R,identity_lt30,22.0,3,4CBX-A,80.9,0.9570000000000001,95.7,8.77e-17,,,,,432,438,378
5OQJ-2,identity_70_lt95,72.7,1,5OQM-2,476.0,1.0,100.0,4.02e-165,,,,,553,462,553
4J15-A,identity_40_lt50,48.9,2,6OD8-A,428.0,0.9520000000000001,95.2,1.97e-145,,,,,536,521,558
5HFU-A,identity_50_lt70,65.2,2,3HM8-A,584.0,0.483,48.3,2.49e-202,,,,,446,923,445
5A2Q-T,identity_50_lt70,52.2,3,3J80-T,132.0,0.925,92.5,8.14e-41,,,,,136,146,144
4R3Z-C,identity_40_lt50,46.9,1,5BNZ-A,452.0,0.6559999999999999,65.6,5.53e-151,,,,,548,799,564
5B7A-A,identity_ge95,100.0,1,5ELJ-B,161.0,0.721,72.1,1.28e-53,,,,,80,111,83
2Q4G-W,identity_70_lt95,77.4,3,2BNH-A,712.0,0.987,98.7,1.59e-259,,,,,455,461,457
2VB3-X,no_retained_hit,,0,,,,,,,,,,,,
2P8Y-T,identity_50_lt70,67.0,1,4V6W-Az,1140.0,1.0,100.0,0.0,,,,,848,842,844
4OE4-A,identity_40_lt50,45.5,4,4IDS-A,446.0,0.934,93.4,2.02e-151,,,,,545,580,563
6B2E-B,identity_ge95,100.0,2,4RER-B,403.0,0.7240000000000001,72.4,9.41e-145,,,,,197,272,197
5Y1U-A,identity_50_lt70,51.1,1,5WJC-A,319.0,0.868,86.8,1.52e-105,,,,,403,456,430
1SIW-C,no_retained_hit,,0,,,,,,,,,,,,
6O85-A,no_retained_hit,,0,,,,,,,,,,,,
4V6W-CJ,identity_70_lt95,85.0,4,3J7P-J,298.0,0.9079999999999999,90.8,4.13e-105,,,,,167,184,178
4V94-A,identity_50_lt70,63.0,4,4B2T-A,647.0,0.968,96.8,1.19e-230,,,,,541,559,556
1KV5-A,identity_70_lt95,87.7,3,2Y70-A,414.0,1.0,100.0,8.43e-149,,,,,252,250,245
2K04-A,identity_ge95,95.6,1,6EHZ-A,141.0,0.971,97.1,4.5e-46,,,,,68,70,98
3WTP-E,identity_ge95,95.9,3,6FTX-E,178.0,0.693,69.3,1.82e-59,,,,,97,140,110
5O9Z-M,identity_50_lt70,55.9,3,4E1Q-A,197.0,0.9490000000000001,94.9,5.96e-65,,,,,170,177,207
2G3T-A,identity_40_lt50,46.6,1,2Q4V-A,159.0,0.9109999999999999,91.1,1.46e-50,,,,,163,179,170
2KNJ-A,no_retained_hit,,0,,,,,,,,,,,,
6ID0-O,identity_30_lt40,32.5,1,3JB9-a,188.0,0.7,70.0,2.75e-56,,,,,295,420,354
5GW4-d,identity_50_lt70,59.4,1,4B2T-D,603.0,0.985,98.5,2.26e-214,,,,,522,528,542
3ZXF-A,identity_30_lt40,32.0,1,1QMJ-A,77.4,0.877,87.7,2.4e-19,,,,,125,138,132
1CT9-A,identity_lt30,26.7,1,1Q19-A,80.1,0.409,40.9,5.06e-16,,,,,232,553,503
4PVC-A,identity_50_lt70,62.2,3,5B6K-A,412.0,0.988,98.8,1.75e-144,,,,,341,342,366
5CSF-A,identity_40_lt50,47.3,1,4CFQ-A,82.8,0.9470000000000001,94.7,1.43e-22,,,,,91,95,91
6MDN-H,identity_ge95,100.0,4,1SFC-D,164.0,0.41100000000000003,41.1,6.41e-53,,,,,85,207,87
6G90-B,identity_40_lt50,40.9,1,4PKD-B,92.4,0.433,43.3,5.44e-22,,,,,132,300,279
5U0P-3,identity_40_lt50,46.2,2,3FBN-B,62.4,0.46,46.0,1.53e-13,,,,,65,139,130
6JB6-A,identity_40_lt50,46.1,1,2PWQ-A,172.0,0.941,94.1,1.08e-54,,,,,193,205,216
5UYZ-A,identity_40_lt50,41.3,9,3RUW-A,376.0,0.945,94.5,6.62e-125,,,,,511,541,543
4C69-X,no_retained_hit,,0,,,,,,,,,,,,
6QI9-D,identity_70_lt95,77.9,2,2XSZ-D,630.0,0.998,99.8,1.7e-228,,,,,462,463,378
5A31-O,no_retained_hit,,0,,,,,,,,,,,,
1UMK-A,identity_70_lt95,92.6,1,3W2G-A,540.0,0.985,98.5,1.23e-197,,,,,271,275,271
5XJC-x,no_retained_hit,,0,,,,,,,,,,,,
3RAP-R,identity_40_lt50,49.7,1,2FN4-A,155.0,0.9520000000000001,95.2,4.33e-49,,,,,159,167,181
1IFC-A,identity_70_lt95,87.8,1,1A57-A,223.0,0.992,99.2,2.35e-77,,,,,131,132,116
3HF4-B,identity_70_lt95,84.9,4,5KER-D,263.0,1.0,100.0,1.56e-92,,,,,146,146,146
2E3D-A,identity_70_lt95,89.4,1,4D48-A,544.0,1.0,100.0,2.41e-198,,,,,302,302,302
4N0A-C,identity_30_lt40,30.7,3,6ASO-D,42.7,0.606,60.6,1.09e-06,,,,,75,109,93
6G90-C,no_retained_hit,,0,,,,,,,,,,,,
1EII-A,identity_50_lt70,52.8,1,1GGL-A,143.0,0.948,94.8,3.06e-45,,,,,127,134,134
4RQ2-A,identity_70_lt95,94.7,1,3K75-D,481.0,0.7170000000000001,71.7,1.87e-173,,,,,246,343,252
5GXU-A,identity_30_lt40,36.9,3,3FJO-A,388.0,0.9590000000000001,95.9,5.49e-127,,,,,623,640,637
5VFP-F,identity_ge95,100.0,3,6EPD-M,764.0,1.0,100.0,9.39e-282,,,,,396,396,442
5E1J-A,identity_lt30,22.1,1,5EK0-A,49.3,0.335,33.5,2.45e-06,,,,,253,741,296
1QZU-A,identity_lt30,28.0,2,5T5H-l,60.5,0.7040000000000001,70.4,2.09e-11,,,,,150,206,136
1PSW-A,identity_lt30,23.4,1,2H1F-A,53.9,0.98,98.0,2.91e-08,,,,,355,348,334
3CKC-A,no_retained_hit,,0,,,,,,,,,,,,
2EL9-A,identity_50_lt70,57.0,2,5E3I-A,448.0,0.9470000000000001,94.7,2.19e-156,,,,,419,431,438
6C0F-K,no_retained_hit,,0,,,,,,,,,,,,
5XJC-R,identity_ge95,100.0,1,6QDV-K,560.0,0.55,55.00000000000001,5.81e-201,,,,,295,536,295
3N0T-A,no_retained_hit,,0,,,,,,,,,,,,
